weather_hour,temperature_c,wind_speed_kmh,visibility_km,precipitation_mm,is_precipitation,is_low_visibility,is_windy,is_cold
2023-01-01 00:00:00,10.0,301.5,2.95,1.5,True,True,True,False
2023-01-01 01:00:00,11.7,269.76,5.1,2.0,True,False,True,False
2023-01-01 02:00:00,12.1,359.64,4.02,7.1,True,True,True,False
2023-01-01 03:00:00,12.6,87.6,6.44,2.3,True,False,True,False
2023-01-01 04:00:00,12.2,304.27,,7.4,True,False,True,False
2023-01-01 05:00:00,12.02,290.43,6.34,5.6,True,False,True,False
2023-01-01 06:00:00,11.7,82.8,,0.0,False,False,True,False
2023-01-01 07:00:00,11.1,86.4,,0.0,False,False,True,False
2023-01-01 08:00:00,11.7,93.6,,0.0,False,False,True,False
2023-01-01 09:00:00,11.1,359.64,,0.0,False,False,True,False
2023-01-01 10:00:00,10.6,359.64,,0.0,False,False,True,False
2023-01-01 11:00:00,10.6,359.64,,7.1,True,False,True,False
2023-01-01 12:00:00,10.0,359.64,,0.0,False,False,True,False
2023-01-01 13:00:00,10.0,108.0,,0.0,False,False,True,False
2023-01-01 14:00:00,11.1,359.64,,0.0,False,False,True,False
2023-01-01 15:00:00,11.7,359.64,,0.0,False,False,True,False
2023-01-01 16:00:00,11.1,104.4,,0.0,False,False,True,False
2023-01-01 17:00:00,11.7,100.8,,0.0,False,False,True,False
2023-01-01 18:00:00,12.2,100.8,,0.0,False,False,True,False
2023-01-01 19:00:00,11.7,104.4,,0.0,False,False,True,False
2023-01-01 20:00:00,11.7,108.0,,0.0,False,False,True,False
2023-01-01 21:00:00,11.7,104.4,,0.0,False,False,True,False
2023-01-01 22:00:00,10.6,359.64,,0.0,False,False,True,False
2023-01-01 23:00:00,10.0,97.2,,0.0,False,False,True,False
2023-01-02 00:00:00,10.6,90.0,,0.0,False,False,True,False
2023-01-02 01:00:00,10.6,359.64,,0.0,False,False,True,False
2023-01-02 02:00:00,10.6,359.64,,0.0,False,False,True,False
2023-01-02 03:00:00,10.6,359.64,,0.0,False,False,True,False
2023-01-02 04:00:00,10.0,359.64,,0.0,False,False,True,False
2023-01-02 05:00:00,10.0,359.64,,0.0,False,False,True,False
2023-01-02 06:00:00,10.6,359.64,,0.0,False,False,True,False
2023-01-02 07:00:00,10.0,359.64,,0.0,False,False,True,False
2023-01-02 08:00:00,10.0,359.64,,0.0,False,False,True,False
2023-01-02 09:00:00,10.0,90.0,,0.0,False,False,True,False
2023-01-02 10:00:00,10.0,359.64,,0.0,False,False,True,False
2023-01-02 11:00:00,10.0,93.6,,0.0,False,False,True,False
2023-01-02 12:00:00,9.4,90.0,,0.0,False,False,True,False
2023-01-02 13:00:00,10.0,359.64,,0.0,False,False,True,False
2023-01-02 14:00:00,10.0,359.64,,0.0,False,False,True,False
2023-01-02 15:00:00,10.6,93.6,,0.0,False,False,True,False
2023-01-02 16:00:00,11.7,359.64,,0.0,False,False,True,False
2023-01-02 17:00:00,12.8,97.2,,0.0,False,False,True,False
2023-01-02 18:00:00,13.3,359.64,,0.0,False,False,True,False
2023-01-02 19:00:00,13.3,90.0,,0.0,False,False,True,False
2023-01-02 20:00:00,13.3,93.6,,0.0,False,False,True,False
2023-01-02 21:00:00,12.8,86.4,,0.0,False,False,True,False
2023-01-02 22:00:00,12.8,86.4,,0.0,False,False,True,False
2023-01-02 23:00:00,13.3,359.64,,0.0,False,False,True,False
2023-01-03 00:00:00,12.8,359.64,,0.0,False,False,True,False
2023-01-03 01:00:00,12.5,223.02,,0.0,False,False,True,False
2023-01-03 02:00:00,11.7,359.64,,0.8,True,False,True,False
2023-01-03 03:00:00,11.1,359.64,,0.3,True,False,True,False
2023-01-03 04:00:00,11.1,359.64,,0.5,True,False,True,False
2023-01-03 05:00:00,11.7,359.64,,0.5,True,False,True,False
2023-01-03 06:00:00,11.1,43.2,,0.0,False,False,True,False
2023-01-03 07:00:00,10.6,359.64,,0.0,False,False,True,False
2023-01-03 08:00:00,10.0,359.64,,0.0,False,False,True,False
2023-01-03 09:00:00,9.0,43.2,,0.0,False,False,True,False
2023-01-03 10:00:00,9.4,28.8,,0.0,False,False,True,False
2023-01-03 11:00:00,9.15,192.42,7.24,2.3,True,False,True,False
2023-01-03 12:00:00,8.4,134.28,4.29,0.0,False,True,True,False
2023-01-03 13:00:00,9.07,25.2,4.56,0.0,False,True,True,False
2023-01-03 14:00:00,10.0,359.64,4.83,0.3,True,True,True,False
2023-01-03 15:00:00,9.62,241.92,2.31,2.8,True,True,True,False
2023-01-03 16:00:00,9.1,281.76,0.8,7.8,True,True,True,False
2023-01-03 17:00:00,9.85,359.64,2.82,15.6,True,True,True,False
2023-01-03 18:00:00,10.82,291.33,4.22,0.5,True,True,True,False
2023-01-03 19:00:00,12.2,79.2,8.05,0.3,True,False,True,False
2023-01-03 20:00:00,12.8,359.64,6.44,0.5,True,False,True,False
2023-01-03 21:00:00,13.15,219.42,9.66,0.0,False,False,True,False
2023-01-03 22:00:00,13.6,223.02,9.66,0.0,False,False,True,False
2023-01-03 23:00:00,13.3,359.64,8.85,0.5,True,False,True,False
2023-01-04 00:00:00,13.6,95.4,8.85,0.0,False,False,True,False
2023-01-04 01:00:00,13.9,359.64,9.66,0.0,False,False,True,False
2023-01-04 02:00:00,12.2,14.4,8.05,0.0,False,False,False,False
2023-01-04 03:00:00,12.8,359.64,8.05,0.0,False,False,True,False
2023-01-04 04:00:00,13.9,359.64,,10.7,True,False,True,False
2023-01-04 05:00:00,13.87,359.64,,0.0,False,False,True,False
2023-01-04 06:00:00,15.0,359.64,,0.0,False,False,True,False
2023-01-04 07:00:00,14.7,359.64,,0.0,False,False,True,False
2023-01-04 08:00:00,14.55,88.2,,0.0,False,False,True,False
2023-01-04 09:00:00,14.4,86.4,,0.0,False,False,True,False
2023-01-04 10:00:00,13.9,86.4,,0.0,False,False,True,False
2023-01-04 11:00:00,14.4,359.64,,10.2,True,False,True,False
2023-01-04 12:00:00,13.3,359.64,9.66,0.0,False,False,True,False
2023-01-04 13:00:00,15.0,82.8,,0.0,False,False,True,False
2023-01-04 14:00:00,16.1,359.64,,0.0,False,False,True,False
2023-01-04 15:00:00,16.7,97.2,,0.0,False,False,True,False
2023-01-04 16:00:00,17.2,359.64,,0.0,False,False,True,False
2023-01-04 17:00:00,18.9,79.2,,0.0,False,False,True,False
2023-01-04 18:00:00,18.3,61.2,,0.0,False,False,True,False
2023-01-04 19:00:00,18.3,359.64,,0.0,False,False,True,False
2023-01-04 20:00:00,17.2,57.6,,0.0,False,False,True,False
2023-01-04 21:00:00,15.6,359.64,9.66,0.3,True,False,True,False
2023-01-04 22:00:00,14.4,21.6,,0.0,False,False,False,False
2023-01-04 23:00:00,13.9,359.64,,0.3,True,False,True,False
2023-01-05 00:00:00,13.3,28.8,,0.3,True,False,True,False
2023-01-05 01:00:00,12.2,21.6,9.66,0.0,False,False,False,False
2023-01-05 02:00:00,11.5,133.08,7.51,0.3,True,False,True,False
2023-01-05 03:00:00,10.0,14.4,6.44,0.0,False,False,False,False
2023-01-05 04:00:00,9.45,85.61,3.52,0.5,True,True,True,False
2023-01-05 05:00:00,8.9,21.6,5.63,0.3,True,False,False,False
2023-01-05 06:00:00,8.9,12.6,8.05,0.3,True,False,False,False
2023-01-05 07:00:00,8.9,187.02,6.44,0.0,False,False,True,False
2023-01-05 08:00:00,8.9,359.64,,0.3,True,False,True,False
2023-01-05 09:00:00,9.4,359.64,,0.0,False,False,True,False
2023-01-05 10:00:00,9.1,16.8,2.68,0.0,False,True,False,False
2023-01-05 11:00:00,9.4,23.4,1.21,1.1,True,True,False,False
2023-01-05 12:00:00,9.15,28.8,2.01,0.0,False,True,True,False
2023-01-05 13:00:00,9.4,22.8,4.56,0.0,False,True,False,False
2023-01-05 14:00:00,8.9,21.6,,0.0,False,False,False,False
2023-01-05 15:00:00,9.4,359.64,,0.0,False,False,True,False
2023-01-05 16:00:00,9.4,359.64,,0.0,False,False,True,False
2023-01-05 17:00:00,8.9,359.64,,0.0,False,False,True,False
2023-01-05 18:00:00,10.0,18.0,,0.0,False,False,False,False
2023-01-05 19:00:00,9.4,14.4,,0.0,False,False,False,False
2023-01-05 20:00:00,8.9,14.4,,0.0,False,False,False,False
2023-01-05 21:00:00,8.3,36.0,,0.0,False,False,True,False
2023-01-05 22:00:00,8.3,18.0,,0.0,False,False,False,False
2023-01-05 23:00:00,8.3,14.4,,0.0,False,False,False,False
2023-01-06 00:00:00,8.3,32.4,,0.0,False,False,True,False
2023-01-06 01:00:00,8.3,18.0,,0.0,False,False,False,False
2023-01-06 02:00:00,7.8,21.6,4.83,0.0,False,True,False,False
2023-01-06 03:00:00,7.2,190.62,4.83,0.0,False,True,True,False
2023-01-06 04:00:00,7.08,156.82,5.1,0.3,True,False,True,False
2023-01-06 05:00:00,7.2,359.64,,0.0,False,False,True,False
2023-01-06 06:00:00,7.2,14.4,6.44,0.8,True,False,False,False
2023-01-06 07:00:00,6.7,154.71,3.32,12.1,True,True,True,False
2023-01-06 08:00:00,6.2,100.71,8.45,10.1,True,False,True,False
2023-01-06 09:00:00,6.1,14.4,9.66,0.0,False,False,False,False
2023-01-06 10:00:00,5.6,25.2,,0.0,False,False,True,False
2023-01-06 11:00:00,6.1,359.64,,13.2,True,False,True,False
2023-01-06 12:00:00,6.85,359.64,,0.0,False,False,True,False
2023-01-06 13:00:00,6.7,18.0,9.66,0.0,False,False,False,False
2023-01-06 14:00:00,6.78,184.32,8.05,0.0,False,False,True,False
2023-01-06 15:00:00,6.95,233.82,7.24,0.5,True,False,True,False
2023-01-06 16:00:00,7.2,359.64,8.05,0.0,False,False,True,False
2023-01-06 17:00:00,8.3,226.62,,0.3,True,False,True,False
2023-01-06 18:00:00,8.93,291.33,,0.0,False,False,True,False
2023-01-06 19:00:00,8.3,79.2,,0.0,False,False,True,False
2023-01-06 20:00:00,8.9,100.8,,0.0,False,False,True,False
2023-01-06 21:00:00,7.8,359.64,,0.0,False,False,True,False
2023-01-06 22:00:00,7.8,359.64,,0.0,False,False,True,False
2023-01-06 23:00:00,7.2,359.64,,0.0,False,False,True,False
2023-01-07 00:00:00,6.1,104.4,,0.0,False,False,True,False
2023-01-07 01:00:00,5.6,104.4,,0.0,False,False,True,False
2023-01-07 02:00:00,5.6,100.8,,0.0,False,False,True,False
2023-01-07 03:00:00,4.4,97.2,,0.0,False,False,True,False
2023-01-07 04:00:00,3.9,232.02,,6.9,True,False,True,False
2023-01-07 05:00:00,3.9,97.2,,0.0,False,False,True,False
2023-01-07 06:00:00,3.3,100.8,,0.0,False,False,True,False
2023-01-07 07:00:00,3.3,359.64,,0.0,False,False,True,False
2023-01-07 08:00:00,2.8,359.64,,0.0,False,False,True,False
2023-01-07 09:00:00,2.8,100.8,,0.0,False,False,True,False
2023-01-07 10:00:00,2.8,97.2,,0.0,False,False,True,False
2023-01-07 11:00:00,3.3,359.64,,0.3,True,False,True,False
2023-01-07 12:00:00,3.3,97.2,,0.0,False,False,True,False
2023-01-07 13:00:00,3.9,100.8,,0.0,False,False,True,False
2023-01-07 14:00:00,4.4,359.64,,0.0,False,False,True,False
2023-01-07 15:00:00,5.6,359.64,,0.0,False,False,True,False
2023-01-07 16:00:00,6.7,104.4,,0.0,False,False,True,False
2023-01-07 17:00:00,6.7,104.4,,0.0,False,False,True,False
2023-01-07 18:00:00,6.7,100.8,,0.0,False,False,True,False
2023-01-07 19:00:00,6.7,104.4,,0.0,False,False,True,False
2023-01-07 20:00:00,6.7,104.4,,0.0,False,False,True,False
2023-01-07 21:00:00,6.1,100.8,,0.0,False,False,True,False
2023-01-07 22:00:00,5.6,100.8,,0.0,False,False,True,False
2023-01-07 23:00:00,5.6,97.2,,0.0,False,False,True,False
2023-01-08 00:00:00,5.0,97.2,,0.0,False,False,True,False
2023-01-08 01:00:00,5.0,100.8,,0.0,False,False,True,False
2023-01-08 02:00:00,4.4,97.2,,0.0,False,False,True,False
2023-01-08 03:00:00,4.4,104.4,,0.0,False,False,True,False
2023-01-08 04:00:00,3.9,235.62,,0.0,False,False,True,False
2023-01-08 05:00:00,3.3,93.6,,0.0,False,False,True,False
2023-01-08 06:00:00,2.8,359.64,,0.0,False,False,True,False
2023-01-08 07:00:00,2.8,359.64,,0.0,False,False,True,False
2023-01-08 08:00:00,2.2,104.4,,0.0,False,False,True,False
2023-01-08 09:00:00,1.7,108.0,,0.0,False,False,True,False
2023-01-08 10:00:00,1.7,104.4,,0.0,False,False,True,False
2023-01-08 11:00:00,1.1,359.64,,0.0,False,False,True,False
2023-01-08 12:00:00,0.6,359.64,,0.0,False,False,True,False
2023-01-08 13:00:00,1.1,359.64,,0.0,False,False,True,False
2023-01-08 14:00:00,1.7,18.0,,0.0,False,False,False,False
2023-01-08 15:00:00,2.2,359.64,,0.0,False,False,True,False
2023-01-08 16:00:00,3.3,359.64,,0.0,False,False,True,False
2023-01-08 17:00:00,4.4,359.64,,0.0,False,False,True,False
2023-01-08 18:00:00,4.4,359.64,,0.0,False,False,True,False
2023-01-08 19:00:00,5.0,359.64,,0.0,False,False,True,False
2023-01-08 20:00:00,4.4,359.64,,0.0,False,False,True,False
2023-01-08 21:00:00,3.9,359.64,,0.0,False,False,True,False
2023-01-08 22:00:00,3.3,64.8,,0.0,False,False,True,False
2023-01-08 23:00:00,3.3,57.6,,0.0,False,False,True,False
2023-01-09 00:00:00,3.3,57.6,,0.0,False,False,True,False
2023-01-09 01:00:00,3.3,79.2,,0.0,False,False,True,False
2023-01-09 02:00:00,3.9,359.64,,0.0,False,False,True,False
2023-01-09 03:00:00,3.3,359.64,,0.0,False,False,True,False
2023-01-09 04:00:00,3.9,219.42,,0.0,False,False,True,False
2023-01-09 05:00:00,4.4,82.8,,0.0,False,False,True,False
2023-01-09 06:00:00,4.4,359.64,,0.0,False,False,True,False
2023-01-09 07:00:00,3.3,86.4,,0.0,False,False,True,False
2023-01-09 08:00:00,3.3,359.64,9.66,0.3,True,False,True,False
2023-01-09 09:00:00,2.8,233.82,,0.2,True,False,True,False
2023-01-09 10:00:00,2.8,359.64,,0.0,False,False,True,False
2023-01-09 11:00:00,3.3,274.56,,0.6,True,False,True,False
2023-01-09 12:00:00,3.3,359.64,,0.0,False,False,True,False
2023-01-09 13:00:00,3.3,97.2,,0.0,False,False,True,False
2023-01-09 14:00:00,3.3,359.64,,0.0,False,False,True,False
2023-01-09 15:00:00,5.0,100.8,,0.0,False,False,True,False
2023-01-09 16:00:00,5.6,359.64,,0.0,False,False,True,False
2023-01-09 17:00:00,6.1,108.0,,0.0,False,False,True,False
2023-01-09 18:00:00,6.7,111.6,,0.0,False,False,True,False
2023-01-09 19:00:00,6.7,108.0,,0.0,False,False,True,False
2023-01-09 20:00:00,6.1,93.6,,0.0,False,False,True,False
2023-01-09 21:00:00,5.0,108.0,,0.0,False,False,True,False
2023-01-09 22:00:00,4.4,359.64,,0.0,False,False,True,False
2023-01-09 23:00:00,4.4,359.64,,0.0,False,False,True,False
2023-01-10 00:00:00,4.4,359.64,,0.0,False,False,True,False
2023-01-10 01:00:00,4.4,359.64,,0.0,False,False,True,False
2023-01-10 02:00:00,3.9,93.6,,0.0,False,False,True,False
2023-01-10 03:00:00,3.9,90.0,,0.0,False,False,True,False
2023-01-10 04:00:00,3.9,359.64,,0.3,True,False,True,False
2023-01-10 05:00:00,3.3,100.8,,0.0,False,False,True,False
2023-01-10 06:00:00,3.9,104.4,,0.0,False,False,True,False
2023-01-10 07:00:00,3.9,97.2,,0.0,False,False,True,False
2023-01-10 08:00:00,3.3,359.64,,0.0,False,False,True,False
2023-01-10 09:00:00,3.9,359.64,,0.0,False,False,True,False
2023-01-10 10:00:00,3.3,100.8,,0.0,False,False,True,False
2023-01-10 11:00:00,3.9,97.2,,0.0,False,False,True,False
2023-01-10 12:00:00,3.3,359.64,,0.0,False,False,True,False
2023-01-10 13:00:00,4.4,97.2,,0.0,False,False,True,False
2023-01-10 14:00:00,4.4,359.64,,0.0,False,False,True,False
2023-01-10 15:00:00,4.4,359.64,,0.0,False,False,True,False
2023-01-10 16:00:00,4.4,359.64,,0.0,False,False,True,False
2023-01-10 17:00:00,4.4,359.64,,0.0,False,False,True,False
2023-01-10 18:00:00,5.0,97.2,,0.0,False,False,True,False
2023-01-10 19:00:00,5.0,100.8,,0.0,False,False,True,False
2023-01-10 20:00:00,5.0,359.64,,0.0,False,False,True,False
2023-01-10 21:00:00,5.0,359.64,,0.0,False,False,True,False
2023-01-10 22:00:00,5.0,111.6,,0.0,False,False,True,False
2023-01-10 23:00:00,5.0,359.64,,0.0,False,False,True,False
2023-01-11 00:00:00,4.4,359.64,,0.0,False,False,True,False
2023-01-11 01:00:00,4.4,359.64,,0.0,False,False,True,False
2023-01-11 02:00:00,3.9,359.64,,0.0,False,False,True,False
2023-01-11 03:00:00,3.9,122.4,,0.0,False,False,True,False
2023-01-11 04:00:00,3.9,188.82,,0.0,False,False,True,False
2023-01-11 05:00:00,3.9,18.0,,0.0,False,False,False,False
2023-01-11 06:00:00,3.9,25.2,,0.0,False,False,True,False
2023-01-11 07:00:00,3.3,28.8,,0.0,False,False,True,False
2023-01-11 08:00:00,2.8,21.6,,0.0,False,False,False,False
2023-01-11 09:00:00,2.8,7.2,,0.0,False,False,False,False
2023-01-11 10:00:00,2.2,21.6,,0.0,False,False,False,False
2023-01-11 11:00:00,1.7,21.6,,0.0,False,False,False,False
2023-01-11 12:00:00,1.7,359.64,,0.0,False,False,True,False
2023-01-11 13:00:00,2.2,18.0,,0.0,False,False,False,False
2023-01-11 14:00:00,2.2,18.0,,0.0,False,False,False,False
2023-01-11 15:00:00,2.8,359.64,,0.0,False,False,True,False
2023-01-11 16:00:00,3.3,359.64,,0.0,False,False,True,False
2023-01-11 17:00:00,3.9,14.4,,0.0,False,False,False,False
2023-01-11 18:00:00,3.9,359.64,,0.0,False,False,True,False
2023-01-11 19:00:00,3.9,28.8,,0.0,False,False,True,False
2023-01-11 20:00:00,3.3,39.6,,0.0,False,False,True,False
2023-01-11 21:00:00,3.3,32.4,,0.0,False,False,True,False
2023-01-11 22:00:00,2.8,21.6,,0.0,False,False,False,False
2023-01-11 23:00:00,3.3,359.64,,0.0,False,False,True,False
2023-01-12 00:00:00,2.8,359.64,,0.0,False,False,True,False
2023-01-12 01:00:00,2.8,43.2,,0.0,False,False,True,False
2023-01-12 02:00:00,2.8,39.6,,0.0,False,False,True,False
2023-01-12 03:00:00,3.3,39.6,,0.0,False,False,True,False
2023-01-12 04:00:00,2.8,192.42,,0.0,False,False,True,False
2023-01-12 05:00:00,3.3,359.64,,0.0,False,False,True,False
2023-01-12 06:00:00,3.3,359.64,,0.0,False,False,True,False
2023-01-12 07:00:00,3.9,18.0,,0.0,False,False,False,False
2023-01-12 08:00:00,3.9,21.6,,0.0,False,False,False,False
2023-01-12 09:00:00,4.4,359.64,,0.0,False,False,True,False
2023-01-12 10:00:00,4.4,21.6,,0.0,False,False,False,False
2023-01-12 11:00:00,4.4,21.6,,0.9,True,False,False,False
2023-01-12 12:00:00,4.4,359.64,,0.3,True,False,True,False
2023-01-12 13:00:00,4.8,27.6,8.05,1.5,True,False,True,False
2023-01-12 14:00:00,5.3,30.6,,1.0,True,False,True,False
2023-01-12 15:00:00,6.1,28.8,,0.0,False,False,True,False
2023-01-12 16:00:00,6.55,110.61,,0.0,False,False,True,False
2023-01-12 17:00:00,7.03,246.96,,0.8,True,False,True,False
2023-01-12 18:00:00,7.9,23.4,,0.0,False,False,False,False
2023-01-12 19:00:00,8.3,21.6,,0.0,False,False,False,False
2023-01-12 20:00:00,8.9,194.22,,0.0,False,False,True,False
2023-01-12 21:00:00,10.0,359.64,,0.0,False,False,True,False
2023-01-12 22:00:00,11.7,210.42,,0.0,False,False,True,False
2023-01-12 23:00:00,11.1,235.94,4.83,14.2,True,True,True,False
2023-01-13 00:00:00,11.07,159.48,6.97,2.0,True,False,True,False
2023-01-13 01:00:00,11.85,206.82,8.05,2.0,True,False,True,False
2023-01-13 02:00:00,11.87,158.28,6.97,5.6,True,False,True,False
2023-01-13 03:00:00,12.2,257.76,,0.0,False,False,True,False
2023-01-13 04:00:00,12.2,359.64,,7.6,True,False,True,False
2023-01-13 05:00:00,12.5,205.02,,4.1,True,False,True,False
2023-01-13 06:00:00,12.03,48.0,6.71,4.5,True,False,True,False
2023-01-13 07:00:00,13.13,262.56,,0.0,False,False,True,False
2023-01-13 08:00:00,13.5,261.36,,2.0,True,False,True,False
2023-01-13 09:00:00,11.7,46.8,,0.0,False,False,True,False
2023-01-13 10:00:00,11.7,52.2,,0.0,False,False,True,False
2023-01-13 11:00:00,11.7,57.6,9.66,12.3,True,False,True,False
2023-01-13 12:00:00,11.7,359.64,,0.0,False,False,True,False
2023-01-13 13:00:00,11.7,359.64,,0.0,False,False,True,False
2023-01-13 14:00:00,12.23,171.48,,0.0,False,False,True,False
2023-01-13 15:00:00,13.3,359.64,,0.0,False,False,True,False
2023-01-13 16:00:00,12.6,91.8,,0.0,False,False,True,False
2023-01-13 17:00:00,12.2,359.64,,0.0,False,False,True,False
2023-01-13 18:00:00,10.93,99.6,,0.0,False,False,True,False
2023-01-13 19:00:00,8.3,108.0,,0.0,False,False,True,False
2023-01-13 20:00:00,7.2,108.0,,0.0,False,False,True,False
2023-01-13 21:00:00,5.6,108.0,,0.0,False,False,True,False
2023-01-13 22:00:00,4.4,108.0,,0.0,False,False,True,False
2023-01-13 23:00:00,4.4,359.64,,0.0,False,False,True,False
2023-01-14 00:00:00,4.4,108.0,,0.0,False,False,True,False
2023-01-14 01:00:00,3.9,108.0,,0.0,False,False,True,False
2023-01-14 02:00:00,3.9,359.64,,0.0,False,False,True,False
2023-01-14 03:00:00,3.9,126.0,,0.0,False,False,True,False
2023-01-14 04:00:00,3.3,359.64,,2.3,True,False,True,False
2023-01-14 05:00:00,2.8,359.64,,0.0,False,False,True,False
2023-01-14 06:00:00,2.75,181.62,,0.0,False,False,True,False
2023-01-14 07:00:00,2.1,7.2,,0.0,False,False,False,False
2023-01-14 08:00:00,1.7,359.64,,0.0,False,False,True,False
2023-01-14 09:00:00,0.6,126.0,6.44,0.0,False,False,True,False
2023-01-14 10:00:00,1.1,126.0,,0.0,False,False,True,False
2023-01-14 11:00:00,1.1,126.0,,0.0,False,False,True,False
2023-01-14 12:00:00,0.2,164.28,4.83,0.0,False,True,True,False
2023-01-14 13:00:00,0.6,187.02,8.05,0.0,False,False,True,False
2023-01-14 14:00:00,0.6,359.64,,0.0,False,False,True,False
2023-01-14 15:00:00,1.07,122.28,8.05,0.0,False,False,True,False
2023-01-14 16:00:00,1.1,66.6,,0.0,False,False,True,False
2023-01-14 17:00:00,1.7,359.64,,0.0,False,False,True,False
2023-01-14 18:00:00,2.2,7.2,,0.0,False,False,False,False
2023-01-14 19:00:00,2.2,359.64,,0.0,False,False,True,False
2023-01-14 20:00:00,1.7,359.64,,0.0,False,False,True,False
2023-01-14 21:00:00,1.1,359.64,,0.0,False,False,True,False
2023-01-14 22:00:00,0.6,129.6,,0.0,False,False,True,False
2023-01-14 23:00:00,0.6,3.6,,0.0,False,False,False,False
2023-01-15 00:00:00,0.0,129.6,,0.0,False,False,True,False
2023-01-15 01:00:00,0.0,7.2,,0.0,False,False,False,False
2023-01-15 02:00:00,0.0,129.6,,0.0,False,False,True,False
2023-01-15 03:00:00,0.0,126.0,,0.0,False,False,True,False
2023-01-15 04:00:00,-0.6,181.62,,0.0,False,False,True,True
2023-01-15 05:00:00,-0.6,3.6,,0.0,False,False,False,True
2023-01-15 06:00:00,-0.6,122.4,,0.0,False,False,True,True
2023-01-15 07:00:00,-0.6,64.8,,0.0,False,False,True,True
2023-01-15 08:00:00,-0.85,124.2,,0.0,False,False,True,True
2023-01-15 09:00:00,-1.1,122.4,,0.0,False,False,True,True
2023-01-15 10:00:00,-1.1,359.64,,0.0,False,False,True,True
2023-01-15 11:00:00,-0.6,122.4,,0.0,False,False,True,True
2023-01-15 12:00:00,-1.1,359.64,,0.0,False,False,True,True
2023-01-15 13:00:00,-0.6,359.64,,0.0,False,False,True,True
2023-01-15 14:00:00,0.6,122.4,,0.0,False,False,True,False
2023-01-15 15:00:00,1.7,126.0,,0.0,False,False,True,False
2023-01-15 16:00:00,2.2,122.4,,0.0,False,False,True,False
2023-01-15 17:00:00,4.4,359.64,,0.0,False,False,True,False
2023-01-15 18:00:00,4.4,3.6,,0.0,False,False,False,False
2023-01-15 19:00:00,5.0,7.2,,0.0,False,False,False,False
2023-01-15 20:00:00,5.0,359.64,,0.0,False,False,True,False
2023-01-15 21:00:00,3.9,359.64,,0.0,False,False,True,False
2023-01-15 22:00:00,3.3,359.64,,0.0,False,False,True,False
2023-01-15 23:00:00,2.8,359.64,,0.0,False,False,True,False
2023-01-16 00:00:00,2.2,126.0,,0.0,False,False,True,False
2023-01-16 01:00:00,1.7,126.0,,0.0,False,False,True,False
2023-01-16 02:00:00,1.1,3.6,,0.0,False,False,False,False
2023-01-16 03:00:00,0.6,122.4,,0.0,False,False,True,False
2023-01-16 04:00:00,0.0,244.62,,0.0,False,False,True,False
2023-01-16 05:00:00,-0.6,7.2,,0.0,False,False,False,True
2023-01-16 06:00:00,-1.1,3.6,,0.0,False,False,False,True
2023-01-16 07:00:00,-1.1,118.8,,0.0,False,False,True,True
2023-01-16 08:00:00,-1.1,359.64,,0.0,False,False,True,True
2023-01-16 09:00:00,-1.1,359.64,,0.0,False,False,True,True
2023-01-16 10:00:00,-1.7,108.0,,0.0,False,False,True,True
2023-01-16 11:00:00,-1.7,359.64,,0.0,False,False,True,True
2023-01-16 12:00:00,-1.7,108.0,,0.0,False,False,True,True
2023-01-16 13:00:00,-1.7,108.0,,0.0,False,False,True,True
2023-01-16 14:00:00,-0.6,104.4,,0.0,False,False,True,True
2023-01-16 15:00:00,1.1,359.64,,0.0,False,False,True,False
2023-01-16 16:00:00,2.8,108.0,,0.0,False,False,True,False
2023-01-16 17:00:00,5.0,100.8,,0.0,False,False,True,False
2023-01-16 18:00:00,6.7,104.4,,0.0,False,False,True,False
2023-01-16 19:00:00,8.3,359.64,,0.0,False,False,True,False
2023-01-16 20:00:00,8.9,359.64,,0.0,False,False,True,False
2023-01-16 21:00:00,7.8,111.6,,0.0,False,False,True,False
2023-01-16 22:00:00,6.7,108.0,,0.0,False,False,True,False
2023-01-16 23:00:00,6.1,108.0,,0.0,False,False,True,False
2023-01-17 00:00:00,5.6,104.4,,0.0,False,False,True,False
2023-01-17 01:00:00,5.0,111.6,,0.0,False,False,True,False
2023-01-17 02:00:00,4.4,108.0,,0.0,False,False,True,False
2023-01-17 03:00:00,3.3,104.4,,0.0,False,False,True,False
2023-01-17 04:00:00,3.3,232.02,,0.0,False,False,True,False
2023-01-17 05:00:00,2.8,359.64,,0.0,False,False,True,False
2023-01-17 06:00:00,2.8,100.8,,0.0,False,False,True,False
2023-01-17 07:00:00,2.2,104.4,,0.0,False,False,True,False
2023-01-17 08:00:00,2.2,100.8,,0.0,False,False,True,False
2023-01-17 09:00:00,2.2,100.8,,0.0,False,False,True,False
2023-01-17 10:00:00,2.2,359.64,,0.0,False,False,True,False
2023-01-17 11:00:00,2.2,359.64,,0.0,False,False,True,False
2023-01-17 12:00:00,2.8,359.64,,0.0,False,False,True,False
2023-01-17 13:00:00,4.4,97.2,,0.0,False,False,True,False
2023-01-17 14:00:00,5.6,359.64,,0.0,False,False,True,False
2023-01-17 15:00:00,6.1,359.64,,0.0,False,False,True,False
2023-01-17 16:00:00,6.7,108.0,,0.0,False,False,True,False
2023-01-17 17:00:00,7.8,359.64,,0.0,False,False,True,False
2023-01-17 18:00:00,7.8,93.6,,0.0,False,False,True,False
2023-01-17 19:00:00,8.3,359.64,,0.0,False,False,True,False
2023-01-17 20:00:00,8.05,223.02,,0.0,False,False,True,False
2023-01-17 21:00:00,8.3,224.82,,0.0,False,False,True,False
2023-01-17 22:00:00,8.05,359.64,,0.0,False,False,True,False
2023-01-17 23:00:00,8.23,291.33,,0.0,False,False,True,False
2023-01-18 00:00:00,7.8,86.4,,0.0,False,False,True,False
2023-01-18 01:00:00,7.8,359.64,,0.0,False,False,True,False
2023-01-18 02:00:00,7.8,359.64,,0.0,False,False,True,False
2023-01-18 03:00:00,7.2,359.64,,0.0,False,False,True,False
2023-01-18 04:00:00,7.2,359.64,,0.0,False,False,True,False
2023-01-18 05:00:00,7.2,82.8,,0.0,False,False,True,False
2023-01-18 06:00:00,6.7,86.4,8.05,0.5,True,False,True,False
2023-01-18 07:00:00,6.7,82.8,,0.8,True,False,True,False
2023-01-18 08:00:00,7.2,90.0,,1.3,True,False,True,False
2023-01-18 09:00:00,6.7,86.4,,0.0,False,False,True,False
2023-01-18 10:00:00,7.2,86.4,,0.0,False,False,True,False
2023-01-18 11:00:00,7.8,93.6,,2.6,True,False,True,False
2023-01-18 12:00:00,8.3,93.6,,0.0,False,False,True,False
2023-01-18 13:00:00,8.9,97.2,,0.0,False,False,True,False
2023-01-18 14:00:00,9.4,100.8,,0.0,False,False,True,False
2023-01-18 15:00:00,10.0,108.0,,0.0,False,False,True,False
2023-01-18 16:00:00,10.6,108.0,,0.0,False,False,True,False
2023-01-18 17:00:00,10.6,359.64,,0.0,False,False,True,False
2023-01-18 18:00:00,11.1,104.4,,0.0,False,False,True,False
2023-01-18 19:00:00,11.1,108.0,,0.0,False,False,True,False
2023-01-18 20:00:00,11.1,100.8,,0.0,False,False,True,False
2023-01-18 21:00:00,10.0,359.64,,0.0,False,False,True,False
2023-01-18 22:00:00,9.4,108.0,,0.0,False,False,True,False
2023-01-18 23:00:00,9.4,104.4,,0.0,False,False,True,False
2023-01-19 00:00:00,9.4,108.0,,0.0,False,False,True,False
2023-01-19 01:00:00,8.3,100.8,,0.0,False,False,True,False
2023-01-19 02:00:00,8.3,111.6,,0.0,False,False,True,False
2023-01-19 03:00:00,7.8,104.4,,0.0,False,False,True,False
2023-01-19 04:00:00,7.2,359.64,,1.3,True,False,True,False
2023-01-19 05:00:00,6.7,359.64,,0.0,False,False,True,False
2023-01-19 06:00:00,6.1,359.64,,0.0,False,False,True,False
2023-01-19 07:00:00,6.1,359.64,,0.0,False,False,True,False
2023-01-19 08:00:00,6.1,100.8,,0.0,False,False,True,False
2023-01-19 09:00:00,5.6,359.64,,0.0,False,False,True,False
2023-01-19 10:00:00,5.6,359.64,,0.0,False,False,True,False
2023-01-19 11:00:00,5.6,359.64,,0.0,False,False,True,False
2023-01-19 12:00:00,6.1,126.0,,0.0,False,False,True,False
2023-01-19 13:00:00,5.6,10.8,,0.3,True,False,False,False
2023-01-19 14:00:00,5.0,25.2,6.44,1.0,True,False,True,False
2023-01-19 15:00:00,4.4,359.64,6.44,1.8,True,False,True,False
2023-01-19 16:00:00,5.0,359.64,8.05,0.8,True,False,True,False
2023-01-19 17:00:00,5.0,151.08,5.63,7.0,True,False,True,False
2023-01-19 18:00:00,5.0,280.53,6.24,1.7,True,False,True,False
2023-01-19 19:00:00,5.0,135.48,2.68,1.0,True,True,True,False
2023-01-19 20:00:00,5.0,25.2,3.22,13.0,True,True,True,False
2023-01-19 21:00:00,4.7,190.62,8.85,0.8,True,False,True,False
2023-01-19 22:00:00,5.0,28.8,6.44,0.5,True,False,True,False
2023-01-19 23:00:00,5.0,246.96,4.56,9.2,True,True,True,False
2023-01-20 00:00:00,4.8,250.56,4.56,2.0,True,True,True,False
2023-01-20 01:00:00,5.0,272.43,4.12,3.5,True,True,True,False
2023-01-20 02:00:00,5.0,359.64,4.43,16.7,True,True,True,False
2023-01-20 03:00:00,5.0,18.0,,1.0,True,False,False,False
2023-01-20 04:00:00,5.0,359.64,,22.1,True,False,True,False
2023-01-20 05:00:00,5.0,359.64,,8.4,True,False,True,False
2023-01-20 06:00:00,5.8,97.2,,0.0,False,False,True,False
2023-01-20 07:00:00,5.0,233.82,,0.0,False,False,True,False
2023-01-20 08:00:00,4.4,90.0,,0.0,False,False,True,False
2023-01-20 09:00:00,5.0,359.64,,0.0,False,False,True,False
2023-01-20 10:00:00,5.0,359.64,,0.0,False,False,True,False
2023-01-20 11:00:00,4.7,359.64,9.66,22.1,True,False,True,False
2023-01-20 12:00:00,5.6,97.2,,0.0,False,False,True,False
2023-01-20 13:00:00,6.7,359.64,,0.0,False,False,True,False
2023-01-20 14:00:00,7.8,100.8,,0.0,False,False,True,False
2023-01-20 15:00:00,8.3,97.2,,0.0,False,False,True,False
2023-01-20 16:00:00,9.4,100.8,,0.0,False,False,True,False
2023-01-20 17:00:00,8.3,104.4,,0.0,False,False,True,False
2023-01-20 18:00:00,7.8,100.8,,0.0,False,False,True,False
2023-01-20 19:00:00,8.3,97.2,,0.0,False,False,True,False
2023-01-20 20:00:00,8.3,100.8,,0.0,False,False,True,False
2023-01-20 21:00:00,8.3,97.2,,0.0,False,False,True,False
2023-01-20 22:00:00,7.8,97.2,,0.0,False,False,True,False
2023-01-20 23:00:00,7.2,100.8,,0.0,False,False,True,False
2023-01-21 00:00:00,6.7,104.4,,0.0,False,False,True,False
2023-01-21 01:00:00,6.7,97.2,,0.0,False,False,True,False
2023-01-21 02:00:00,6.7,93.6,,0.0,False,False,True,False
2023-01-21 03:00:00,6.1,97.2,,0.0,False,False,True,False
2023-01-21 04:00:00,6.1,359.64,,0.0,False,False,True,False
2023-01-21 05:00:00,5.0,359.64,,0.0,False,False,True,False
2023-01-21 06:00:00,4.4,359.64,,0.0,False,False,True,False
2023-01-21 07:00:00,4.4,108.0,,0.0,False,False,True,False
2023-01-21 08:00:00,3.9,108.0,,0.0,False,False,True,False
2023-01-21 09:00:00,3.3,108.0,,0.0,False,False,True,False
2023-01-21 10:00:00,3.3,359.64,,0.0,False,False,True,False
2023-01-21 11:00:00,3.3,359.64,,0.0,False,False,True,False
2023-01-21 12:00:00,3.3,359.64,,0.0,False,False,True,False
2023-01-21 13:00:00,3.3,359.64,,0.0,False,False,True,False
2023-01-21 14:00:00,3.9,359.64,,0.0,False,False,True,False
2023-01-21 15:00:00,4.4,359.64,,0.0,False,False,True,False
2023-01-21 16:00:00,4.4,359.64,,0.0,False,False,True,False
2023-01-21 17:00:00,4.4,359.64,,0.0,False,False,True,False
2023-01-21 18:00:00,4.4,359.64,,0.0,False,False,True,False
2023-01-21 19:00:00,4.4,359.64,,0.0,False,False,True,False
2023-01-21 20:00:00,3.9,359.64,,0.0,False,False,True,False
2023-01-21 21:00:00,3.3,359.64,,0.0,False,False,True,False
2023-01-21 22:00:00,3.3,359.64,,0.0,False,False,True,False
2023-01-21 23:00:00,3.3,104.4,,0.0,False,False,True,False
2023-01-22 00:00:00,3.3,359.64,,0.0,False,False,True,False
2023-01-22 01:00:00,3.3,359.64,,0.0,False,False,True,False
2023-01-22 02:00:00,2.8,359.64,,0.0,False,False,True,False
2023-01-22 03:00:00,2.8,111.6,,0.0,False,False,True,False
2023-01-22 04:00:00,2.8,230.22,,0.0,False,False,True,False
2023-01-22 05:00:00,2.8,359.64,,0.0,False,False,True,False
2023-01-22 06:00:00,2.8,104.4,,0.0,False,False,True,False
2023-01-22 07:00:00,2.8,90.0,,0.0,False,False,True,False
2023-01-22 08:00:00,2.8,93.6,,0.0,False,False,True,False
2023-01-22 09:00:00,2.2,93.6,,0.0,False,False,True,False
2023-01-22 10:00:00,2.8,359.64,,0.0,False,False,True,False
2023-01-22 11:00:00,2.8,359.64,,0.0,False,False,True,False
2023-01-22 12:00:00,3.3,359.64,,0.0,False,False,True,False
2023-01-22 13:00:00,3.3,359.64,,0.0,False,False,True,False
2023-01-22 14:00:00,3.9,359.64,,0.0,False,False,True,False
2023-01-22 15:00:00,4.4,64.8,,0.0,False,False,True,False
2023-01-22 16:00:00,5.6,359.64,,0.0,False,False,True,False
2023-01-22 17:00:00,5.6,359.64,,0.0,False,False,True,False
2023-01-22 18:00:00,5.0,64.8,,0.0,False,False,True,False
2023-01-22 19:00:00,4.4,61.2,,0.0,False,False,True,False
2023-01-22 20:00:00,5.0,359.64,,0.0,False,False,True,False
2023-01-22 21:00:00,4.47,55.2,,0.3,True,False,True,False
2023-01-22 22:00:00,3.9,359.64,,0.5,True,False,True,False
2023-01-22 23:00:00,3.2,16.8,4.56,2.5,True,True,False,False
2023-01-23 00:00:00,3.24,78.41,4.18,4.4,True,True,True,False
2023-01-23 01:00:00,3.3,134.28,4.83,3.5,True,True,True,False
2023-01-23 02:00:00,3.3,14.4,4.83,6.1,True,True,False,False
2023-01-23 03:00:00,3.3,187.02,3.62,3.0,True,True,True,False
2023-01-23 04:00:00,3.22,82.01,4.12,21.0,True,True,True,False
2023-01-23 05:00:00,3.13,128.28,3.62,21.5,True,True,True,False
2023-01-23 06:00:00,3.13,359.64,4.83,4.0,True,True,True,False
2023-01-23 07:00:00,3.3,7.2,4.83,0.3,True,True,False,False
2023-01-23 08:00:00,3.3,49.2,5.63,3.4,True,False,True,False
2023-01-23 09:00:00,3.7,359.64,3.75,0.3,True,True,True,False
2023-01-23 10:00:00,3.3,359.64,4.83,0.3,True,True,True,False
2023-01-23 11:00:00,3.3,185.22,,22.9,True,False,True,False
2023-01-23 12:00:00,3.3,359.64,,0.0,False,False,True,False
2023-01-23 13:00:00,3.9,10.8,,0.3,True,False,False,False
2023-01-23 14:00:00,3.9,359.64,3.02,0.8,True,True,True,False
2023-01-23 15:00:00,3.5,191.88,3.49,1.7,True,True,True,False
2023-01-23 16:00:00,2.8,108.0,,0.8,True,False,True,False
2023-01-23 17:00:00,3.3,359.64,8.05,2.8,True,False,True,False
2023-01-23 18:00:00,2.2,191.88,,2.0,True,False,True,False
2023-01-23 19:00:00,2.5,233.82,,0.7,True,False,True,False
2023-01-23 20:00:00,3.05,359.64,,2.8,True,False,True,False
2023-01-23 21:00:00,3.3,359.64,,0.0,False,False,True,False
2023-01-23 22:00:00,3.3,108.0,,0.0,False,False,True,False
2023-01-23 23:00:00,2.8,108.0,,1.8,True,False,True,False
2023-01-24 00:00:00,2.2,359.64,,0.0,False,False,True,False
2023-01-24 01:00:00,2.2,104.4,,0.0,False,False,True,False
2023-01-24 02:00:00,2.2,104.4,,0.0,False,False,True,False
2023-01-24 03:00:00,2.2,108.0,,0.0,False,False,True,False
2023-01-24 04:00:00,2.2,190.68,,10.4,True,False,True,False
2023-01-24 05:00:00,1.95,102.6,,0.0,False,False,True,False
2023-01-24 06:00:00,2.2,359.64,,0.0,False,False,True,False
2023-01-24 07:00:00,2.2,97.2,,0.0,False,False,True,False
2023-01-24 08:00:00,2.8,359.64,,0.0,False,False,True,False
2023-01-24 09:00:00,2.8,97.2,,0.0,False,False,True,False
2023-01-24 10:00:00,2.8,359.64,,0.0,False,False,True,False
2023-01-24 11:00:00,2.8,100.8,,4.3,True,False,True,False
2023-01-24 12:00:00,2.8,359.64,,0.0,False,False,True,False
2023-01-24 13:00:00,2.8,97.2,,0.0,False,False,True,False
2023-01-24 14:00:00,3.9,359.64,,0.0,False,False,True,False
2023-01-24 15:00:00,5.6,359.64,,0.0,False,False,True,False
2023-01-24 16:00:00,6.7,104.4,,0.0,False,False,True,False
2023-01-24 17:00:00,7.2,104.4,,0.0,False,False,True,False
2023-01-24 18:00:00,7.2,100.8,,0.0,False,False,True,False
2023-01-24 19:00:00,7.2,108.0,,0.0,False,False,True,False
2023-01-24 20:00:00,5.6,97.2,,0.0,False,False,True,False
2023-01-24 21:00:00,5.0,359.64,,0.0,False,False,True,False
2023-01-24 22:00:00,5.0,100.8,,0.0,False,False,True,False
2023-01-24 23:00:00,5.0,359.64,,0.0,False,False,True,False
2023-01-25 00:00:00,4.4,104.4,,0.0,False,False,True,False
2023-01-25 01:00:00,4.4,359.64,,0.0,False,False,True,False
2023-01-25 02:00:00,4.4,359.64,,0.0,False,False,True,False
2023-01-25 03:00:00,3.9,359.64,,0.0,False,False,True,False
2023-01-25 04:00:00,3.9,224.82,,0.0,False,False,True,False
2023-01-25 05:00:00,3.3,359.64,,0.0,False,False,True,False
2023-01-25 06:00:00,2.8,108.0,,0.0,False,False,True,False
2023-01-25 07:00:00,2.8,359.64,,0.0,False,False,True,False
2023-01-25 08:00:00,2.2,359.64,,0.0,False,False,True,False
2023-01-25 09:00:00,2.2,115.2,,0.0,False,False,True,False
2023-01-25 10:00:00,2.2,359.64,,0.0,False,False,True,False
2023-01-25 11:00:00,2.2,10.8,,0.0,False,False,False,False
2023-01-25 12:00:00,2.8,359.64,,0.0,False,False,True,False
2023-01-25 13:00:00,2.8,359.64,,0.0,False,False,True,False
2023-01-25 14:00:00,3.9,28.8,,0.0,False,False,True,False
2023-01-25 15:00:00,4.4,32.4,,0.0,False,False,True,False
2023-01-25 16:00:00,4.4,359.64,,0.0,False,False,True,False
2023-01-25 17:00:00,4.4,359.64,,0.0,False,False,True,False
2023-01-25 18:00:00,2.42,283.23,5.83,1.2,True,False,True,False
2023-01-25 19:00:00,1.82,195.12,4.22,3.2,True,True,True,False
2023-01-25 20:00:00,2.8,359.64,8.05,2.6,True,False,True,False
2023-01-25 21:00:00,3.73,141.48,6.44,0.5,True,False,True,False
2023-01-25 22:00:00,6.1,36.0,,0.3,True,False,True,False
2023-01-25 23:00:00,6.78,278.73,4.02,8.0,True,True,True,False
2023-01-26 00:00:00,8.3,43.2,4.02,5.1,True,True,True,False
2023-01-26 01:00:00,9.72,254.16,4.29,10.1,True,True,True,False
2023-01-26 02:00:00,10.98,207.72,4.63,25.9,True,True,True,False
2023-01-26 03:00:00,11.87,55.2,3.82,6.5,True,True,True,False
2023-01-26 04:00:00,12.2,206.82,8.05,24.2,True,False,True,False
2023-01-26 05:00:00,12.8,257.76,6.71,26.1,True,False,True,False
2023-01-26 06:00:00,13.3,359.64,8.05,2.0,True,False,True,False
2023-01-26 07:00:00,12.55,227.82,3.86,20.6,True,True,True,False
2023-01-26 08:00:00,11.15,230.22,,8.6,True,False,True,False
2023-01-26 09:00:00,10.3,88.2,,0.0,False,False,True,False
2023-01-26 10:00:00,8.9,224.82,,0.0,False,False,True,False
2023-01-26 11:00:00,8.3,359.64,,42.6,True,False,True,False
2023-01-26 12:00:00,7.5,99.0,,0.0,False,False,True,False
2023-01-26 13:00:00,6.7,359.64,,0.0,False,False,True,False
2023-01-26 14:00:00,6.7,359.64,,0.0,False,False,True,False
2023-01-26 15:00:00,6.7,100.8,,0.0,False,False,True,False
2023-01-26 16:00:00,6.7,93.6,,0.0,False,False,True,False
2023-01-26 17:00:00,6.7,104.4,,0.0,False,False,True,False
2023-01-26 18:00:00,6.7,100.8,,0.0,False,False,True,False
2023-01-26 19:00:00,6.7,93.6,,0.0,False,False,True,False
2023-01-26 20:00:00,6.7,100.8,,0.0,False,False,True,False
2023-01-26 21:00:00,6.1,97.2,,0.0,False,False,True,False
2023-01-26 22:00:00,6.1,359.64,,0.0,False,False,True,False
2023-01-26 23:00:00,6.1,97.2,,0.0,False,False,True,False
2023-01-27 00:00:00,5.6,359.64,,0.0,False,False,True,False
2023-01-27 01:00:00,5.6,86.4,,0.0,False,False,True,False
2023-01-27 02:00:00,5.0,86.4,,0.0,False,False,True,False
2023-01-27 03:00:00,5.0,93.6,,0.0,False,False,True,False
2023-01-27 04:00:00,5.0,224.82,,11.2,True,False,True,False
2023-01-27 05:00:00,4.4,359.64,,0.0,False,False,True,False
2023-01-27 06:00:00,3.3,359.64,,0.0,False,False,True,False
2023-01-27 07:00:00,3.3,86.4,,0.0,False,False,True,False
2023-01-27 08:00:00,2.8,359.64,,0.0,False,False,True,False
2023-01-27 09:00:00,2.2,104.4,,0.0,False,False,True,False
2023-01-27 10:00:00,2.2,359.64,,0.0,False,False,True,False
2023-01-27 11:00:00,2.2,359.64,,0.0,False,False,True,False
2023-01-27 12:00:00,2.8,359.64,,0.0,False,False,True,False
2023-01-27 13:00:00,2.8,359.64,,0.0,False,False,True,False
2023-01-27 14:00:00,3.9,359.64,,0.0,False,False,True,False
2023-01-27 15:00:00,3.9,82.8,,0.0,False,False,True,False
2023-01-27 16:00:00,4.4,79.2,,0.0,False,False,True,False
2023-01-27 17:00:00,5.0,86.4,,0.0,False,False,True,False
2023-01-27 18:00:00,5.0,86.4,,0.0,False,False,True,False
2023-01-27 19:00:00,5.0,82.8,,0.0,False,False,True,False
2023-01-27 20:00:00,5.0,104.4,,0.0,False,False,True,False
2023-01-27 21:00:00,5.0,359.64,,0.0,False,False,True,False
2023-01-27 22:00:00,3.9,97.2,,0.0,False,False,True,False
2023-01-27 23:00:00,3.3,359.64,,0.0,False,False,True,False
2023-01-28 00:00:00,3.3,82.8,,0.0,False,False,True,False
2023-01-28 01:00:00,3.3,359.64,,0.0,False,False,True,False
2023-01-28 02:00:00,3.3,90.0,,0.0,False,False,True,False
2023-01-28 03:00:00,2.8,359.64,,0.0,False,False,True,False
2023-01-28 04:00:00,2.8,215.82,,0.0,False,False,True,False
2023-01-28 05:00:00,2.8,82.8,,0.0,False,False,True,False
2023-01-28 06:00:00,3.3,359.64,,0.0,False,False,True,False
2023-01-28 07:00:00,3.9,359.64,,0.0,False,False,True,False
2023-01-28 08:00:00,3.9,75.6,,0.0,False,False,True,False
2023-01-28 09:00:00,3.9,359.64,,0.0,False,False,True,False
2023-01-28 10:00:00,3.9,79.2,,0.0,False,False,True,False
2023-01-28 11:00:00,3.9,359.64,,0.0,False,False,True,False
2023-01-28 12:00:00,3.3,359.64,,0.0,False,False,True,False
2023-01-28 13:00:00,3.9,359.64,,0.0,False,False,True,False
2023-01-28 14:00:00,5.6,93.6,,0.0,False,False,True,False
2023-01-28 15:00:00,7.2,86.4,,0.0,False,False,True,False
2023-01-28 16:00:00,9.4,82.8,,0.0,False,False,True,False
2023-01-28 17:00:00,10.6,82.8,,0.0,False,False,True,False
2023-01-28 18:00:00,10.6,75.6,,0.0,False,False,True,False
2023-01-28 19:00:00,10.6,90.0,,0.0,False,False,True,False
2023-01-28 20:00:00,10.6,359.64,,0.0,False,False,True,False
2023-01-28 21:00:00,10.0,359.64,,0.0,False,False,True,False
2023-01-28 22:00:00,10.0,359.64,,0.0,False,False,True,False
2023-01-28 23:00:00,10.0,359.64,,0.0,False,False,True,False
2023-01-29 00:00:00,10.0,82.8,,0.0,False,False,True,False
2023-01-29 01:00:00,10.0,359.64,,0.0,False,False,True,False
2023-01-29 02:00:00,9.4,82.8,,0.0,False,False,True,False
2023-01-29 03:00:00,10.0,359.64,,0.0,False,False,True,False
2023-01-29 04:00:00,9.4,359.64,,0.0,False,False,True,False
2023-01-29 05:00:00,8.9,86.4,,0.0,False,False,True,False
2023-01-29 06:00:00,8.3,86.4,,0.0,False,False,True,False
2023-01-29 07:00:00,8.3,359.64,,0.0,False,False,True,False
2023-01-29 08:00:00,7.2,10.8,,0.0,False,False,False,False
2023-01-29 09:00:00,6.7,18.0,,0.0,False,False,False,False
2023-01-29 10:00:00,5.6,14.4,,0.0,False,False,False,False
2023-01-29 11:00:00,5.6,54.0,,0.0,False,False,True,False
2023-01-29 12:00:00,7.2,57.6,,0.0,False,False,True,False
2023-01-29 13:00:00,8.3,359.64,,0.0,False,False,True,False
2023-01-29 14:00:00,8.9,359.64,,0.0,False,False,True,False
2023-01-29 15:00:00,10.0,61.2,,0.0,False,False,True,False
2023-01-29 16:00:00,11.1,57.6,,0.0,False,False,True,False
2023-01-29 17:00:00,11.1,64.8,,0.0,False,False,True,False
2023-01-29 18:00:00,11.7,359.64,,0.0,False,False,True,False
2023-01-29 19:00:00,11.7,359.64,,0.0,False,False,True,False
2023-01-29 20:00:00,11.7,86.4,,0.0,False,False,True,False
2023-01-29 21:00:00,11.1,359.64,,0.0,False,False,True,False
2023-01-29 22:00:00,10.6,359.64,,0.0,False,False,True,False
2023-01-29 23:00:00,10.6,86.4,,0.0,False,False,True,False
2023-01-30 00:00:00,10.0,86.4,,0.0,False,False,True,False
2023-01-30 01:00:00,8.9,359.64,,0.0,False,False,True,False
2023-01-30 02:00:00,8.3,359.64,,0.0,False,False,True,False
2023-01-30 03:00:00,8.3,82.8,,0.0,False,False,True,False
2023-01-30 04:00:00,7.8,224.82,,0.0,False,False,True,False
2023-01-30 05:00:00,7.8,359.64,,0.0,False,False,True,False
2023-01-30 06:00:00,7.2,359.64,,0.0,False,False,True,False
2023-01-30 07:00:00,7.2,359.64,,0.0,False,False,True,False
2023-01-30 08:00:00,6.7,359.64,,0.0,False,False,True,False
2023-01-30 09:00:00,6.7,359.64,,0.0,False,False,True,False
2023-01-30 10:00:00,6.7,359.64,,0.0,False,False,True,False
2023-01-30 11:00:00,6.7,359.64,,0.0,False,False,True,False
2023-01-30 12:00:00,6.7,359.64,,0.0,False,False,True,False
2023-01-30 13:00:00,7.8,359.64,,0.0,False,False,True,False
2023-01-30 14:00:00,8.3,100.8,,0.0,False,False,True,False
2023-01-30 15:00:00,10.0,359.64,,0.0,False,False,True,False
2023-01-30 16:00:00,11.1,90.0,,0.0,False,False,True,False
2023-01-30 17:00:00,11.7,359.64,,0.0,False,False,True,False
2023-01-30 18:00:00,11.1,86.4,,0.0,False,False,True,False
2023-01-30 19:00:00,12.2,359.64,,0.0,False,False,True,False
2023-01-30 20:00:00,11.7,359.64,,0.0,False,False,True,False
2023-01-30 21:00:00,11.1,359.64,,0.0,False,False,True,False
2023-01-30 22:00:00,10.0,359.64,,0.0,False,False,True,False
2023-01-30 23:00:00,10.6,79.2,,0.0,False,False,True,False
2023-01-31 00:00:00,10.0,72.0,,0.0,False,False,True,False
2023-01-31 01:00:00,10.6,75.6,,0.0,False,False,True,False
2023-01-31 02:00:00,10.0,90.0,,0.0,False,False,True,False
2023-01-31 03:00:00,9.4,359.64,,0.0,False,False,True,False
2023-01-31 04:00:00,10.0,359.64,,0.0,False,False,True,False
2023-01-31 05:00:00,9.4,79.2,,0.0,False,False,True,False
2023-01-31 06:00:00,8.9,359.64,,0.0,False,False,True,False
2023-01-31 07:00:00,5.97,281.76,,0.0,False,False,True,False
2023-01-31 08:00:00,4.63,240.96,,0.0,False,False,True,False
2023-01-31 09:00:00,3.6,359.64,,0.0,False,False,True,False
2023-01-31 10:00:00,2.2,359.64,6.44,0.5,True,False,True,False
2023-01-31 11:00:00,2.02,241.02,8.05,2.8,True,False,True,False
2023-01-31 12:00:00,1.4,72.0,7.24,1.0,True,False,True,False
2023-01-31 13:00:00,1.1,232.02,9.66,0.2,True,False,True,False
2023-01-31 14:00:00,2.2,359.64,,0.8,True,False,True,False
2023-01-31 15:00:00,2.2,359.64,,0.0,False,False,True,False
2023-01-31 16:00:00,3.3,359.64,,0.0,False,False,True,False
2023-01-31 17:00:00,3.3,359.64,,0.8,True,False,True,False
2023-01-31 18:00:00,3.9,108.0,,0.0,False,False,True,False
2023-01-31 19:00:00,2.8,359.64,,0.0,False,False,True,False
2023-01-31 20:00:00,2.8,359.64,,0.0,False,False,True,False
2023-01-31 21:00:00,2.8,115.2,,0.0,False,False,True,False
2023-01-31 22:00:00,2.8,359.64,,0.0,False,False,True,False
2023-01-31 23:00:00,2.8,359.64,,0.0,False,False,True,False
2023-02-01 00:00:00,2.2,359.64,,0.0,False,False,True,False
2023-02-01 01:00:00,1.7,3.6,,0.0,False,False,False,False
2023-02-01 02:00:00,0.6,359.64,,0.0,False,False,True,False
2023-02-01 03:00:00,0.0,3.6,,0.0,False,False,False,False
2023-02-01 04:00:00,-0.6,359.64,,1.5,True,False,True,True
2023-02-01 05:00:00,-0.6,10.8,,0.0,False,False,False,True
2023-02-01 06:00:00,-1.1,359.64,,0.0,False,False,True,True
2023-02-01 07:00:00,-1.1,359.64,,0.0,False,False,True,True
2023-02-01 08:00:00,-1.7,359.64,8.05,0.0,False,False,True,True
2023-02-01 09:00:00,-2.7,15.3,3.02,0.5,True,True,False,True
2023-02-01 10:00:00,-2.92,73.74,3.52,1.1,True,True,True,True
2023-02-01 11:00:00,-2.4,245.76,,1.8,True,False,True,True
2023-02-01 12:00:00,-2.13,9.6,,0.0,False,False,False,True
2023-02-01 13:00:00,-1.7,359.64,,0.0,False,False,True,True
2023-02-01 14:00:00,-1.7,359.64,,0.0,False,False,True,True
2023-02-01 15:00:00,-1.1,108.0,,0.0,False,False,True,True
2023-02-01 16:00:00,0.0,90.0,,0.0,False,False,True,False
2023-02-01 17:00:00,2.2,359.64,,0.0,False,False,True,False
2023-02-01 18:00:00,2.8,359.64,,0.0,False,False,True,False
2023-02-01 19:00:00,2.8,111.6,,0.0,False,False,True,False
2023-02-01 20:00:00,2.8,359.64,,0.0,False,False,True,False
2023-02-01 21:00:00,2.8,359.64,,0.0,False,False,True,False
2023-02-01 22:00:00,2.2,108.0,,0.0,False,False,True,False
2023-02-01 23:00:00,1.1,359.64,,0.0,False,False,True,False
2023-02-02 00:00:00,0.6,359.64,,0.0,False,False,True,False
2023-02-02 01:00:00,0.0,359.64,,0.0,False,False,True,False
2023-02-02 02:00:00,-0.6,359.64,,0.0,False,False,True,True
2023-02-02 03:00:00,-0.6,359.64,,0.0,False,False,True,True
2023-02-02 04:00:00,-1.1,359.64,,0.5,True,False,True,True
2023-02-02 05:00:00,-1.1,359.64,,0.0,False,False,True,True
2023-02-02 06:00:00,-1.1,126.0,,0.0,False,False,True,True
2023-02-02 07:00:00,-1.1,118.8,,0.0,False,False,True,True
2023-02-02 08:00:00,-1.1,108.0,,0.0,False,False,True,True
2023-02-02 09:00:00,-1.1,359.64,,0.0,False,False,True,True
2023-02-02 10:00:00,-1.1,359.64,,0.0,False,False,True,True
2023-02-02 11:00:00,-1.7,359.64,,0.0,False,False,True,True
2023-02-02 12:00:00,-1.7,100.8,,0.0,False,False,True,True
2023-02-02 13:00:00,0.6,359.64,,0.0,False,False,True,False
2023-02-02 14:00:00,1.1,359.64,,0.0,False,False,True,False
2023-02-02 15:00:00,1.7,75.6,,0.0,False,False,True,False
2023-02-02 16:00:00,2.2,82.8,,0.0,False,False,True,False
2023-02-02 17:00:00,3.3,359.64,,0.0,False,False,True,False
2023-02-02 18:00:00,3.3,359.64,,0.0,False,False,True,False
2023-02-02 19:00:00,3.9,359.64,,0.0,False,False,True,False
2023-02-02 20:00:00,3.9,359.64,,0.0,False,False,True,False
2023-02-02 21:00:00,3.3,359.64,,0.0,False,False,True,False
2023-02-02 22:00:00,2.8,359.64,,0.0,False,False,True,False
2023-02-02 23:00:00,2.8,359.64,,0.0,False,False,True,False
2023-02-03 00:00:00,2.8,359.64,,0.0,False,False,True,False
2023-02-03 01:00:00,2.8,86.4,,0.0,False,False,True,False
2023-02-03 02:00:00,2.2,90.0,,0.0,False,False,True,False
2023-02-03 03:00:00,2.2,82.8,,0.0,False,False,True,False
2023-02-03 04:00:00,1.7,223.02,,0.0,False,False,True,False
2023-02-03 05:00:00,1.7,79.2,,0.0,False,False,True,False
2023-02-03 06:00:00,1.1,86.4,,0.0,False,False,True,False
2023-02-03 07:00:00,1.1,359.64,,0.0,False,False,True,False
2023-02-03 08:00:00,1.1,82.8,,0.0,False,False,True,False
2023-02-03 09:00:00,0.0,115.2,,0.0,False,False,True,False
2023-02-03 10:00:00,-1.7,359.64,,0.0,False,False,True,True
2023-02-03 11:00:00,-2.8,108.0,,0.0,False,False,True,True
2023-02-03 12:00:00,-3.9,359.64,,0.0,False,False,True,True
2023-02-03 13:00:00,-5.0,108.0,,0.0,False,False,True,True
2023-02-03 14:00:00,-5.6,111.6,,0.0,False,False,True,True
2023-02-03 15:00:00,-5.6,108.0,,0.0,False,False,True,True
2023-02-03 16:00:00,-5.0,104.4,,0.0,False,False,True,True
2023-02-03 17:00:00,-5.0,104.4,,0.0,False,False,True,True
2023-02-03 18:00:00,-6.1,108.0,,0.0,False,False,True,True
2023-02-03 19:00:00,-6.1,108.0,,0.0,False,False,True,True
2023-02-03 20:00:00,-6.7,359.64,,0.0,False,False,True,True
2023-02-03 21:00:00,-7.8,111.6,,0.0,False,False,True,True
2023-02-03 22:00:00,-8.3,104.4,,0.0,False,False,True,True
2023-02-03 23:00:00,-9.4,100.8,,0.0,False,False,True,True
2023-02-04 00:00:00,-10.6,104.4,,0.0,False,False,True,True
2023-02-04 01:00:00,-10.6,104.4,,0.0,False,False,True,True
2023-02-04 02:00:00,-11.1,108.0,,0.0,False,False,True,True
2023-02-04 03:00:00,-11.1,111.6,,0.0,False,False,True,True
2023-02-04 04:00:00,-11.1,230.22,,0.0,False,False,True,True
2023-02-04 05:00:00,-11.7,359.64,,0.0,False,False,True,True
2023-02-04 06:00:00,-12.8,111.6,,0.0,False,False,True,True
2023-02-04 07:00:00,-13.3,108.0,,0.0,False,False,True,True
2023-02-04 08:00:00,-14.4,108.0,,0.0,False,False,True,True
2023-02-04 09:00:00,-15.0,104.4,,0.0,False,False,True,True
2023-02-04 10:00:00,-15.6,111.6,,0.0,False,False,True,True
2023-02-04 11:00:00,-15.6,108.0,,0.0,False,False,True,True
2023-02-04 12:00:00,-15.6,108.0,,0.0,False,False,True,True
2023-02-04 13:00:00,-14.4,108.0,,0.0,False,False,True,True
2023-02-04 14:00:00,-13.3,359.64,,0.0,False,False,True,True
2023-02-04 15:00:00,-11.7,111.6,,0.0,False,False,True,True
2023-02-04 16:00:00,-10.6,359.64,,0.0,False,False,True,True
2023-02-04 17:00:00,-8.9,115.2,,0.0,False,False,True,True
2023-02-04 18:00:00,-7.8,359.64,,0.0,False,False,True,True
2023-02-04 19:00:00,-7.2,359.64,,0.0,False,False,True,True
2023-02-04 20:00:00,-6.0,359.64,,0.0,False,False,True,True
2023-02-04 21:00:00,-5.6,359.64,,0.0,False,False,True,True
2023-02-04 22:00:00,-5.6,75.6,,0.0,False,False,True,True
2023-02-04 23:00:00,-4.4,359.64,,0.0,False,False,True,True
2023-02-05 00:00:00,-3.9,359.64,,0.0,False,False,True,True
2023-02-05 01:00:00,-3.9,79.2,,0.0,False,False,True,True
2023-02-05 02:00:00,-3.9,79.2,,0.0,False,False,True,True
2023-02-05 03:00:00,-2.8,359.64,,0.0,False,False,True,True
2023-02-05 04:00:00,-2.8,359.64,,0.0,False,False,True,True
2023-02-05 05:00:00,-2.2,359.64,,0.0,False,False,True,True
2023-02-05 06:00:00,-1.7,359.64,,0.0,False,False,True,True
2023-02-05 07:00:00,-1.7,359.64,,0.0,False,False,True,True
2023-02-05 08:00:00,-1.1,82.8,,0.0,False,False,True,True
2023-02-05 09:00:00,-1.1,359.64,,0.0,False,False,True,True
2023-02-05 10:00:00,-0.6,82.8,,0.0,False,False,True,True
2023-02-05 11:00:00,-0.6,359.64,,0.0,False,False,True,True
2023-02-05 12:00:00,0.6,359.64,,0.0,False,False,True,False
2023-02-05 13:00:00,1.1,79.2,,0.0,False,False,True,False
2023-02-05 14:00:00,1.7,79.2,,0.0,False,False,True,False
2023-02-05 15:00:00,2.8,82.8,,0.0,False,False,True,False
2023-02-05 16:00:00,4.4,359.64,,0.0,False,False,True,False
2023-02-05 17:00:00,7.2,359.64,,0.0,False,False,True,False
2023-02-05 18:00:00,8.9,359.64,,0.0,False,False,True,False
2023-02-05 19:00:00,8.9,359.64,,0.0,False,False,True,False
2023-02-05 20:00:00,9.4,359.64,,0.0,False,False,True,False
2023-02-05 21:00:00,8.3,359.64,,0.0,False,False,True,False
2023-02-05 22:00:00,6.7,359.64,,0.0,False,False,True,False
2023-02-05 23:00:00,7.2,108.0,,0.0,False,False,True,False
2023-02-06 00:00:00,7.8,359.64,,0.0,False,False,True,False
2023-02-06 01:00:00,8.9,359.64,,0.0,False,False,True,False
2023-02-06 02:00:00,7.8,359.64,,0.0,False,False,True,False
2023-02-06 03:00:00,8.3,86.4,,0.0,False,False,True,False
2023-02-06 04:00:00,6.7,359.64,,0.0,False,False,True,False
2023-02-06 05:00:00,6.0,359.64,,0.0,False,False,True,False
2023-02-06 06:00:00,7.8,359.64,,0.0,False,False,True,False
2023-02-06 07:00:00,6.7,359.64,,0.0,False,False,True,False
2023-02-06 08:00:00,6.7,359.64,,0.0,False,False,True,False
2023-02-06 09:00:00,5.6,359.64,,0.0,False,False,True,False
2023-02-06 10:00:00,5.0,359.64,,0.0,False,False,True,False
2023-02-06 11:00:00,5.6,359.64,,0.0,False,False,True,False
2023-02-06 12:00:00,5.6,359.64,,0.0,False,False,True,False
2023-02-06 13:00:00,5.6,359.64,,0.0,False,False,True,False
2023-02-06 14:00:00,7.2,359.64,,0.0,False,False,True,False
2023-02-06 15:00:00,8.9,14.4,,0.0,False,False,False,False
2023-02-06 16:00:00,10.0,3.6,,0.0,False,False,False,False
2023-02-06 17:00:00,11.1,129.6,,0.0,False,False,True,False
2023-02-06 18:00:00,9.4,359.64,,0.0,False,False,True,False
2023-02-06 19:00:00,8.9,7.2,,0.0,False,False,False,False
2023-02-06 20:00:00,7.8,359.64,,0.0,False,False,True,False
2023-02-06 21:00:00,7.2,3.6,,0.0,False,False,False,False
2023-02-06 22:00:00,6.7,359.64,,0.0,False,False,True,False
2023-02-06 23:00:00,6.1,3.6,,0.0,False,False,False,False
2023-02-07 00:00:00,5.0,359.64,,0.0,False,False,True,False
2023-02-07 01:00:00,4.4,359.64,,0.0,False,False,True,False
2023-02-07 02:00:00,2.8,359.64,,0.0,False,False,True,False
2023-02-07 03:00:00,1.7,359.64,,0.0,False,False,True,False
2023-02-07 04:00:00,1.1,359.64,,0.0,False,False,True,False
2023-02-07 05:00:00,0.6,359.64,,0.0,False,False,True,False
2023-02-07 06:00:00,0.6,10.8,,0.0,False,False,False,False
2023-02-07 07:00:00,0.0,10.8,,0.0,False,False,False,False
2023-02-07 08:00:00,-0.6,359.64,,0.0,False,False,True,True
2023-02-07 09:00:00,-0.6,3.6,,0.0,False,False,False,True
2023-02-07 10:00:00,-1.1,359.64,,0.0,False,False,True,True
2023-02-07 11:00:00,-1.1,122.4,,0.0,False,False,True,True
2023-02-07 12:00:00,-0.6,359.64,,0.0,False,False,True,True
2023-02-07 13:00:00,0.6,18.0,,0.0,False,False,False,False
2023-02-07 14:00:00,1.1,21.6,,0.0,False,False,False,False
2023-02-07 15:00:00,2.8,21.6,,0.0,False,False,False,False
2023-02-07 16:00:00,4.4,359.64,,0.0,False,False,True,False
2023-02-07 17:00:00,3.9,57.6,,0.0,False,False,True,False
2023-02-07 18:00:00,3.9,50.4,,0.0,False,False,True,False
2023-02-07 19:00:00,3.9,359.64,,0.0,False,False,True,False
2023-02-07 20:00:00,4.4,359.64,,0.0,False,False,True,False
2023-02-07 21:00:00,5.0,50.4,,0.0,False,False,True,False
2023-02-07 22:00:00,4.4,359.64,,0.0,False,False,True,False
2023-02-07 23:00:00,5.0,57.6,,0.0,False,False,True,False
2023-02-08 00:00:00,6.1,359.64,,0.0,False,False,True,False
2023-02-08 01:00:00,5.6,93.6,,0.0,False,False,True,False
2023-02-08 02:00:00,5.0,86.4,,0.0,False,False,True,False
2023-02-08 03:00:00,5.0,359.64,,0.3,True,False,True,False
2023-02-08 04:00:00,5.0,359.64,,0.8,True,False,True,False
2023-02-08 05:00:00,5.6,93.6,,0.5,True,False,True,False
2023-02-08 06:00:00,5.0,86.4,,0.0,False,False,True,False
2023-02-08 07:00:00,4.4,97.2,,0.0,False,False,True,False
2023-02-08 08:00:00,4.4,359.64,,0.0,False,False,True,False
2023-02-08 09:00:00,4.4,104.4,,0.0,False,False,True,False
2023-02-08 10:00:00,4.4,97.2,6.44,0.0,False,False,True,False
2023-02-08 11:00:00,4.15,296.73,3.42,0.5,True,True,True,False
2023-02-08 12:00:00,5.57,184.68,4.16,0.0,False,True,True,False
2023-02-08 13:00:00,6.7,108.0,,0.0,False,False,True,False
2023-02-08 14:00:00,7.8,359.64,,0.0,False,False,True,False
2023-02-08 15:00:00,7.8,108.0,,0.0,False,False,True,False
2023-02-08 16:00:00,8.9,359.64,,0.0,False,False,True,False
2023-02-08 17:00:00,10.0,359.64,,0.0,False,False,True,False
2023-02-08 18:00:00,10.0,108.0,,0.0,False,False,True,False
2023-02-08 19:00:00,11.1,111.6,,0.0,False,False,True,False
2023-02-08 20:00:00,11.7,108.0,,0.0,False,False,True,False
2023-02-08 21:00:00,11.1,359.64,,0.0,False,False,True,False
2023-02-08 22:00:00,10.6,100.8,,0.0,False,False,True,False
2023-02-08 23:00:00,10.6,100.8,,0.0,False,False,True,False
2023-02-09 00:00:00,10.0,108.0,,0.0,False,False,True,False
2023-02-09 01:00:00,9.4,104.4,,0.0,False,False,True,False
2023-02-09 02:00:00,9.4,359.64,,0.0,False,False,True,False
2023-02-09 03:00:00,8.9,97.2,,0.0,False,False,True,False
2023-02-09 04:00:00,8.9,223.02,,0.0,False,False,True,False
2023-02-09 05:00:00,7.8,359.64,,0.0,False,False,True,False
2023-02-09 06:00:00,7.2,359.64,,0.0,False,False,True,False
2023-02-09 07:00:00,6.7,359.64,,0.0,False,False,True,False
2023-02-09 08:00:00,6.7,104.4,,0.0,False,False,True,False
2023-02-09 09:00:00,6.1,7.2,,0.0,False,False,False,False
2023-02-09 10:00:00,6.7,359.64,,0.0,False,False,True,False
2023-02-09 11:00:00,6.7,359.64,,0.0,False,False,True,False
2023-02-09 12:00:00,6.1,359.64,,0.0,False,False,True,False
2023-02-09 13:00:00,6.7,359.64,,0.0,False,False,True,False
2023-02-09 14:00:00,8.9,359.64,,0.0,False,False,True,False
2023-02-09 15:00:00,8.6,197.82,,0.0,False,False,True,False
2023-02-09 16:00:00,8.3,43.2,,0.0,False,False,True,False
2023-02-09 17:00:00,10.0,206.82,,0.0,False,False,True,False
2023-02-09 18:00:00,10.6,359.64,,0.0,False,False,True,False
2023-02-09 19:00:00,11.1,359.64,,0.0,False,False,True,False
2023-02-09 20:00:00,11.1,359.64,,0.0,False,False,True,False
2023-02-09 21:00:00,10.85,208.62,,0.0,False,False,True,False
2023-02-09 22:00:00,10.15,207.72,,0.0,False,False,True,False
2023-02-09 23:00:00,10.6,57.6,,0.0,False,False,True,False
2023-02-10 00:00:00,12.2,57.6,,0.0,False,False,True,False
2023-02-10 01:00:00,12.8,359.64,,0.0,False,False,True,False
2023-02-10 02:00:00,12.8,50.4,,0.0,False,False,True,False
2023-02-10 03:00:00,12.2,359.64,,0.0,False,False,True,False
2023-02-10 04:00:00,11.7,205.02,,0.0,False,False,True,False
2023-02-10 05:00:00,11.7,359.64,,0.0,False,False,True,False
2023-02-10 06:00:00,13.9,359.64,,0.0,False,False,True,False
2023-02-10 07:00:00,14.4,359.64,,0.0,False,False,True,False
2023-02-10 08:00:00,15.0,359.64,,0.0,False,False,True,False
2023-02-10 09:00:00,15.6,359.64,,0.0,False,False,True,False
2023-02-10 10:00:00,15.6,359.64,,0.0,False,False,True,False
2023-02-10 11:00:00,14.4,100.8,,0.0,False,False,True,False
2023-02-10 12:00:00,13.3,100.8,,0.0,False,False,True,False
2023-02-10 13:00:00,13.3,97.2,,0.0,False,False,True,False
2023-02-10 14:00:00,13.3,100.8,,0.0,False,False,True,False
2023-02-10 15:00:00,13.9,108.0,,0.0,False,False,True,False
2023-02-10 16:00:00,13.9,93.6,,0.0,False,False,True,False
2023-02-10 17:00:00,13.9,97.2,,0.0,False,False,True,False
2023-02-10 18:00:00,13.9,100.8,,0.0,False,False,True,False
2023-02-10 19:00:00,13.9,93.6,,0.0,False,False,True,False
2023-02-10 20:00:00,13.9,359.64,,0.0,False,False,True,False
2023-02-10 21:00:00,12.8,100.8,,0.0,False,False,True,False
2023-02-10 22:00:00,11.1,104.4,,0.0,False,False,True,False
2023-02-10 23:00:00,10.0,108.0,,0.0,False,False,True,False
2023-02-11 00:00:00,9.4,115.2,,0.0,False,False,True,False
2023-02-11 01:00:00,9.4,359.64,,0.0,False,False,True,False
2023-02-11 02:00:00,8.9,97.2,,0.0,False,False,True,False
2023-02-11 03:00:00,8.3,100.8,,0.0,False,False,True,False
2023-02-11 04:00:00,7.2,359.64,,0.0,False,False,True,False
2023-02-11 05:00:00,7.2,104.4,,0.0,False,False,True,False
2023-02-11 06:00:00,6.1,111.6,,0.0,False,False,True,False
2023-02-11 07:00:00,5.0,359.64,,0.0,False,False,True,False
2023-02-11 08:00:00,4.4,108.0,,0.0,False,False,True,False
2023-02-11 09:00:00,3.9,104.4,,0.0,False,False,True,False
2023-02-11 10:00:00,3.3,108.0,,0.0,False,False,True,False
2023-02-11 11:00:00,2.8,108.0,,0.0,False,False,True,False
2023-02-11 12:00:00,2.8,359.64,,0.0,False,False,True,False
2023-02-11 13:00:00,2.8,359.64,,0.0,False,False,True,False
2023-02-11 14:00:00,3.9,359.64,,0.0,False,False,True,False
2023-02-11 15:00:00,4.4,108.0,,0.0,False,False,True,False
2023-02-11 16:00:00,5.6,359.64,,0.0,False,False,True,False
2023-02-11 17:00:00,6.1,359.64,,0.0,False,False,True,False
2023-02-11 18:00:00,6.1,108.0,,0.0,False,False,True,False
2023-02-11 19:00:00,7.2,359.64,,0.0,False,False,True,False
2023-02-11 20:00:00,6.7,115.2,,0.0,False,False,True,False
2023-02-11 21:00:00,6.1,359.64,,0.0,False,False,True,False
2023-02-11 22:00:00,5.6,359.64,,0.0,False,False,True,False
2023-02-11 23:00:00,5.6,359.64,,0.0,False,False,True,False
2023-02-12 00:00:00,5.0,359.64,,0.0,False,False,True,False
2023-02-12 01:00:00,4.4,104.4,,0.0,False,False,True,False
2023-02-12 02:00:00,3.9,115.2,,0.0,False,False,True,False
2023-02-12 03:00:00,4.4,359.64,,0.0,False,False,True,False
2023-02-12 04:00:00,3.9,359.64,,0.0,False,False,True,False
2023-02-12 05:00:00,4.4,104.4,,0.0,False,False,True,False
2023-02-12 06:00:00,4.4,359.64,,0.0,False,False,True,False
2023-02-12 07:00:00,4.4,359.64,,0.0,False,False,True,False
2023-02-12 08:00:00,5.0,359.64,,0.0,False,False,True,False
2023-02-12 09:00:00,5.0,86.4,,0.0,False,False,True,False
2023-02-12 10:00:00,4.4,359.64,,0.0,False,False,True,False
2023-02-12 11:00:00,3.9,86.4,,0.0,False,False,True,False
2023-02-12 12:00:00,4.4,359.64,,0.0,False,False,True,False
2023-02-12 13:00:00,5.6,108.0,,0.0,False,False,True,False
2023-02-12 14:00:00,6.1,359.64,,0.0,False,False,True,False
2023-02-12 15:00:00,6.7,359.64,,0.0,False,False,True,False
2023-02-12 16:00:00,7.2,359.64,,0.0,False,False,True,False
2023-02-12 17:00:00,7.8,97.2,,0.0,False,False,True,False
2023-02-12 18:00:00,8.3,43.2,,0.0,False,False,True,False
2023-02-12 19:00:00,8.3,359.64,,0.0,False,False,True,False
2023-02-12 20:00:00,8.9,18.0,,0.0,False,False,False,False
2023-02-12 21:00:00,8.3,18.0,,0.0,False,False,False,False
2023-02-12 22:00:00,7.2,359.64,,0.0,False,False,True,False
2023-02-12 23:00:00,6.7,21.6,,0.0,False,False,False,False
2023-02-13 00:00:00,6.7,21.6,,0.0,False,False,False,False
2023-02-13 01:00:00,6.1,21.6,,0.0,False,False,False,False
2023-02-13 02:00:00,6.1,18.0,,0.0,False,False,False,False
2023-02-13 03:00:00,5.0,18.0,,0.3,True,False,False,False
2023-02-13 04:00:00,5.0,359.64,,0.3,True,False,True,False
2023-02-13 05:00:00,6.1,18.0,,0.3,True,False,False,False
2023-02-13 06:00:00,6.1,14.4,,0.0,False,False,False,False
2023-02-13 07:00:00,6.1,359.64,,0.0,False,False,True,False
2023-02-13 08:00:00,6.1,359.64,,0.0,False,False,True,False
2023-02-13 09:00:00,5.6,359.64,,0.0,False,False,True,False
2023-02-13 10:00:00,5.73,359.64,,0.0,False,False,True,False
2023-02-13 11:00:00,5.3,181.62,,0.3,True,False,True,False
2023-02-13 12:00:00,5.0,3.6,,0.0,False,False,False,False
2023-02-13 13:00:00,6.1,181.62,,0.0,False,False,True,False
2023-02-13 14:00:00,7.2,7.2,,0.0,False,False,False,False
2023-02-13 15:00:00,8.3,359.64,,0.0,False,False,True,False
2023-02-13 16:00:00,10.0,104.4,,0.0,False,False,True,False
2023-02-13 17:00:00,11.7,115.2,,0.0,False,False,True,False
2023-02-13 18:00:00,12.8,104.4,,0.0,False,False,True,False
2023-02-13 19:00:00,13.3,359.64,,0.0,False,False,True,False
2023-02-13 20:00:00,13.9,359.64,,0.0,False,False,True,False
2023-02-13 21:00:00,13.3,359.64,,0.0,False,False,True,False
2023-02-13 22:00:00,12.8,82.8,,0.0,False,False,True,False
2023-02-13 23:00:00,12.2,97.2,,0.0,False,False,True,False
2023-02-14 00:00:00,11.1,359.64,,0.0,False,False,True,False
2023-02-14 01:00:00,11.1,86.4,,0.0,False,False,True,False
2023-02-14 02:00:00,10.6,86.4,,0.0,False,False,True,False
2023-02-14 03:00:00,9.4,359.64,,0.0,False,False,True,False
2023-02-14 04:00:00,9.4,359.64,,0.0,False,False,True,False
2023-02-14 05:00:00,8.9,104.4,,0.0,False,False,True,False
2023-02-14 06:00:00,8.3,359.64,,0.0,False,False,True,False
2023-02-14 07:00:00,7.2,359.64,,0.0,False,False,True,False
2023-02-14 08:00:00,6.7,111.6,,0.0,False,False,True,False
2023-02-14 09:00:00,6.7,108.0,,0.0,False,False,True,False
2023-02-14 10:00:00,5.6,111.6,,0.0,False,False,True,False
2023-02-14 11:00:00,5.0,359.64,,0.0,False,False,True,False
2023-02-14 12:00:00,5.0,100.8,,0.0,False,False,True,False
2023-02-14 13:00:00,5.6,359.64,,0.0,False,False,True,False
2023-02-14 14:00:00,7.2,359.64,,0.0,False,False,True,False
2023-02-14 15:00:00,8.3,359.64,,0.0,False,False,True,False
2023-02-14 16:00:00,9.4,359.64,,0.0,False,False,True,False
2023-02-14 17:00:00,10.0,359.64,,0.0,False,False,True,False
2023-02-14 18:00:00,11.1,359.64,,0.0,False,False,True,False
2023-02-14 19:00:00,12.2,359.64,,0.0,False,False,True,False
2023-02-14 20:00:00,12.2,100.8,,0.0,False,False,True,False
2023-02-14 21:00:00,11.7,93.6,,0.0,False,False,True,False
2023-02-14 22:00:00,11.1,359.64,,0.0,False,False,True,False
2023-02-14 23:00:00,10.6,79.2,,0.0,False,False,True,False
2023-02-15 00:00:00,10.6,359.64,,0.0,False,False,True,False
2023-02-15 01:00:00,10.6,86.4,,0.0,False,False,True,False
2023-02-15 02:00:00,10.0,72.0,,0.0,False,False,True,False
2023-02-15 03:00:00,9.4,359.64,,0.0,False,False,True,False
2023-02-15 04:00:00,10.0,214.02,,0.0,False,False,True,False
2023-02-15 05:00:00,10.0,359.64,,0.0,False,False,True,False
2023-02-15 06:00:00,10.0,359.64,,0.0,False,False,True,False
2023-02-15 07:00:00,10.0,359.64,,0.0,False,False,True,False
2023-02-15 08:00:00,8.9,82.8,,0.0,False,False,True,False
2023-02-15 09:00:00,8.9,359.64,,0.0,False,False,True,False
2023-02-15 10:00:00,8.9,359.64,,0.0,False,False,True,False
2023-02-15 11:00:00,9.4,359.64,,0.0,False,False,True,False
2023-02-15 12:00:00,9.4,359.64,,0.0,False,False,True,False
2023-02-15 13:00:00,10.0,57.6,,0.0,False,False,True,False
2023-02-15 14:00:00,11.1,359.64,,0.0,False,False,True,False
2023-02-15 15:00:00,12.8,359.64,,0.0,False,False,True,False
2023-02-15 16:00:00,14.4,359.64,,0.0,False,False,True,False
2023-02-15 17:00:00,15.0,359.64,,0.0,False,False,True,False
2023-02-15 18:00:00,17.2,359.64,,0.0,False,False,True,False
2023-02-15 19:00:00,18.9,359.64,,0.0,False,False,True,False
2023-02-15 20:00:00,18.9,359.64,,0.0,False,False,True,False
2023-02-15 21:00:00,18.9,359.64,,0.0,False,False,True,False
2023-02-15 22:00:00,18.3,359.64,,0.0,False,False,True,False
2023-02-15 23:00:00,17.2,75.6,,0.0,False,False,True,False
2023-02-16 00:00:00,16.7,82.8,,0.0,False,False,True,False
2023-02-16 01:00:00,16.7,82.8,,0.0,False,False,True,False
2023-02-16 02:00:00,16.1,359.64,,0.0,False,False,True,False
2023-02-16 03:00:00,16.1,86.4,,0.0,False,False,True,False
2023-02-16 04:00:00,16.1,224.82,,0.0,False,False,True,False
2023-02-16 05:00:00,15.6,86.4,,0.0,False,False,True,False
2023-02-16 06:00:00,15.6,359.64,,0.0,False,False,True,False
2023-02-16 07:00:00,15.6,86.4,,0.0,False,False,True,False
2023-02-16 08:00:00,15.6,90.0,,0.0,False,False,True,False
2023-02-16 09:00:00,15.0,359.64,,0.0,False,False,True,False
2023-02-16 10:00:00,14.4,359.64,,0.0,False,False,True,False
2023-02-16 11:00:00,15.0,359.64,,0.0,False,False,True,False
2023-02-16 12:00:00,16.1,359.64,,0.0,False,False,True,False
2023-02-16 13:00:00,16.7,359.64,,0.0,False,False,True,False
2023-02-16 14:00:00,16.7,359.64,,0.0,False,False,True,False
2023-02-16 15:00:00,18.3,359.64,,0.0,False,False,True,False
2023-02-16 16:00:00,19.4,79.2,,0.0,False,False,True,False
2023-02-16 17:00:00,20.0,359.64,,0.0,False,False,True,False
2023-02-16 18:00:00,20.6,359.64,,0.0,False,False,True,False
2023-02-16 19:00:00,18.3,359.64,,0.0,False,False,True,False
2023-02-16 20:00:00,14.4,68.4,6.44,2.6,True,False,True,False
2023-02-16 21:00:00,13.3,359.64,,0.5,True,False,True,False
2023-02-16 22:00:00,14.4,359.64,,0.0,False,False,True,False
2023-02-16 23:00:00,15.0,359.64,,1.8,True,False,True,False
2023-02-17 00:00:00,15.0,359.64,,0.0,False,False,True,False
2023-02-17 01:00:00,14.4,359.64,,0.0,False,False,True,False
2023-02-17 02:00:00,15.0,77.4,,0.0,False,False,True,False
2023-02-17 03:00:00,14.4,359.64,,0.0,False,False,True,False
2023-02-17 04:00:00,13.9,359.64,,1.8,True,False,True,False
2023-02-17 05:00:00,15.0,68.4,,0.0,False,False,True,False
2023-02-17 06:00:00,14.4,100.8,,0.0,False,False,True,False
2023-02-17 07:00:00,13.9,359.64,,0.0,False,False,True,False
2023-02-17 08:00:00,13.9,359.64,,0.0,False,False,True,False
2023-02-17 09:00:00,14.4,359.64,,0.0,False,False,True,False
2023-02-17 10:00:00,14.1,266.16,,0.0,False,False,True,False
2023-02-17 11:00:00,13.9,359.64,,1.8,True,False,True,False
2023-02-17 12:00:00,13.9,359.64,6.44,0.0,False,False,True,False
2023-02-17 13:00:00,14.4,359.64,,0.0,False,False,True,False
2023-02-17 14:00:00,15.0,74.4,5.36,4.0,True,False,True,False
2023-02-17 15:00:00,15.0,68.4,,0.0,False,False,True,False
2023-02-17 16:00:00,15.6,82.8,,0.0,False,False,True,False
2023-02-17 17:00:00,16.1,359.64,,1.8,True,False,True,False
2023-02-17 18:00:00,10.73,153.54,2.41,10.2,True,True,True,False
2023-02-17 19:00:00,3.9,359.64,,0.0,False,False,True,False
2023-02-17 20:00:00,8.7,199.08,,2.5,True,False,True,False
2023-02-17 21:00:00,6.1,115.2,,0.0,False,False,True,False
2023-02-17 22:00:00,5.0,104.4,,0.3,True,False,True,False
2023-02-17 23:00:00,3.9,108.0,,2.8,True,False,True,False
2023-02-18 00:00:00,2.2,108.0,,0.0,False,False,True,False
2023-02-18 01:00:00,1.1,115.2,,0.0,False,False,True,False
2023-02-18 02:00:00,0.6,108.0,,0.0,False,False,True,False
2023-02-18 03:00:00,0.6,104.4,,0.0,False,False,True,False
2023-02-18 04:00:00,0.0,233.82,,4.6,True,False,True,False
2023-02-18 05:00:00,0.0,115.2,,0.0,False,False,True,False
2023-02-18 06:00:00,0.0,359.64,,0.0,False,False,True,False
2023-02-18 07:00:00,-0.6,104.4,,0.0,False,False,True,True
2023-02-18 08:00:00,-0.6,108.0,,0.0,False,False,True,True
2023-02-18 09:00:00,-1.1,104.4,,0.0,False,False,True,True
2023-02-18 10:00:00,-1.7,104.4,,0.0,False,False,True,True
2023-02-18 11:00:00,-2.2,104.4,,4.6,True,False,True,True
2023-02-18 12:00:00,-2.8,359.64,,0.0,False,False,True,True
2023-02-18 13:00:00,-2.2,111.6,,0.0,False,False,True,True
2023-02-18 14:00:00,-1.1,100.8,,0.0,False,False,True,True
2023-02-18 15:00:00,0.6,93.6,,0.0,False,False,True,False
2023-02-18 16:00:00,2.2,359.64,,0.0,False,False,True,False
2023-02-18 17:00:00,3.3,82.8,,0.0,False,False,True,False
2023-02-18 18:00:00,3.9,82.8,,0.0,False,False,True,False
2023-02-18 19:00:00,5.0,359.64,,0.0,False,False,True,False
2023-02-18 20:00:00,5.6,359.64,,0.0,False,False,True,False
2023-02-18 21:00:00,5.6,90.0,,0.0,False,False,True,False
2023-02-18 22:00:00,5.0,359.64,,0.0,False,False,True,False
2023-02-18 23:00:00,5.0,359.64,,0.0,False,False,True,False
2023-02-19 00:00:00,5.0,82.8,,0.0,False,False,True,False
2023-02-19 01:00:00,4.4,82.8,,0.0,False,False,True,False
2023-02-19 02:00:00,3.9,359.64,,0.0,False,False,True,False
2023-02-19 03:00:00,4.4,359.64,,0.0,False,False,True,False
2023-02-19 04:00:00,3.9,224.82,,0.0,False,False,True,False
2023-02-19 05:00:00,3.3,359.64,,0.0,False,False,True,False
2023-02-19 06:00:00,3.3,359.64,,0.0,False,False,True,False
2023-02-19 07:00:00,3.3,86.4,,0.0,False,False,True,False
2023-02-19 08:00:00,3.3,359.64,,0.0,False,False,True,False
2023-02-19 09:00:00,3.9,359.64,,0.0,False,False,True,False
2023-02-19 10:00:00,3.9,90.0,,0.0,False,False,True,False
2023-02-19 11:00:00,3.9,86.4,,0.0,False,False,True,False
2023-02-19 12:00:00,3.9,18.0,,0.0,False,False,False,False
2023-02-19 13:00:00,5.0,359.64,,0.0,False,False,True,False
2023-02-19 14:00:00,6.7,359.64,,0.0,False,False,True,False
2023-02-19 15:00:00,7.2,359.64,,0.0,False,False,True,False
2023-02-19 16:00:00,7.8,359.64,,0.0,False,False,True,False
2023-02-19 17:00:00,7.8,359.64,,0.0,False,False,True,False
2023-02-19 18:00:00,8.9,359.64,,0.0,False,False,True,False
2023-02-19 19:00:00,9.4,359.64,,0.0,False,False,True,False
2023-02-19 20:00:00,8.3,359.64,,0.0,False,False,True,False
2023-02-19 21:00:00,7.8,359.64,,0.0,False,False,True,False
2023-02-19 22:00:00,7.2,359.64,,0.0,False,False,True,False
2023-02-19 23:00:00,7.2,359.64,,0.0,False,False,True,False
2023-02-20 00:00:00,7.8,359.64,,0.0,False,False,True,False
2023-02-20 01:00:00,8.3,359.64,,0.0,False,False,True,False
2023-02-20 02:00:00,8.3,359.64,,0.0,False,False,True,False
2023-02-20 03:00:00,8.9,359.64,,0.0,False,False,True,False
2023-02-20 04:00:00,9.4,359.64,,0.0,False,False,True,False
2023-02-20 05:00:00,10.0,359.64,,0.0,False,False,True,False
2023-02-20 06:00:00,8.9,359.64,,0.0,False,False,True,False
2023-02-20 07:00:00,8.3,93.6,,0.0,False,False,True,False
2023-02-20 08:00:00,8.9,86.4,,0.0,False,False,True,False
2023-02-20 09:00:00,8.3,82.8,,0.0,False,False,True,False
2023-02-20 10:00:00,8.3,90.0,,0.0,False,False,True,False
2023-02-20 11:00:00,8.9,82.8,,0.0,False,False,True,False
2023-02-20 12:00:00,8.9,86.4,,0.0,False,False,True,False
2023-02-20 13:00:00,9.4,93.6,,0.0,False,False,True,False
2023-02-20 14:00:00,9.4,93.6,,0.0,False,False,True,False
2023-02-20 15:00:00,9.4,359.64,,0.0,False,False,True,False
2023-02-20 16:00:00,10.6,359.64,,0.0,False,False,True,False
2023-02-20 17:00:00,12.2,359.64,,0.0,False,False,True,False
2023-02-20 18:00:00,15.0,359.64,,0.0,False,False,True,False
2023-02-20 19:00:00,16.1,97.2,,0.0,False,False,True,False
2023-02-20 20:00:00,15.0,359.64,,0.0,False,False,True,False
2023-02-20 21:00:00,15.0,359.64,,0.0,False,False,True,False
2023-02-20 22:00:00,14.4,359.64,,0.0,False,False,True,False
2023-02-20 23:00:00,13.9,359.64,,0.0,False,False,True,False
2023-02-21 00:00:00,13.9,104.4,,0.0,False,False,True,False
2023-02-21 01:00:00,13.3,111.6,,0.0,False,False,True,False
2023-02-21 02:00:00,12.8,359.64,,0.0,False,False,True,False
2023-02-21 03:00:00,11.7,7.2,,0.0,False,False,False,False
2023-02-21 04:00:00,10.0,185.22,,0.0,False,False,True,False
2023-02-21 05:00:00,8.9,14.4,,0.0,False,False,False,False
2023-02-21 06:00:00,8.3,18.0,,0.0,False,False,False,False
2023-02-21 07:00:00,5.6,10.8,6.44,1.0,True,False,False,False
2023-02-21 08:00:00,4.4,10.8,,2.6,True,False,False,False
2023-02-21 09:00:00,3.3,359.64,6.44,2.3,True,False,True,False
2023-02-21 10:00:00,3.3,18.0,,0.8,True,False,False,False
2023-02-21 11:00:00,2.9,190.62,,10.5,True,False,True,False
2023-02-21 12:00:00,3.3,18.0,,0.0,False,False,False,False
2023-02-21 13:00:00,3.3,25.2,,0.0,False,False,True,False
2023-02-21 14:00:00,3.9,359.64,,0.0,False,False,True,False
2023-02-21 15:00:00,4.4,359.64,,0.0,False,False,True,False
2023-02-21 16:00:00,5.0,359.64,9.66,0.0,False,False,True,False
2023-02-21 17:00:00,5.6,359.64,,0.0,False,False,True,False
2023-02-21 18:00:00,6.1,359.64,9.66,0.0,False,False,True,False
2023-02-21 19:00:00,7.8,359.64,,0.0,False,False,True,False
2023-02-21 20:00:00,7.2,359.64,8.05,0.3,True,False,True,False
2023-02-21 21:00:00,6.7,359.64,5.33,1.3,True,False,True,False
2023-02-21 22:00:00,6.05,359.64,6.84,1.3,True,False,True,False
2023-02-21 23:00:00,6.7,90.0,,1.8,True,False,True,False
2023-02-22 00:00:00,7.2,359.64,,0.0,False,False,True,False
2023-02-22 01:00:00,6.7,86.4,,0.0,False,False,True,False
2023-02-22 02:00:00,6.7,359.64,,0.0,False,False,True,False
2023-02-22 03:00:00,6.7,359.64,,0.0,False,False,True,False
2023-02-22 04:00:00,6.1,233.82,,6.9,True,False,True,False
2023-02-22 05:00:00,5.0,108.0,,0.0,False,False,True,False
2023-02-22 06:00:00,5.0,100.8,,0.0,False,False,True,False
2023-02-22 07:00:00,5.0,100.8,,0.0,False,False,True,False
2023-02-22 08:00:00,4.4,104.4,,0.0,False,False,True,False
2023-02-22 09:00:00,3.9,359.64,,0.0,False,False,True,False
2023-02-22 10:00:00,3.3,108.0,,0.0,False,False,True,False
2023-02-22 11:00:00,3.3,108.0,,1.8,True,False,True,False
2023-02-22 12:00:00,3.9,108.0,,0.0,False,False,True,False
2023-02-22 13:00:00,5.0,129.6,,0.0,False,False,True,False
2023-02-22 14:00:00,5.6,359.64,,0.0,False,False,True,False
2023-02-22 15:00:00,5.6,359.64,,0.0,False,False,True,False
2023-02-22 16:00:00,5.6,100.8,,0.0,False,False,True,False
2023-02-22 17:00:00,6.1,359.64,,0.0,False,False,True,False
2023-02-22 18:00:00,5.6,359.64,,0.0,False,False,True,False
2023-02-22 19:00:00,3.9,108.0,,0.5,True,False,True,False
2023-02-22 20:00:00,3.3,10.8,8.05,3.1,True,False,False,False
2023-02-22 21:00:00,2.97,129.48,6.44,3.8,True,False,True,False
2023-02-22 22:00:00,2.87,250.56,,0.0,False,False,True,False
2023-02-22 23:00:00,3.05,21.6,,3.6,True,False,False,False
2023-02-23 00:00:00,2.8,21.6,8.05,0.0,False,False,False,False
2023-02-23 01:00:00,3.3,359.64,,0.0,False,False,True,False
2023-02-23 02:00:00,3.9,359.64,,0.0,False,False,True,False
2023-02-23 03:00:00,3.3,359.64,,0.0,False,False,True,False
2023-02-23 04:00:00,3.15,142.68,,3.6,True,False,True,False
2023-02-23 05:00:00,3.3,18.0,6.44,0.0,False,False,False,False
2023-02-23 06:00:00,3.3,14.4,8.05,0.0,False,False,False,False
2023-02-23 07:00:00,3.3,21.6,8.05,0.0,False,False,False,False
2023-02-23 08:00:00,3.3,25.2,,0.6,True,False,True,False
2023-02-23 09:00:00,3.3,28.8,,0.3,True,False,True,False
2023-02-23 10:00:00,3.3,19.8,,0.0,False,False,False,False
2023-02-23 11:00:00,3.3,18.0,9.66,4.6,True,False,False,False
2023-02-23 12:00:00,3.3,21.6,8.05,0.0,False,False,False,False
2023-02-23 13:00:00,3.3,16.2,6.44,0.0,False,False,False,False
2023-02-23 14:00:00,3.9,18.0,,0.0,False,False,False,False
2023-02-23 15:00:00,3.9,359.64,,0.0,False,False,True,False
2023-02-23 16:00:00,3.9,18.0,,0.0,False,False,False,False
2023-02-23 17:00:00,4.4,18.0,,0.0,False,False,False,False
2023-02-23 18:00:00,4.4,28.8,,0.0,False,False,True,False
2023-02-23 19:00:00,4.2,190.62,,0.0,False,False,True,False
2023-02-23 20:00:00,4.4,25.2,,0.0,False,False,True,False
2023-02-23 21:00:00,5.0,18.0,,0.0,False,False,False,False
2023-02-23 22:00:00,5.0,28.8,,0.0,False,False,True,False
2023-02-23 23:00:00,5.6,64.8,,0.0,False,False,True,False
2023-02-24 00:00:00,5.0,359.64,,0.0,False,False,True,False
2023-02-24 01:00:00,5.6,359.64,,0.0,False,False,True,False
2023-02-24 02:00:00,5.8,359.64,6.44,0.0,False,False,True,False
2023-02-24 03:00:00,6.1,359.64,6.44,0.0,False,False,True,False
2023-02-24 04:00:00,6.7,359.64,4.83,0.5,True,True,True,False
2023-02-24 05:00:00,6.1,104.4,2.62,0.0,False,True,True,False
2023-02-24 06:00:00,6.1,183.42,3.62,0.0,False,True,True,False
2023-02-24 07:00:00,5.6,359.64,5.36,0.0,False,False,True,False
2023-02-24 08:00:00,5.93,359.64,7.51,0.0,False,False,True,False
2023-02-24 09:00:00,6.1,233.82,8.05,0.0,False,False,True,False
2023-02-24 10:00:00,6.1,359.64,,0.0,False,False,True,False
2023-02-24 11:00:00,6.1,359.64,,0.0,False,False,True,False
2023-02-24 12:00:00,6.7,108.0,,0.0,False,False,True,False
2023-02-24 13:00:00,7.2,111.6,,0.0,False,False,True,False
2023-02-24 14:00:00,6.1,111.6,,0.0,False,False,True,False
2023-02-24 15:00:00,5.0,108.0,,0.0,False,False,True,False
2023-02-24 16:00:00,6.1,104.4,,0.0,False,False,True,False
2023-02-24 17:00:00,5.0,97.2,,0.0,False,False,True,False
2023-02-24 18:00:00,5.6,111.6,,0.0,False,False,True,False
2023-02-24 19:00:00,5.0,111.6,,0.0,False,False,True,False
2023-02-24 20:00:00,3.9,108.0,,0.0,False,False,True,False
2023-02-24 21:00:00,2.8,122.4,,0.0,False,False,True,False
2023-02-24 22:00:00,1.7,118.8,,0.0,False,False,True,False
2023-02-24 23:00:00,1.1,359.64,,0.0,False,False,True,False
2023-02-25 00:00:00,0.0,108.0,,0.0,False,False,True,False
2023-02-25 01:00:00,-1.1,359.64,,0.0,False,False,True,True
2023-02-25 02:00:00,-2.2,108.0,,0.0,False,False,True,True
2023-02-25 03:00:00,-2.8,359.64,,0.0,False,False,True,True
2023-02-25 04:00:00,-3.9,359.64,,0.0,False,False,True,True
2023-02-25 05:00:00,-4.4,359.64,,0.0,False,False,True,True
2023-02-25 06:00:00,-4.4,359.64,,0.0,False,False,True,True
2023-02-25 07:00:00,-5.0,359.64,,0.0,False,False,True,True
2023-02-25 08:00:00,-5.0,359.64,,0.0,False,False,True,True
2023-02-25 09:00:00,-5.0,359.64,,0.0,False,False,True,True
2023-02-25 10:00:00,-4.4,10.8,,0.0,False,False,False,True
2023-02-25 11:00:00,-4.4,18.0,,0.0,False,False,False,True
2023-02-25 12:00:00,-3.9,359.64,,0.0,False,False,True,True
2023-02-25 13:00:00,-2.8,359.64,,0.0,False,False,True,True
2023-02-25 14:00:00,-2.8,18.0,,0.0,False,False,False,True
2023-02-25 15:00:00,-3.3,359.64,4.83,0.0,False,True,True,True
2023-02-25 16:00:00,-2.2,108.0,,0.0,False,False,True,True
2023-02-25 17:00:00,-2.2,18.0,,0.0,False,False,False,True
2023-02-25 18:00:00,-1.7,359.64,,0.0,False,False,True,True
2023-02-25 19:00:00,-1.7,359.64,,0.0,False,False,True,True
2023-02-25 20:00:00,-1.1,359.64,,0.0,False,False,True,True
2023-02-25 21:00:00,-1.1,359.64,,0.0,False,False,True,True
2023-02-25 22:00:00,-0.3,359.64,,0.0,False,False,True,True
2023-02-25 23:00:00,0.6,359.64,,0.0,False,False,True,False
2023-02-26 00:00:00,0.3,224.82,,0.0,False,False,True,False
2023-02-26 01:00:00,0.0,359.64,,0.0,False,False,True,False
2023-02-26 02:00:00,-0.6,359.64,,0.0,False,False,True,True
2023-02-26 03:00:00,0.0,104.4,,0.0,False,False,True,False
2023-02-26 04:00:00,0.0,359.64,,0.0,False,False,True,False
2023-02-26 05:00:00,0.0,359.64,,0.0,False,False,True,False
2023-02-26 06:00:00,-0.6,359.64,,0.0,False,False,True,True
2023-02-26 07:00:00,-0.6,359.64,,0.0,False,False,True,True
2023-02-26 08:00:00,0.0,90.0,,0.0,False,False,True,False
2023-02-26 09:00:00,-0.6,75.6,,0.0,False,False,True,True
2023-02-26 10:00:00,-1.1,359.64,,0.0,False,False,True,True
2023-02-26 11:00:00,-0.6,79.2,,0.0,False,False,True,True
2023-02-26 12:00:00,-0.6,359.64,,0.0,False,False,True,True
2023-02-26 13:00:00,0.0,224.82,,0.0,False,False,True,False
2023-02-26 14:00:00,0.0,182.28,9.66,0.0,False,False,True,False
2023-02-26 15:00:00,0.6,217.62,8.05,0.0,False,False,True,False
2023-02-26 16:00:00,1.4,226.62,6.44,0.0,False,False,True,False
2023-02-26 17:00:00,2.8,86.4,6.44,0.0,False,False,True,False
2023-02-26 18:00:00,4.45,221.22,8.85,0.0,False,False,True,False
2023-02-26 19:00:00,7.2,219.42,,0.0,False,False,True,False
2023-02-26 20:00:00,10.0,86.4,,0.0,False,False,True,False
2023-02-26 21:00:00,10.0,90.0,,0.0,False,False,True,False
2023-02-26 22:00:00,10.0,86.4,,0.0,False,False,True,False
2023-02-26 23:00:00,10.0,359.64,,0.0,False,False,True,False
2023-02-27 00:00:00,8.3,359.64,,0.0,False,False,True,False
2023-02-27 01:00:00,7.2,359.64,,0.0,False,False,True,False
2023-02-27 02:00:00,5.6,14.4,,0.0,False,False,False,False
2023-02-27 03:00:00,4.4,359.64,,0.0,False,False,True,False
2023-02-27 04:00:00,4.4,233.82,,0.0,False,False,True,False
2023-02-27 05:00:00,3.9,104.4,,0.0,False,False,True,False
2023-02-27 06:00:00,3.3,108.0,,0.0,False,False,True,False
2023-02-27 07:00:00,2.8,359.64,,0.0,False,False,True,False
2023-02-27 08:00:00,2.2,104.4,,0.0,False,False,True,False
2023-02-27 09:00:00,2.2,359.64,,0.0,False,False,True,False
2023-02-27 10:00:00,1.7,359.64,,0.0,False,False,True,False
2023-02-27 11:00:00,1.1,10.8,,0.0,False,False,False,False
2023-02-27 12:00:00,1.7,359.64,,0.0,False,False,True,False
2023-02-27 13:00:00,2.8,359.64,,0.0,False,False,True,False
2023-02-27 14:00:00,3.3,32.4,,0.0,False,False,True,False
2023-02-27 15:00:00,3.9,28.8,,0.0,False,False,True,False
2023-02-27 16:00:00,5.0,18.0,,0.0,False,False,False,False
2023-02-27 17:00:00,6.1,359.64,,0.0,False,False,True,False
2023-02-27 18:00:00,6.1,359.64,,0.0,False,False,True,False
2023-02-27 19:00:00,6.7,359.64,,0.0,False,False,True,False
2023-02-27 20:00:00,5.6,359.64,,0.0,False,False,True,False
2023-02-27 21:00:00,4.4,359.64,,0.0,False,False,True,False
2023-02-27 22:00:00,3.9,359.64,,0.0,False,False,True,False
2023-02-27 23:00:00,3.3,57.6,,0.0,False,False,True,False
2023-02-28 00:00:00,2.8,359.64,,0.0,False,False,True,False
2023-02-28 01:00:00,1.52,165.46,1.77,1.4,True,True,True,False
2023-02-28 02:00:00,0.68,228.74,1.13,8.3,True,True,True,False
2023-02-28 03:00:00,0.6,163.3,2.58,2.4,True,True,True,False
2023-02-28 04:00:00,0.68,197.82,2.9,8.3,True,True,True,False
2023-02-28 05:00:00,0.6,21.6,2.21,11.1,True,True,False,False
2023-02-28 06:00:00,0.6,21.6,2.82,1.5,True,True,False,False
2023-02-28 07:00:00,0.7,23.4,3.82,2.3,True,True,False,False
2023-02-28 08:00:00,0.6,21.6,5.63,4.3,True,False,False,False
2023-02-28 09:00:00,0.6,21.6,6.44,0.3,True,False,False,False
2023-02-28 10:00:00,0.6,22.8,2.95,0.9,True,True,False,False
2023-02-28 11:00:00,0.0,22.8,5.36,16.5,True,False,False,False
2023-02-28 12:00:00,0.53,21.6,3.08,0.5,True,True,False,False
2023-02-28 13:00:00,0.6,25.2,3.22,0.5,True,True,True,False
2023-02-28 14:00:00,1.1,245.76,4.29,1.4,True,True,True,False
2023-02-28 15:00:00,1.4,183.42,3.22,0.3,True,True,True,False
2023-02-28 16:00:00,1.78,301.23,2.92,0.9,True,True,True,False
2023-02-28 17:00:00,2.1,359.64,3.22,2.1,True,True,True,False
2023-02-28 18:00:00,1.1,104.4,4.83,0.2,True,True,True,False
2023-02-28 19:00:00,2.2,359.64,8.05,0.0,False,False,True,False
2023-02-28 20:00:00,2.2,359.64,9.66,0.3,True,False,True,False
2023-02-28 21:00:00,2.2,3.6,,0.0,False,False,False,False
2023-02-28 22:00:00,2.5,301.23,,0.0,False,False,True,False
2023-02-28 23:00:00,2.5,359.64,,0.3,True,False,True,False
2023-03-01 00:00:00,2.2,108.0,,0.0,False,False,True,False
2023-03-01 01:00:00,2.2,359.64,,0.0,False,False,True,False
2023-03-01 02:00:00,2.2,97.2,,0.0,False,False,True,False
2023-03-01 03:00:00,2.8,359.64,,0.0,False,False,True,False
2023-03-01 04:00:00,2.8,359.64,,8.6,True,False,True,False
2023-03-01 05:00:00,2.8,97.2,,0.0,False,False,True,False
2023-03-01 06:00:00,2.8,100.8,,0.0,False,False,True,False
2023-03-01 07:00:00,2.2,108.0,,0.0,False,False,True,False
2023-03-01 08:00:00,1.7,108.0,,0.0,False,False,True,False
2023-03-01 09:00:00,2.2,359.64,,0.0,False,False,True,False
2023-03-01 10:00:00,1.1,359.64,,0.0,False,False,True,False
2023-03-01 11:00:00,1.7,14.4,,2.0,True,False,False,False
2023-03-01 12:00:00,2.2,25.2,,0.0,False,False,True,False
2023-03-01 13:00:00,3.3,39.6,,0.0,False,False,True,False
2023-03-01 14:00:00,4.4,32.4,,0.0,False,False,True,False
2023-03-01 15:00:00,5.0,32.4,,0.0,False,False,True,False
2023-03-01 16:00:00,6.1,68.4,,0.0,False,False,True,False
2023-03-01 17:00:00,6.7,359.64,,0.0,False,False,True,False
2023-03-01 18:00:00,5.6,359.64,,0.0,False,False,True,False
2023-03-01 19:00:00,5.6,359.64,,0.0,False,False,True,False
2023-03-01 20:00:00,5.0,359.64,,0.0,False,False,True,False
2023-03-01 21:00:00,5.3,359.64,,0.0,False,False,True,False
2023-03-01 22:00:00,5.6,359.64,,0.0,False,False,True,False
2023-03-01 23:00:00,5.6,359.64,,0.0,False,False,True,False
2023-03-02 00:00:00,5.73,258.96,,0.0,False,False,True,False
2023-03-02 01:00:00,5.0,359.64,6.44,0.0,False,False,True,False
2023-03-02 02:00:00,5.0,32.4,4.83,0.0,False,True,True,False
2023-03-02 03:00:00,5.0,32.4,6.44,0.0,False,False,True,False
2023-03-02 04:00:00,4.4,248.16,4.83,0.0,False,True,True,False
2023-03-02 05:00:00,4.4,25.2,6.44,0.0,False,False,True,False
2023-03-02 06:00:00,4.4,359.64,4.83,0.0,False,True,True,False
2023-03-02 07:00:00,4.4,246.96,5.1,0.0,False,False,True,False
2023-03-02 08:00:00,4.4,359.64,6.44,0.0,False,False,True,False
2023-03-02 09:00:00,4.4,18.0,4.83,0.0,False,True,False,False
2023-03-02 10:00:00,5.0,18.0,6.44,0.0,False,False,False,False
2023-03-02 11:00:00,5.0,359.64,4.83,0.0,False,True,True,False
2023-03-02 12:00:00,5.0,307.5,4.09,0.0,False,True,True,False
2023-03-02 13:00:00,5.6,359.64,4.02,0.0,False,True,True,False
2023-03-02 14:00:00,5.6,275.76,3.22,0.0,False,True,True,False
2023-03-02 15:00:00,5.9,191.88,2.95,0.0,False,True,True,False
2023-03-02 16:00:00,6.68,165.51,4.83,0.0,False,True,True,False
2023-03-02 17:00:00,8.9,228.42,,0.0,False,False,True,False
2023-03-02 18:00:00,10.37,274.56,,0.0,False,False,True,False
2023-03-02 19:00:00,12.2,359.64,,0.0,False,False,True,False
2023-03-02 20:00:00,12.2,359.64,,0.0,False,False,True,False
2023-03-02 21:00:00,11.7,108.0,,0.0,False,False,True,False
2023-03-02 22:00:00,10.0,108.0,,0.0,False,False,True,False
2023-03-02 23:00:00,9.4,126.0,,0.0,False,False,True,False
2023-03-03 00:00:00,8.9,359.64,,0.0,False,False,True,False
2023-03-03 01:00:00,7.8,126.0,,0.0,False,False,True,False
2023-03-03 02:00:00,6.7,111.6,,0.0,False,False,True,False
2023-03-03 03:00:00,5.6,359.64,,0.0,False,False,True,False
2023-03-03 04:00:00,5.0,359.64,,0.0,False,False,True,False
2023-03-03 05:00:00,4.4,359.64,,0.0,False,False,True,False
2023-03-03 06:00:00,3.9,108.0,,0.0,False,False,True,False
2023-03-03 07:00:00,3.3,108.0,,0.0,False,False,True,False
2023-03-03 08:00:00,3.3,359.64,,0.0,False,False,True,False
2023-03-03 09:00:00,2.8,359.64,,0.0,False,False,True,False
2023-03-03 10:00:00,2.8,359.64,,0.0,False,False,True,False
2023-03-03 11:00:00,2.8,359.64,,0.0,False,False,True,False
2023-03-03 12:00:00,3.9,359.64,,0.0,False,False,True,False
2023-03-03 13:00:00,5.0,359.64,,0.0,False,False,True,False
2023-03-03 14:00:00,5.6,18.0,,0.0,False,False,False,False
2023-03-03 15:00:00,6.1,359.64,,0.0,False,False,True,False
2023-03-03 16:00:00,7.8,359.64,,0.0,False,False,True,False
2023-03-03 17:00:00,7.8,359.64,,0.0,False,False,True,False
2023-03-03 18:00:00,6.7,359.64,,0.0,False,False,True,False
2023-03-03 19:00:00,6.7,18.0,,0.0,False,False,False,False
2023-03-03 20:00:00,6.1,72.0,,0.0,False,False,True,False
2023-03-03 21:00:00,5.6,359.64,,0.0,False,False,True,False
2023-03-03 22:00:00,5.0,359.64,,0.0,False,False,True,False
2023-03-03 23:00:00,5.0,36.0,,0.0,False,False,True,False
2023-03-04 00:00:00,4.27,36.0,,0.0,False,False,True,False
2023-03-04 01:00:00,4.7,34.2,,0.3,True,False,True,False
2023-03-04 02:00:00,4.4,36.0,8.05,3.3,True,False,True,False
2023-03-04 03:00:00,4.7,37.8,9.66,1.0,True,False,True,False
2023-03-04 04:00:00,6.05,142.68,4.83,5.6,True,True,True,False
2023-03-04 05:00:00,6.1,30.6,3.62,18.6,True,True,True,False
2023-03-04 06:00:00,6.1,30.6,2.21,9.1,True,True,True,False
2023-03-04 07:00:00,5.85,18.9,4.12,15.4,True,True,False,False
2023-03-04 08:00:00,5.12,89.21,4.59,30.6,True,True,True,False
2023-03-04 09:00:00,4.4,21.6,9.66,1.3,True,False,False,False
2023-03-04 10:00:00,4.4,18.0,9.66,0.5,True,False,False,False
2023-03-04 11:00:00,5.0,359.64,9.66,49.8,True,False,True,False
2023-03-04 12:00:00,4.63,281.76,6.17,0.5,True,False,True,False
2023-03-04 13:00:00,3.9,359.64,,0.3,True,False,True,False
2023-03-04 14:00:00,4.7,232.02,,0.5,True,False,True,False
2023-03-04 15:00:00,5.0,108.0,,0.0,False,False,True,False
2023-03-04 16:00:00,5.6,109.8,,0.0,False,False,True,False
2023-03-04 17:00:00,6.1,104.4,,0.5,True,False,True,False
2023-03-04 18:00:00,5.6,359.64,,0.0,False,False,True,False
2023-03-04 19:00:00,6.7,359.64,,0.0,False,False,True,False
2023-03-04 20:00:00,6.7,108.0,,0.0,False,False,True,False
2023-03-04 21:00:00,6.1,359.64,,0.0,False,False,True,False
2023-03-04 22:00:00,5.85,359.64,,0.0,False,False,True,False
2023-03-04 23:00:00,5.6,126.0,,0.0,False,False,True,False
2023-03-05 00:00:00,5.6,359.64,,0.0,False,False,True,False
2023-03-05 01:00:00,5.0,115.2,,0.0,False,False,True,False
2023-03-05 02:00:00,4.4,282.96,,0.0,False,False,True,False
2023-03-05 03:00:00,4.6,359.64,,0.0,False,False,True,False
2023-03-05 04:00:00,4.4,233.82,,25.1,True,False,True,False
2023-03-05 05:00:00,3.9,111.6,,0.0,False,False,True,False
2023-03-05 06:00:00,3.9,359.64,,0.0,False,False,True,False
2023-03-05 07:00:00,3.3,108.0,,0.0,False,False,True,False
2023-03-05 08:00:00,3.3,100.8,,0.0,False,False,True,False
2023-03-05 09:00:00,3.9,108.0,,0.0,False,False,True,False
2023-03-05 10:00:00,3.3,104.4,,0.0,False,False,True,False
2023-03-05 11:00:00,3.9,100.8,,0.5,True,False,True,False
2023-03-05 12:00:00,5.0,359.64,,0.0,False,False,True,False
2023-03-05 13:00:00,5.6,359.64,,0.0,False,False,True,False
2023-03-05 14:00:00,6.7,104.4,,0.0,False,False,True,False
2023-03-05 15:00:00,8.3,359.64,,0.0,False,False,True,False
2023-03-05 16:00:00,10.6,97.2,,0.0,False,False,True,False
2023-03-05 17:00:00,11.1,104.4,,0.0,False,False,True,False
2023-03-05 18:00:00,11.1,100.8,,0.0,False,False,True,False
2023-03-05 19:00:00,11.1,104.4,,0.0,False,False,True,False
2023-03-05 20:00:00,10.0,108.0,,0.0,False,False,True,False
2023-03-05 21:00:00,9.4,108.0,,0.0,False,False,True,False
2023-03-05 22:00:00,8.9,359.64,,0.0,False,False,True,False
2023-03-05 23:00:00,8.9,108.0,,0.0,False,False,True,False
2023-03-06 00:00:00,8.3,111.6,,0.0,False,False,True,False
2023-03-06 01:00:00,7.8,108.0,,0.0,False,False,True,False
2023-03-06 02:00:00,7.2,359.64,,0.0,False,False,True,False
2023-03-06 03:00:00,6.7,111.6,,0.0,False,False,True,False
2023-03-06 04:00:00,6.7,359.64,,0.0,False,False,True,False
2023-03-06 05:00:00,6.1,100.8,,0.0,False,False,True,False
2023-03-06 06:00:00,5.6,359.64,,0.0,False,False,True,False
2023-03-06 07:00:00,5.6,359.64,,0.0,False,False,True,False
2023-03-06 08:00:00,4.4,104.4,,0.0,False,False,True,False
2023-03-06 09:00:00,5.0,359.64,,0.0,False,False,True,False
2023-03-06 10:00:00,4.4,104.4,,0.0,False,False,True,False
2023-03-06 11:00:00,4.4,100.8,,0.0,False,False,True,False
2023-03-06 12:00:00,5.0,93.6,,0.0,False,False,True,False
2023-03-06 13:00:00,6.7,111.6,,0.0,False,False,True,False
2023-03-06 14:00:00,8.3,104.4,,0.0,False,False,True,False
2023-03-06 15:00:00,9.4,111.6,,0.0,False,False,True,False
2023-03-06 16:00:00,9.4,359.64,,0.0,False,False,True,False
2023-03-06 17:00:00,10.0,359.64,,0.0,False,False,True,False
2023-03-06 18:00:00,9.4,359.64,,0.0,False,False,True,False
2023-03-06 19:00:00,10.0,104.4,,0.0,False,False,True,False
2023-03-06 20:00:00,10.6,100.8,,0.0,False,False,True,False
2023-03-06 21:00:00,10.6,359.64,,0.0,False,False,True,False
2023-03-06 22:00:00,10.0,359.64,,0.0,False,False,True,False
2023-03-06 23:00:00,9.4,359.64,,0.0,False,False,True,False
2023-03-07 00:00:00,8.9,359.64,,0.0,False,False,True,False
2023-03-07 01:00:00,8.9,359.64,,0.0,False,False,True,False
2023-03-07 02:00:00,8.3,359.64,,0.0,False,False,True,False
2023-03-07 03:00:00,7.8,122.4,,0.0,False,False,True,False
2023-03-07 04:00:00,7.2,359.64,,0.0,False,False,True,False
2023-03-07 05:00:00,6.7,359.64,,0.0,False,False,True,False
2023-03-07 06:00:00,3.2,203.88,7.24,0.0,False,False,True,False
2023-03-07 07:00:00,1.17,226.08,3.97,0.9,True,True,True,False
2023-03-07 08:00:00,0.93,359.64,2.68,1.8,True,True,True,False
2023-03-07 09:00:00,0.6,276.96,5.63,0.4,True,False,True,False
2023-03-07 10:00:00,0.85,226.62,,0.0,False,False,True,False
2023-03-07 11:00:00,0.7,253.22,4.73,3.5,True,True,True,False
2023-03-07 12:00:00,1.7,359.64,,0.0,False,False,True,False
2023-03-07 13:00:00,2.8,108.0,,0.0,False,False,True,False
2023-03-07 14:00:00,5.0,108.0,,0.0,False,False,True,False
2023-03-07 15:00:00,5.6,108.0,,0.0,False,False,True,False
2023-03-07 16:00:00,6.7,108.0,,0.0,False,False,True,False
2023-03-07 17:00:00,7.2,111.6,,0.0,False,False,True,False
2023-03-07 18:00:00,7.2,108.0,,0.0,False,False,True,False
2023-03-07 19:00:00,7.8,108.0,,0.0,False,False,True,False
2023-03-07 20:00:00,7.2,108.0,,0.0,False,False,True,False
2023-03-07 21:00:00,5.6,111.6,,0.0,False,False,True,False
2023-03-07 22:00:00,3.9,359.64,,0.0,False,False,True,False
2023-03-07 23:00:00,2.8,111.6,,0.0,False,False,True,False
2023-03-08 00:00:00,2.8,359.64,,0.0,False,False,True,False
2023-03-08 01:00:00,2.8,122.4,,0.0,False,False,True,False
2023-03-08 02:00:00,2.2,118.8,,0.0,False,False,True,False
2023-03-08 03:00:00,1.7,359.64,,0.0,False,False,True,False
2023-03-08 04:00:00,1.7,359.64,,1.5,True,False,True,False
2023-03-08 05:00:00,0.6,359.64,,0.0,False,False,True,False
2023-03-08 06:00:00,0.6,359.64,,0.0,False,False,True,False
2023-03-08 07:00:00,0.0,129.6,,0.0,False,False,True,False
2023-03-08 08:00:00,-0.6,359.64,,0.0,False,False,True,True
2023-03-08 09:00:00,-0.6,126.0,,0.0,False,False,True,True
2023-03-08 10:00:00,-0.6,108.0,,0.0,False,False,True,True
2023-03-08 11:00:00,-0.6,111.6,,0.0,False,False,True,True
2023-03-08 12:00:00,0.0,118.8,,0.0,False,False,True,False
2023-03-08 13:00:00,1.7,104.4,,0.0,False,False,True,False
2023-03-08 14:00:00,2.2,3.6,,0.0,False,False,False,False
2023-03-08 15:00:00,4.4,115.2,,0.0,False,False,True,False
2023-03-08 16:00:00,5.6,104.4,,0.0,False,False,True,False
2023-03-08 17:00:00,6.7,359.64,,0.0,False,False,True,False
2023-03-08 18:00:00,8.3,129.6,,0.0,False,False,True,False
2023-03-08 19:00:00,8.9,359.64,,0.0,False,False,True,False
2023-03-08 20:00:00,8.3,359.64,,0.0,False,False,True,False
2023-03-08 21:00:00,7.8,129.6,,0.0,False,False,True,False
2023-03-08 22:00:00,6.1,111.6,,0.0,False,False,True,False
2023-03-08 23:00:00,6.1,359.64,,0.0,False,False,True,False
2023-03-09 00:00:00,5.0,359.64,,0.0,False,False,True,False
2023-03-09 01:00:00,4.4,359.64,,0.0,False,False,True,False
2023-03-09 02:00:00,3.3,108.0,,0.0,False,False,True,False
2023-03-09 03:00:00,2.8,359.64,,0.0,False,False,True,False
2023-03-09 04:00:00,2.2,237.42,,0.0,False,False,True,False
2023-03-09 05:00:00,2.2,108.0,,0.0,False,False,True,False
2023-03-09 06:00:00,1.1,108.0,,0.0,False,False,True,False
2023-03-09 07:00:00,1.1,108.0,,0.0,False,False,True,False
2023-03-09 08:00:00,1.1,359.64,,0.0,False,False,True,False
2023-03-09 09:00:00,1.1,104.4,,0.0,False,False,True,False
2023-03-09 10:00:00,1.1,108.0,,0.0,False,False,True,False
2023-03-09 11:00:00,1.1,104.4,,0.0,False,False,True,False
2023-03-09 12:00:00,1.7,359.64,,0.0,False,False,True,False
2023-03-09 13:00:00,3.3,108.0,,0.0,False,False,True,False
2023-03-09 14:00:00,5.0,7.2,,0.0,False,False,False,False
2023-03-09 15:00:00,7.2,359.64,,0.0,False,False,True,False
2023-03-09 16:00:00,8.3,359.64,,0.0,False,False,True,False
2023-03-09 17:00:00,10.0,359.64,,0.0,False,False,True,False
2023-03-09 18:00:00,10.6,10.8,,0.0,False,False,False,False
2023-03-09 19:00:00,10.6,10.8,,0.0,False,False,False,False
2023-03-09 20:00:00,9.4,10.8,,0.0,False,False,False,False
2023-03-09 21:00:00,8.3,10.8,,0.0,False,False,False,False
2023-03-09 22:00:00,7.2,14.4,,0.0,False,False,False,False
2023-03-09 23:00:00,7.2,359.64,,0.0,False,False,True,False
2023-03-10 00:00:00,6.1,7.2,,0.0,False,False,False,False
2023-03-10 01:00:00,5.6,359.64,,0.0,False,False,True,False
2023-03-10 02:00:00,4.4,359.64,,0.0,False,False,True,False
2023-03-10 03:00:00,3.9,126.0,,0.0,False,False,True,False
2023-03-10 04:00:00,3.9,183.42,,0.0,False,False,True,False
2023-03-10 05:00:00,3.3,359.64,,0.0,False,False,True,False
2023-03-10 06:00:00,2.8,10.8,,0.0,False,False,False,False
2023-03-10 07:00:00,2.2,359.64,,0.0,False,False,True,False
2023-03-10 08:00:00,2.2,359.64,,0.0,False,False,True,False
2023-03-10 09:00:00,1.7,10.8,,0.0,False,False,False,False
2023-03-10 10:00:00,2.2,7.2,,0.0,False,False,False,False
2023-03-10 11:00:00,2.1,359.64,,0.0,False,False,True,False
2023-03-10 12:00:00,2.8,14.4,,0.0,False,False,False,False
2023-03-10 13:00:00,3.9,359.64,,0.0,False,False,True,False
2023-03-10 14:00:00,5.0,18.0,,0.0,False,False,False,False
2023-03-10 15:00:00,5.85,197.82,,0.0,False,False,True,False
2023-03-10 16:00:00,7.2,359.64,,0.0,False,False,True,False
2023-03-10 17:00:00,7.2,359.64,,0.0,False,False,True,False
2023-03-10 18:00:00,7.2,359.64,,0.0,False,False,True,False
2023-03-10 19:00:00,7.2,359.64,,0.0,False,False,True,False
2023-03-10 20:00:00,7.2,359.64,,0.0,False,False,True,False
2023-03-10 21:00:00,6.7,43.2,,0.0,False,False,True,False
2023-03-10 22:00:00,6.1,359.64,,0.0,False,False,True,False
2023-03-10 23:00:00,6.1,201.42,,0.0,False,False,True,False
2023-03-11 00:00:00,5.6,43.2,6.44,1.5,True,False,True,False
2023-03-11 01:00:00,5.0,359.64,8.05,1.8,True,False,True,False
2023-03-11 02:00:00,5.2,359.64,6.97,9.5,True,False,True,False
2023-03-11 03:00:00,5.6,359.64,6.44,3.5,True,False,True,False
2023-03-11 04:00:00,5.67,214.25,5.36,14.0,True,False,True,False
2023-03-11 05:00:00,5.2,135.48,6.44,12.2,True,False,True,False
2023-03-11 06:00:00,5.0,21.6,6.44,1.3,True,False,False,False
2023-03-11 07:00:00,5.0,14.4,,0.5,True,False,False,False
2023-03-11 08:00:00,4.4,21.6,9.66,4.1,True,False,False,False
2023-03-11 09:00:00,4.15,19.8,,1.3,True,False,False,False
2023-03-11 10:00:00,3.3,21.6,9.66,0.5,True,False,False,False
2023-03-11 11:00:00,2.2,10.8,,19.6,True,False,False,False
2023-03-11 12:00:00,1.7,359.64,4.02,1.5,True,True,True,False
2023-03-11 13:00:00,1.7,183.42,4.83,4.0,True,True,True,False
2023-03-11 14:00:00,2.8,66.6,,5.6,True,False,True,False
2023-03-11 15:00:00,3.9,3.6,,0.0,False,False,False,False
2023-03-11 16:00:00,4.4,181.62,,0.0,False,False,True,False
2023-03-11 17:00:00,5.0,122.4,,4.6,True,False,True,False
2023-03-11 18:00:00,5.85,359.64,,0.0,False,False,True,False
2023-03-11 19:00:00,6.7,14.4,,0.0,False,False,False,False
2023-03-11 20:00:00,6.1,14.4,,0.0,False,False,False,False
2023-03-11 21:00:00,6.1,3.6,,0.0,False,False,False,False
2023-03-11 22:00:00,5.0,14.4,,0.0,False,False,False,False
2023-03-11 23:00:00,5.0,7.2,,0.0,False,False,False,False
2023-03-12 00:00:00,5.0,359.64,,0.0,False,False,True,False
2023-03-12 01:00:00,4.4,108.0,,0.0,False,False,True,False
2023-03-12 02:00:00,3.9,104.4,,0.0,False,False,True,False
2023-03-12 03:00:00,3.3,111.6,,0.0,False,False,True,False
2023-03-12 04:00:00,3.3,359.64,,10.2,True,False,True,False
2023-03-12 05:00:00,2.8,104.4,,0.0,False,False,True,False
2023-03-12 06:00:00,2.2,126.0,,0.0,False,False,True,False
2023-03-12 07:00:00,1.7,359.64,,0.0,False,False,True,False
2023-03-12 08:00:00,1.7,3.6,,0.0,False,False,False,False
2023-03-12 09:00:00,1.7,129.6,,0.0,False,False,True,False
2023-03-12 10:00:00,1.1,359.64,,0.0,False,False,True,False
2023-03-12 11:00:00,1.1,359.64,,4.6,True,False,True,False
2023-03-12 12:00:00,1.7,359.64,,0.0,False,False,True,False
2023-03-12 13:00:00,2.8,359.64,,0.0,False,False,True,False
2023-03-12 14:00:00,5.0,359.64,,0.0,False,False,True,False
2023-03-12 15:00:00,7.2,359.64,,0.0,False,False,True,False
2023-03-12 16:00:00,7.2,359.64,,0.0,False,False,True,False
2023-03-12 17:00:00,7.8,359.64,,0.0,False,False,True,False
2023-03-12 18:00:00,8.3,359.64,,0.0,False,False,True,False
2023-03-12 19:00:00,8.3,10.8,,0.0,False,False,False,False
2023-03-12 20:00:00,7.8,39.6,,0.0,False,False,True,False
2023-03-12 21:00:00,5.6,359.64,,0.0,False,False,True,False
2023-03-12 22:00:00,5.6,359.64,,0.0,False,False,True,False
2023-03-12 23:00:00,5.0,359.64,,0.0,False,False,True,False
2023-03-13 00:00:00,5.0,359.64,,0.0,False,False,True,False
2023-03-13 01:00:00,5.0,359.64,,0.0,False,False,True,False
2023-03-13 02:00:00,5.6,359.64,,0.0,False,False,True,False
2023-03-13 03:00:00,5.6,359.64,,0.0,False,False,True,False
2023-03-13 04:00:00,5.6,203.22,,0.0,False,False,True,False
2023-03-13 05:00:00,5.6,359.64,,0.0,False,False,True,False
2023-03-13 06:00:00,4.4,359.64,9.66,0.0,False,False,True,False
2023-03-13 07:00:00,4.07,139.08,8.05,0.3,True,False,True,False
2023-03-13 08:00:00,3.9,30.6,8.05,1.0,True,False,True,False
2023-03-13 09:00:00,3.9,199.62,,0.5,True,False,True,False
2023-03-13 10:00:00,3.9,359.64,7.24,0.3,True,False,True,False
2023-03-13 11:00:00,3.9,25.2,,2.0,True,False,True,False
2023-03-13 12:00:00,4.4,21.6,6.44,0.3,True,False,False,False
2023-03-13 13:00:00,4.76,158.26,7.08,0.6,True,False,True,False
2023-03-13 14:00:00,5.6,190.62,4.43,1.0,True,True,True,False
2023-03-13 15:00:00,6.07,140.28,5.1,0.0,False,False,True,False
2023-03-13 16:00:00,6.85,37.8,,0.0,False,False,True,False
2023-03-13 17:00:00,6.7,359.64,,0.5,True,False,True,False
2023-03-13 18:00:00,6.0,21.6,4.02,1.3,True,True,False,False
2023-03-13 19:00:00,5.6,18.0,4.83,1.8,True,True,False,False
2023-03-13 20:00:00,5.0,21.6,6.44,2.5,True,False,False,False
2023-03-13 21:00:00,5.0,25.2,8.05,0.5,True,False,True,False
2023-03-13 22:00:00,5.0,18.0,8.05,0.3,True,False,False,False
2023-03-13 23:00:00,5.0,18.0,4.83,4.6,True,True,False,False
2023-03-14 00:00:00,5.73,15.6,4.56,2.3,True,True,False,False
2023-03-14 01:00:00,5.6,359.64,8.05,2.3,True,False,True,False
2023-03-14 02:00:00,4.8,359.64,4.83,10.4,True,True,True,False
2023-03-14 03:00:00,3.9,359.64,4.83,2.8,True,True,True,False
2023-03-14 04:00:00,3.3,359.64,6.44,19.0,True,False,True,False
2023-03-14 05:00:00,2.2,108.0,,16.0,True,False,True,False
2023-03-14 06:00:00,2.2,108.0,,0.3,True,False,True,False
2023-03-14 07:00:00,2.2,359.64,,0.3,True,False,True,False
2023-03-14 08:00:00,2.87,187.08,,0.5,True,False,True,False
2023-03-14 09:00:00,2.8,272.16,,0.5,True,False,True,False
2023-03-14 10:00:00,2.2,230.22,,0.5,True,False,True,False
2023-03-14 11:00:00,1.7,97.2,8.05,20.1,True,False,True,False
2023-03-14 12:00:00,1.7,104.4,6.44,0.0,False,False,True,False
2023-03-14 13:00:00,1.78,99.0,5.03,0.0,False,False,True,False
2023-03-14 14:00:00,1.7,100.8,7.24,0.0,False,False,True,False
2023-03-14 15:00:00,1.7,99.6,2.68,0.0,False,True,True,False
2023-03-14 16:00:00,1.8,99.6,2.41,0.0,False,True,True,False
2023-03-14 17:00:00,1.7,97.2,7.24,0.0,False,False,True,False
2023-03-14 18:00:00,1.78,101.7,3.32,0.0,False,True,True,False
2023-03-14 19:00:00,1.1,98.4,1.48,0.3,True,True,True,False
2023-03-14 20:00:00,1.08,99.0,2.41,0.3,True,True,True,False
2023-03-14 21:00:00,1.4,100.8,9.66,0.0,False,False,True,False
2023-03-14 22:00:00,1.1,100.8,,0.0,False,False,True,False
2023-03-14 23:00:00,0.6,100.8,,0.3,True,False,True,False
2023-03-15 00:00:00,1.1,100.8,,0.0,False,False,True,False
2023-03-15 01:00:00,1.7,359.64,,0.0,False,False,True,False
2023-03-15 02:00:00,1.7,104.4,,0.0,False,False,True,False
2023-03-15 03:00:00,1.7,100.8,,0.0,False,False,True,False
2023-03-15 04:00:00,1.7,232.02,,3.3,True,False,True,False
2023-03-15 05:00:00,1.7,104.4,,0.0,False,False,True,False
2023-03-15 06:00:00,1.7,100.8,,0.0,False,False,True,False
2023-03-15 07:00:00,1.7,104.4,,0.0,False,False,True,False
2023-03-15 08:00:00,1.7,104.4,,0.0,False,False,True,False
2023-03-15 09:00:00,1.7,104.4,,0.0,False,False,True,False
2023-03-15 10:00:00,1.7,111.6,,0.0,False,False,True,False
2023-03-15 11:00:00,1.1,108.0,,0.3,True,False,True,False
2023-03-15 12:00:00,1.1,108.0,,0.0,False,False,True,False
2023-03-15 13:00:00,1.7,108.0,,0.0,False,False,True,False
2023-03-15 14:00:00,2.8,111.6,,0.0,False,False,True,False
2023-03-15 15:00:00,3.9,108.0,,0.0,False,False,True,False
2023-03-15 16:00:00,5.0,108.0,,0.0,False,False,True,False
2023-03-15 17:00:00,5.6,111.6,,0.0,False,False,True,False
2023-03-15 18:00:00,6.1,108.0,,0.0,False,False,True,False
2023-03-15 19:00:00,6.7,115.2,,0.0,False,False,True,False
2023-03-15 20:00:00,6.7,108.0,,0.0,False,False,True,False
2023-03-15 21:00:00,6.7,111.6,,0.0,False,False,True,False
2023-03-15 22:00:00,6.1,104.4,,0.0,False,False,True,False
2023-03-15 23:00:00,5.6,108.0,,0.0,False,False,True,False
2023-03-16 00:00:00,3.9,108.0,,0.0,False,False,True,False
2023-03-16 01:00:00,3.3,108.0,,0.0,False,False,True,False
2023-03-16 02:00:00,2.8,108.0,,0.0,False,False,True,False
2023-03-16 03:00:00,2.8,108.0,,0.0,False,False,True,False
2023-03-16 04:00:00,2.2,359.64,,0.0,False,False,True,False
2023-03-16 05:00:00,1.7,100.8,,0.0,False,False,True,False
2023-03-16 06:00:00,2.2,359.64,,0.0,False,False,True,False
2023-03-16 07:00:00,1.7,100.8,,0.0,False,False,True,False
2023-03-16 08:00:00,1.7,359.64,,0.0,False,False,True,False
2023-03-16 09:00:00,1.7,97.2,,0.0,False,False,True,False
2023-03-16 10:00:00,1.7,100.8,,0.0,False,False,True,False
2023-03-16 11:00:00,2.2,97.2,,0.0,False,False,True,False
2023-03-16 12:00:00,2.8,100.8,,0.0,False,False,True,False
2023-03-16 13:00:00,3.9,100.8,,0.0,False,False,True,False
2023-03-16 14:00:00,5.0,111.6,,0.0,False,False,True,False
2023-03-16 15:00:00,7.2,104.4,,0.0,False,False,True,False
2023-03-16 16:00:00,9.4,359.64,,0.0,False,False,True,False
2023-03-16 17:00:00,11.1,359.64,,0.0,False,False,True,False
2023-03-16 18:00:00,12.2,93.6,,0.0,False,False,True,False
2023-03-16 19:00:00,13.3,97.2,,0.0,False,False,True,False
2023-03-16 20:00:00,14.4,359.64,,0.0,False,False,True,False
2023-03-16 21:00:00,14.4,97.2,,0.0,False,False,True,False
2023-03-16 22:00:00,14.4,100.8,,0.0,False,False,True,False
2023-03-16 23:00:00,13.3,359.64,,0.0,False,False,True,False
2023-03-17 00:00:00,13.3,359.64,,0.0,False,False,True,False
2023-03-17 01:00:00,12.8,79.2,,0.0,False,False,True,False
2023-03-17 02:00:00,12.8,359.64,,0.0,False,False,True,False
2023-03-17 03:00:00,12.2,79.2,,0.0,False,False,True,False
2023-03-17 04:00:00,11.7,359.64,,0.0,False,False,True,False
2023-03-17 05:00:00,10.6,82.8,,0.0,False,False,True,False
2023-03-17 06:00:00,10.6,359.64,,0.0,False,False,True,False
2023-03-17 07:00:00,10.0,359.64,,0.0,False,False,True,False
2023-03-17 08:00:00,8.9,359.64,,0.0,False,False,True,False
2023-03-17 09:00:00,8.9,359.64,,0.0,False,False,True,False
2023-03-17 10:00:00,8.9,359.64,,0.0,False,False,True,False
2023-03-17 11:00:00,9.4,359.64,,0.0,False,False,True,False
2023-03-17 12:00:00,9.4,359.64,,0.0,False,False,True,False
2023-03-17 13:00:00,10.0,359.64,,0.0,False,False,True,False
2023-03-17 14:00:00,11.7,359.64,,0.0,False,False,True,False
2023-03-17 15:00:00,13.9,359.64,,0.0,False,False,True,False
2023-03-17 16:00:00,15.0,359.64,,0.0,False,False,True,False
2023-03-17 17:00:00,15.0,359.64,,0.0,False,False,True,False
2023-03-17 18:00:00,12.8,359.64,,0.0,False,False,True,False
2023-03-17 19:00:00,12.8,359.64,,0.0,False,False,True,False
2023-03-17 20:00:00,13.3,359.64,,0.0,False,False,True,False
2023-03-17 21:00:00,15.0,359.64,,0.0,False,False,True,False
2023-03-17 22:00:00,14.4,82.8,,0.0,False,False,True,False
2023-03-17 23:00:00,14.4,93.6,,0.0,False,False,True,False
2023-03-18 00:00:00,13.9,359.64,,0.0,False,False,True,False
2023-03-18 01:00:00,13.3,359.64,,0.0,False,False,True,False
2023-03-18 02:00:00,13.9,79.2,,0.0,False,False,True,False
2023-03-18 03:00:00,13.9,86.4,,0.0,False,False,True,False
2023-03-18 04:00:00,13.3,359.64,,0.0,False,False,True,False
2023-03-18 05:00:00,12.2,359.64,9.66,0.6,True,False,True,False
2023-03-18 06:00:00,11.7,359.64,,0.3,True,False,True,False
2023-03-18 07:00:00,10.3,106.2,,0.0,False,False,True,False
2023-03-18 08:00:00,8.05,233.82,,0.3,True,False,True,False
2023-03-18 09:00:00,7.2,104.4,,0.0,False,False,True,False
2023-03-18 10:00:00,6.7,108.0,,0.0,False,False,True,False
2023-03-18 11:00:00,6.1,97.2,,0.8,True,False,True,False
2023-03-18 12:00:00,6.1,111.6,,0.0,False,False,True,False
2023-03-18 13:00:00,6.7,108.0,,0.0,False,False,True,False
2023-03-18 14:00:00,7.2,108.0,,0.0,False,False,True,False
2023-03-18 15:00:00,7.8,108.0,,0.0,False,False,True,False
2023-03-18 16:00:00,8.9,359.64,,0.0,False,False,True,False
2023-03-18 17:00:00,10.6,111.6,,0.0,False,False,True,False
2023-03-18 18:00:00,11.7,359.64,,0.0,False,False,True,False
2023-03-18 19:00:00,11.1,86.4,,0.0,False,False,True,False
2023-03-18 20:00:00,11.1,359.64,,0.0,False,False,True,False
2023-03-18 21:00:00,11.7,93.6,,0.0,False,False,True,False
2023-03-18 22:00:00,10.0,359.64,,0.0,False,False,True,False
2023-03-18 23:00:00,8.3,359.64,,0.0,False,False,True,False
2023-03-19 00:00:00,7.8,108.0,,0.0,False,False,True,False
2023-03-19 01:00:00,7.2,104.4,,0.0,False,False,True,False
2023-03-19 02:00:00,6.7,359.64,,0.0,False,False,True,False
2023-03-19 03:00:00,6.1,100.8,,0.0,False,False,True,False
2023-03-19 04:00:00,5.0,359.64,,0.5,True,False,True,False
2023-03-19 05:00:00,3.9,100.8,,0.0,False,False,True,False
2023-03-19 06:00:00,2.8,100.8,,0.0,False,False,True,False
2023-03-19 07:00:00,1.7,100.8,,0.0,False,False,True,False
2023-03-19 08:00:00,1.1,104.4,,0.0,False,False,True,False
2023-03-19 09:00:00,-0.6,108.0,,0.0,False,False,True,True
2023-03-19 10:00:00,-1.1,359.64,,0.0,False,False,True,True
2023-03-19 11:00:00,-1.1,97.2,,0.0,False,False,True,True
2023-03-19 12:00:00,-1.1,359.64,,0.0,False,False,True,True
2023-03-19 13:00:00,-1.1,100.8,,0.0,False,False,True,True
2023-03-19 14:00:00,0.0,104.4,,0.0,False,False,True,False
2023-03-19 15:00:00,1.1,104.4,,0.0,False,False,True,False
2023-03-19 16:00:00,2.2,359.64,,0.0,False,False,True,False
2023-03-19 17:00:00,2.8,104.4,,0.0,False,False,True,False
2023-03-19 18:00:00,2.8,359.64,,0.0,False,False,True,False
2023-03-19 19:00:00,2.8,104.4,,0.0,False,False,True,False
2023-03-19 20:00:00,3.3,100.8,,0.0,False,False,True,False
2023-03-19 21:00:00,2.8,100.8,,0.0,False,False,True,False
2023-03-19 22:00:00,2.8,100.8,,0.0,False,False,True,False
2023-03-19 23:00:00,2.8,359.64,,0.0,False,False,True,False
2023-03-20 00:00:00,2.2,359.64,,0.0,False,False,True,False
2023-03-20 01:00:00,2.2,79.2,,0.0,False,False,True,False
2023-03-20 02:00:00,1.7,359.64,,0.0,False,False,True,False
2023-03-20 03:00:00,1.7,359.64,,0.0,False,False,True,False
2023-03-20 04:00:00,1.7,359.64,,0.0,False,False,True,False
2023-03-20 05:00:00,0.6,359.64,,0.0,False,False,True,False
2023-03-20 06:00:00,0.6,359.64,,0.0,False,False,True,False
2023-03-20 07:00:00,0.6,86.4,,0.0,False,False,True,False
2023-03-20 08:00:00,0.0,97.2,,0.0,False,False,True,False
2023-03-20 09:00:00,0.0,82.8,,0.0,False,False,True,False
2023-03-20 10:00:00,-0.6,359.64,,0.0,False,False,True,True
2023-03-20 11:00:00,0.0,359.64,,0.0,False,False,True,False
2023-03-20 12:00:00,1.1,359.64,,0.0,False,False,True,False
2023-03-20 13:00:00,2.8,359.64,,0.0,False,False,True,False
2023-03-20 14:00:00,3.9,82.8,,0.0,False,False,True,False
2023-03-20 15:00:00,5.6,86.4,,0.0,False,False,True,False
2023-03-20 16:00:00,7.2,86.4,,0.0,False,False,True,False
2023-03-20 17:00:00,7.8,75.6,,0.0,False,False,True,False
2023-03-20 18:00:00,9.4,359.64,,0.0,False,False,True,False
2023-03-20 19:00:00,10.6,359.64,,0.0,False,False,True,False
2023-03-20 20:00:00,8.9,359.64,,0.0,False,False,True,False
2023-03-20 21:00:00,8.3,359.64,,0.0,False,False,True,False
2023-03-20 22:00:00,7.8,359.64,,0.0,False,False,True,False
2023-03-20 23:00:00,7.8,359.64,,0.0,False,False,True,False
2023-03-21 00:00:00,9.4,82.8,,0.0,False,False,True,False
2023-03-21 01:00:00,8.9,86.4,,0.0,False,False,True,False
2023-03-21 02:00:00,8.3,82.8,,0.0,False,False,True,False
2023-03-21 03:00:00,7.2,359.64,,0.0,False,False,True,False
2023-03-21 04:00:00,6.7,223.02,,0.0,False,False,True,False
2023-03-21 05:00:00,6.7,359.64,,0.0,False,False,True,False
2023-03-21 06:00:00,6.1,359.64,,0.0,False,False,True,False
2023-03-21 07:00:00,5.6,359.64,,0.0,False,False,True,False
2023-03-21 08:00:00,5.6,359.64,,0.0,False,False,True,False
2023-03-21 09:00:00,5.0,359.64,,0.0,False,False,True,False
2023-03-21 10:00:00,5.0,359.64,,0.0,False,False,True,False
2023-03-21 11:00:00,5.6,359.64,,0.0,False,False,True,False
2023-03-21 12:00:00,7.2,359.64,,0.0,False,False,True,False
2023-03-21 13:00:00,8.9,359.64,,0.0,False,False,True,False
2023-03-21 14:00:00,11.1,359.64,,0.0,False,False,True,False
2023-03-21 15:00:00,12.8,359.64,,0.0,False,False,True,False
2023-03-21 16:00:00,14.4,359.64,,0.0,False,False,True,False
2023-03-21 17:00:00,15.6,82.8,,0.0,False,False,True,False
2023-03-21 18:00:00,16.1,86.4,,0.0,False,False,True,False
2023-03-21 19:00:00,17.2,359.64,,0.0,False,False,True,False
2023-03-21 20:00:00,16.7,82.8,,0.0,False,False,True,False
2023-03-21 21:00:00,16.1,79.2,,0.0,False,False,True,False
2023-03-21 22:00:00,15.6,359.64,,0.0,False,False,True,False
2023-03-21 23:00:00,14.4,82.8,,0.0,False,False,True,False
2023-03-22 00:00:00,13.9,359.64,,0.0,False,False,True,False
2023-03-22 01:00:00,13.9,82.8,,0.0,False,False,True,False
2023-03-22 02:00:00,12.8,82.8,,0.0,False,False,True,False
2023-03-22 03:00:00,11.7,359.64,,0.0,False,False,True,False
2023-03-22 04:00:00,11.1,221.22,,0.0,False,False,True,False
2023-03-22 05:00:00,10.0,90.0,,0.0,False,False,True,False
2023-03-22 06:00:00,10.0,82.8,,0.0,False,False,True,False
2023-03-22 07:00:00,9.4,86.4,,0.0,False,False,True,False
2023-03-22 08:00:00,9.4,86.4,,0.0,False,False,True,False
2023-03-22 09:00:00,9.4,86.4,,0.0,False,False,True,False
2023-03-22 10:00:00,8.9,359.64,,0.0,False,False,True,False
2023-03-22 11:00:00,9.4,90.0,,0.0,False,False,True,False
2023-03-22 12:00:00,10.0,82.8,,0.0,False,False,True,False
2023-03-22 13:00:00,11.1,359.64,,0.0,False,False,True,False
2023-03-22 14:00:00,12.8,359.64,,0.0,False,False,True,False
2023-03-22 15:00:00,13.3,359.64,,0.0,False,False,True,False
2023-03-22 16:00:00,15.0,359.64,,0.0,False,False,True,False
2023-03-22 17:00:00,13.3,359.64,,0.0,False,False,True,False
2023-03-22 18:00:00,15.0,359.64,,0.0,False,False,True,False
2023-03-22 19:00:00,16.1,359.64,,0.0,False,False,True,False
2023-03-22 20:00:00,14.4,359.64,,0.0,False,False,True,False
2023-03-22 21:00:00,13.3,359.64,,0.0,False,False,True,False
2023-03-22 22:00:00,11.7,359.64,,0.0,False,False,True,False
2023-03-22 23:00:00,11.7,359.64,,0.0,False,False,True,False
2023-03-23 00:00:00,11.1,359.64,,0.0,False,False,True,False
2023-03-23 01:00:00,11.1,359.64,,0.0,False,False,True,False
2023-03-23 02:00:00,10.6,359.64,,0.0,False,False,True,False
2023-03-23 03:00:00,10.0,359.64,,0.0,False,False,True,False
2023-03-23 04:00:00,10.0,187.02,,0.0,False,False,True,False
2023-03-23 05:00:00,9.4,10.8,9.66,0.0,False,False,False,False
2023-03-23 06:00:00,9.4,14.4,6.44,0.0,False,False,False,False
2023-03-23 07:00:00,8.9,14.4,4.02,0.0,False,True,False,False
2023-03-23 08:00:00,8.9,99.81,4.63,0.0,False,True,True,False
2023-03-23 09:00:00,8.9,359.64,8.05,0.0,False,False,True,False
2023-03-23 10:00:00,9.4,359.64,,0.0,False,False,True,False
2023-03-23 11:00:00,11.1,359.64,,0.0,False,False,True,False
2023-03-23 12:00:00,12.2,359.64,,0.0,False,False,True,False
2023-03-23 13:00:00,11.7,86.4,,0.0,False,False,True,False
2023-03-23 14:00:00,12.8,359.64,,0.0,False,False,True,False
2023-03-23 15:00:00,11.55,217.62,3.02,1.3,True,True,True,False
2023-03-23 16:00:00,11.1,359.64,5.63,1.3,True,False,True,False
2023-03-23 17:00:00,12.13,268.56,8.85,2.0,True,False,True,False
2023-03-23 18:00:00,12.4,177.48,6.44,0.7,True,False,True,False
2023-03-23 19:00:00,13.3,82.8,9.66,0.0,False,False,True,False
2023-03-23 20:00:00,13.6,228.42,9.66,0.3,True,False,True,False
2023-03-23 21:00:00,15.0,359.64,,0.0,False,False,True,False
2023-03-23 22:00:00,15.3,359.64,,0.0,False,False,True,False
2023-03-23 23:00:00,15.0,88.8,,0.3,True,False,True,False
2023-03-24 00:00:00,15.0,359.64,,0.0,False,False,True,False
2023-03-24 01:00:00,15.0,359.64,,0.0,False,False,True,False
2023-03-24 02:00:00,15.0,359.64,,0.0,False,False,True,False
2023-03-24 03:00:00,15.0,106.8,,0.0,False,False,True,False
2023-03-24 04:00:00,13.3,232.02,,2.3,True,False,True,False
2023-03-24 05:00:00,12.2,359.64,,0.0,False,False,True,False
2023-03-24 06:00:00,11.1,359.64,,0.0,False,False,True,False
2023-03-24 07:00:00,10.6,359.64,,0.0,False,False,True,False
2023-03-24 08:00:00,10.0,108.0,,0.0,False,False,True,False
2023-03-24 09:00:00,8.9,108.0,,0.0,False,False,True,False
2023-03-24 10:00:00,7.8,359.64,,0.0,False,False,True,False
2023-03-24 11:00:00,6.7,104.4,,2.3,True,False,True,False
2023-03-24 12:00:00,6.7,359.64,,0.0,False,False,True,False
2023-03-24 13:00:00,6.7,359.64,,0.0,False,False,True,False
2023-03-24 14:00:00,6.7,126.0,,0.0,False,False,True,False
2023-03-24 15:00:00,6.7,108.0,,0.0,False,False,True,False
2023-03-24 16:00:00,8.3,359.64,,0.0,False,False,True,False
2023-03-24 17:00:00,8.9,359.64,,0.0,False,False,True,False
2023-03-24 18:00:00,10.0,115.2,,0.0,False,False,True,False
2023-03-24 19:00:00,10.6,97.2,,0.0,False,False,True,False
2023-03-24 20:00:00,11.7,359.64,,0.0,False,False,True,False
2023-03-24 21:00:00,12.2,359.64,,0.0,False,False,True,False
2023-03-24 22:00:00,11.7,359.64,,0.0,False,False,True,False
2023-03-24 23:00:00,10.6,126.0,,0.0,False,False,True,False
2023-03-25 00:00:00,11.1,14.4,,0.0,False,False,False,False
2023-03-25 01:00:00,10.6,3.6,,0.0,False,False,False,False
2023-03-25 02:00:00,10.0,18.0,,0.0,False,False,False,False
2023-03-25 03:00:00,8.9,18.0,,0.0,False,False,False,False
2023-03-25 04:00:00,8.3,188.82,,0.0,False,False,True,False
2023-03-25 05:00:00,7.8,14.4,,0.0,False,False,False,False
2023-03-25 06:00:00,7.2,359.64,,0.0,False,False,True,False
2023-03-25 07:00:00,7.2,18.0,,0.0,False,False,False,False
2023-03-25 08:00:00,6.7,28.8,,0.0,False,False,True,False
2023-03-25 09:00:00,7.2,32.4,,0.0,False,False,True,False
2023-03-25 10:00:00,7.8,39.6,,0.0,False,False,True,False
2023-03-25 11:00:00,7.2,32.4,,0.0,False,False,True,False
2023-03-25 12:00:00,7.2,28.8,,0.0,False,False,True,False
2023-03-25 13:00:00,6.7,32.4,,0.0,False,False,True,False
2023-03-25 14:00:00,7.2,36.0,,0.0,False,False,True,False
2023-03-25 15:00:00,6.1,46.8,6.44,0.3,True,False,True,False
2023-03-25 16:00:00,5.6,359.64,,0.5,True,False,True,False
2023-03-25 17:00:00,6.1,36.0,,0.8,True,False,True,False
2023-03-25 18:00:00,5.6,143.88,8.05,0.5,True,False,True,False
2023-03-25 19:00:00,6.07,117.81,3.32,2.0,True,True,True,False
2023-03-25 20:00:00,6.1,27.0,4.83,3.0,True,True,True,False
2023-03-25 21:00:00,6.07,105.21,3.32,0.7,True,True,True,False
2023-03-25 22:00:00,5.82,189.72,4.63,0.7,True,True,True,False
2023-03-25 23:00:00,5.85,23.4,6.44,3.3,True,False,False,False
2023-03-26 00:00:00,6.1,21.6,9.66,0.0,False,False,False,False
2023-03-26 01:00:00,6.1,18.0,8.05,0.0,False,False,False,False
2023-03-26 02:00:00,6.1,359.64,6.44,0.0,False,False,True,False
2023-03-26 03:00:00,6.1,25.2,4.83,0.0,False,True,True,False
2023-03-26 04:00:00,6.7,359.64,2.82,3.8,True,True,True,False
2023-03-26 05:00:00,6.78,359.64,2.11,0.0,False,True,True,False
2023-03-26 06:00:00,7.16,257.54,4.18,0.0,False,True,True,False
2023-03-26 07:00:00,7.4,274.56,5.63,0.0,False,False,True,False
2023-03-26 08:00:00,7.2,359.64,8.05,0.0,False,False,True,False
2023-03-26 09:00:00,7.2,359.64,8.05,0.0,False,False,True,False
2023-03-26 10:00:00,7.8,86.4,,0.0,False,False,True,False
2023-03-26 11:00:00,7.8,86.4,,3.8,True,False,True,False
2023-03-26 12:00:00,8.9,100.8,,0.0,False,False,True,False
2023-03-26 13:00:00,9.4,100.8,,0.0,False,False,True,False
2023-03-26 14:00:00,11.1,100.8,,0.0,False,False,True,False
2023-03-26 15:00:00,12.8,100.8,,0.0,False,False,True,False
2023-03-26 16:00:00,13.9,100.8,,0.0,False,False,True,False
2023-03-26 17:00:00,15.6,97.2,,0.0,False,False,True,False
2023-03-26 18:00:00,16.1,90.0,,0.0,False,False,True,False
2023-03-26 19:00:00,16.1,97.2,,0.0,False,False,True,False
2023-03-26 20:00:00,16.7,86.4,,0.0,False,False,True,False
2023-03-26 21:00:00,16.7,97.2,,0.0,False,False,True,False
2023-03-26 22:00:00,16.1,97.2,,0.0,False,False,True,False
2023-03-26 23:00:00,15.0,359.64,,0.0,False,False,True,False
2023-03-27 00:00:00,14.4,82.8,,0.0,False,False,True,False
2023-03-27 01:00:00,13.9,359.64,,0.0,False,False,True,False
2023-03-27 02:00:00,12.8,97.2,,0.0,False,False,True,False
2023-03-27 03:00:00,12.8,359.64,,0.0,False,False,True,False
2023-03-27 04:00:00,11.7,359.64,,0.0,False,False,True,False
2023-03-27 05:00:00,11.7,122.4,,0.0,False,False,True,False
2023-03-27 06:00:00,10.6,359.64,,0.0,False,False,True,False
2023-03-27 07:00:00,10.0,118.8,,0.0,False,False,True,False
2023-03-27 08:00:00,8.9,359.64,,0.0,False,False,True,False
2023-03-27 09:00:00,8.9,359.64,,0.0,False,False,True,False
2023-03-27 10:00:00,8.9,14.4,,0.0,False,False,False,False
2023-03-27 11:00:00,10.0,21.6,,0.0,False,False,False,False
2023-03-27 12:00:00,10.0,359.64,,0.0,False,False,True,False
2023-03-27 13:00:00,11.7,18.0,,0.0,False,False,False,False
2023-03-27 14:00:00,13.3,32.4,,0.0,False,False,True,False
2023-03-27 15:00:00,14.4,28.8,,0.0,False,False,True,False
2023-03-27 16:00:00,14.4,25.2,,0.0,False,False,True,False
2023-03-27 17:00:00,16.1,359.64,,0.0,False,False,True,False
2023-03-27 18:00:00,14.4,359.64,,0.0,False,False,True,False
2023-03-27 19:00:00,12.8,359.64,,0.0,False,False,True,False
2023-03-27 20:00:00,11.1,359.64,,0.0,False,False,True,False
2023-03-27 21:00:00,9.45,148.41,3.76,2.8,True,True,True,False
2023-03-27 22:00:00,7.97,248.16,3.82,4.7,True,True,True,False
2023-03-27 23:00:00,7.2,18.0,,9.2,True,False,False,False
2023-03-28 00:00:00,7.2,25.2,,0.8,True,False,True,False
2023-03-28 01:00:00,6.7,134.28,,0.0,False,False,True,False
2023-03-28 02:00:00,6.7,25.2,,1.0,True,False,True,False
2023-03-28 03:00:00,6.7,23.4,,0.0,False,False,False,False
2023-03-28 04:00:00,6.4,359.64,,7.4,True,False,True,False
2023-03-28 05:00:00,6.7,359.64,,1.0,True,False,True,False
2023-03-28 06:00:00,6.7,129.6,,0.0,False,False,True,False
2023-03-28 07:00:00,6.3,129.48,,0.0,False,False,True,False
2023-03-28 08:00:00,6.7,12.6,,0.0,False,False,False,False
2023-03-28 09:00:00,6.7,166.68,,0.0,False,False,True,False
2023-03-28 10:00:00,6.7,359.64,,0.0,False,False,True,False
2023-03-28 11:00:00,6.85,359.64,,7.4,True,False,True,False
2023-03-28 12:00:00,6.1,359.64,,0.0,False,False,True,False
2023-03-28 13:00:00,5.85,359.64,,0.0,False,False,True,False
2023-03-28 14:00:00,6.7,359.64,,0.0,False,False,True,False
2023-03-28 15:00:00,8.03,282.96,,0.0,False,False,True,False
2023-03-28 16:00:00,10.0,359.64,,0.0,False,False,True,False
2023-03-28 17:00:00,10.6,10.8,,0.0,False,False,False,False
2023-03-28 18:00:00,10.0,359.64,,0.0,False,False,True,False
2023-03-28 19:00:00,10.0,359.64,,0.0,False,False,True,False
2023-03-28 20:00:00,11.1,359.64,,0.0,False,False,True,False
2023-03-28 21:00:00,10.6,359.64,,0.0,False,False,True,False
2023-03-28 22:00:00,9.4,359.64,,0.0,False,False,True,False
2023-03-28 23:00:00,10.0,359.64,,0.0,False,False,True,False
2023-03-29 00:00:00,10.0,129.6,,0.0,False,False,True,False
2023-03-29 01:00:00,8.9,359.64,,0.0,False,False,True,False
2023-03-29 02:00:00,8.3,359.64,,0.0,False,False,True,False
2023-03-29 03:00:00,7.8,359.64,,0.0,False,False,True,False
2023-03-29 04:00:00,6.7,359.64,,0.0,False,False,True,False
2023-03-29 05:00:00,6.7,3.6,,0.0,False,False,False,False
2023-03-29 06:00:00,6.1,359.64,,0.0,False,False,True,False
2023-03-29 07:00:00,5.6,104.4,,0.0,False,False,True,False
2023-03-29 08:00:00,5.6,359.64,,0.0,False,False,True,False
2023-03-29 09:00:00,5.0,359.64,,0.0,False,False,True,False
2023-03-29 10:00:00,4.4,129.6,,0.0,False,False,True,False
2023-03-29 11:00:00,4.4,359.64,,0.0,False,False,True,False
2023-03-29 12:00:00,6.1,359.64,,0.0,False,False,True,False
2023-03-29 13:00:00,7.2,129.6,,0.0,False,False,True,False
2023-03-29 14:00:00,8.3,129.6,,0.0,False,False,True,False
2023-03-29 15:00:00,10.0,359.64,,0.0,False,False,True,False
2023-03-29 16:00:00,10.6,93.6,,0.0,False,False,True,False
2023-03-29 17:00:00,11.1,359.64,,0.0,False,False,True,False
2023-03-29 18:00:00,12.2,359.64,,0.0,False,False,True,False
2023-03-29 19:00:00,11.7,82.8,,0.0,False,False,True,False
2023-03-29 20:00:00,12.2,359.64,,0.0,False,False,True,False
2023-03-29 21:00:00,9.4,68.4,,0.0,False,False,True,False
2023-03-29 22:00:00,8.9,64.8,,0.0,False,False,True,False
2023-03-29 23:00:00,7.2,359.64,,0.0,False,False,True,False
2023-03-30 00:00:00,7.2,359.64,,0.0,False,False,True,False
2023-03-30 01:00:00,7.2,359.64,,0.0,False,False,True,False
2023-03-30 02:00:00,7.2,359.64,,0.0,False,False,True,False
2023-03-30 03:00:00,7.8,82.8,,0.0,False,False,True,False
2023-03-30 04:00:00,5.0,235.62,,0.0,False,False,True,False
2023-03-30 05:00:00,4.45,235.62,,0.6,True,False,True,False
2023-03-30 06:00:00,2.9,109.8,,0.0,False,False,True,False
2023-03-30 07:00:00,1.1,108.0,,0.0,False,False,True,False
2023-03-30 08:00:00,0.6,108.0,,0.0,False,False,True,False
2023-03-30 09:00:00,0.0,108.0,,0.0,False,False,True,False
2023-03-30 10:00:00,-0.6,111.6,,0.0,False,False,True,True
2023-03-30 11:00:00,-0.6,104.4,,0.3,True,False,True,True
2023-03-30 12:00:00,0.0,359.64,,0.0,False,False,True,False
2023-03-30 13:00:00,0.6,100.8,,0.0,False,False,True,False
2023-03-30 14:00:00,1.7,93.6,,0.0,False,False,True,False
2023-03-30 15:00:00,3.3,111.6,,0.0,False,False,True,False
2023-03-30 16:00:00,4.4,359.64,,0.0,False,False,True,False
2023-03-30 17:00:00,5.6,359.64,,0.0,False,False,True,False
2023-03-30 18:00:00,6.7,359.64,,0.0,False,False,True,False
2023-03-30 19:00:00,7.2,359.64,,0.0,False,False,True,False
2023-03-30 20:00:00,7.2,111.6,,0.0,False,False,True,False
2023-03-30 21:00:00,7.2,359.64,,0.0,False,False,True,False
2023-03-30 22:00:00,6.7,359.64,,0.0,False,False,True,False
2023-03-30 23:00:00,6.1,359.64,,0.0,False,False,True,False
2023-03-31 00:00:00,5.6,108.0,,0.0,False,False,True,False
2023-03-31 01:00:00,5.0,359.64,,0.0,False,False,True,False
2023-03-31 02:00:00,5.0,100.8,,0.0,False,False,True,False
2023-03-31 03:00:00,5.0,359.64,,0.0,False,False,True,False
2023-03-31 04:00:00,4.4,228.42,,0.3,True,False,True,False
2023-03-31 05:00:00,4.4,359.64,,0.0,False,False,True,False
2023-03-31 06:00:00,4.4,111.6,,0.0,False,False,True,False
2023-03-31 07:00:00,4.4,359.64,,0.0,False,False,True,False
2023-03-31 08:00:00,3.9,359.64,,0.0,False,False,True,False
2023-03-31 09:00:00,5.0,86.4,,0.0,False,False,True,False
2023-03-31 10:00:00,5.0,359.64,,0.0,False,False,True,False
2023-03-31 11:00:00,6.1,359.64,,0.0,False,False,True,False
2023-03-31 12:00:00,7.8,79.2,,0.0,False,False,True,False
2023-03-31 13:00:00,7.8,86.4,,0.0,False,False,True,False
2023-03-31 14:00:00,8.9,359.64,,0.0,False,False,True,False
2023-03-31 15:00:00,10.6,72.0,,0.0,False,False,True,False
2023-03-31 16:00:00,10.0,359.64,,0.0,False,False,True,False
2023-03-31 17:00:00,8.9,359.64,,0.0,False,False,True,False
2023-03-31 18:00:00,10.0,359.64,,0.0,False,False,True,False
2023-03-31 19:00:00,10.0,359.64,,0.0,False,False,True,False
2023-03-31 20:00:00,10.0,359.64,,0.0,False,False,True,False
2023-03-31 21:00:00,10.0,359.64,,0.0,False,False,True,False
2023-03-31 22:00:00,10.0,359.64,,0.0,False,False,True,False
2023-03-31 23:00:00,10.0,359.64,,0.0,False,False,True,False
2023-04-01 00:00:00,10.6,359.64,,0.0,False,False,True,False
2023-04-01 01:00:00,11.1,359.64,,0.0,False,False,True,False
2023-04-01 02:00:00,11.1,18.0,,0.0,False,False,False,False
2023-04-01 03:00:00,12.2,359.64,,0.0,False,False,True,False
2023-04-01 04:00:00,13.3,359.64,,0.0,False,False,True,False
2023-04-01 05:00:00,15.0,359.64,,0.0,False,False,True,False
2023-04-01 06:00:00,15.8,217.62,,0.0,False,False,True,False
2023-04-01 07:00:00,14.4,359.64,,0.0,False,False,True,False
2023-04-01 08:00:00,13.9,359.64,,0.0,False,False,True,False
2023-04-01 09:00:00,13.3,359.64,,0.0,False,False,True,False
2023-04-01 10:00:00,12.8,359.64,,0.0,False,False,True,False
2023-04-01 11:00:00,12.8,359.64,,0.8,True,False,True,False
2023-04-01 12:00:00,13.0,359.64,4.43,8.5,True,True,True,False
2023-04-01 13:00:00,13.3,359.64,5.63,0.3,True,False,True,False
2023-04-01 14:00:00,14.28,359.64,3.52,11.6,True,True,True,False
2023-04-01 15:00:00,16.95,221.22,,0.0,False,False,True,False
2023-04-01 16:00:00,18.05,219.42,,0.0,False,False,True,False
2023-04-01 17:00:00,18.3,359.64,,6.1,True,False,True,False
2023-04-01 18:00:00,21.1,86.4,,0.0,False,False,True,False
2023-04-01 19:00:00,21.7,75.6,,0.0,False,False,True,False
2023-04-01 20:00:00,21.7,82.8,,0.0,False,False,True,False
2023-04-01 21:00:00,21.1,359.64,,0.0,False,False,True,False
2023-04-01 22:00:00,20.6,72.0,,0.0,False,False,True,False
2023-04-01 23:00:00,13.9,108.0,6.44,1.1,True,False,True,False
2023-04-02 00:00:00,12.8,359.64,,2.5,True,False,True,False
2023-04-02 01:00:00,12.8,104.4,,0.0,False,False,True,False
2023-04-02 02:00:00,13.9,359.64,,3.0,True,False,True,False
2023-04-02 03:00:00,11.1,359.64,,0.5,True,False,True,False
2023-04-02 04:00:00,10.6,230.22,,9.7,True,False,True,False
2023-04-02 05:00:00,10.0,100.8,,3.6,True,False,True,False
2023-04-02 06:00:00,9.4,100.8,,0.0,False,False,True,False
2023-04-02 07:00:00,7.8,111.6,,0.0,False,False,True,False
2023-04-02 08:00:00,7.2,108.0,,0.0,False,False,True,False
2023-04-02 09:00:00,6.1,108.0,,0.0,False,False,True,False
2023-04-02 10:00:00,5.0,100.8,,0.0,False,False,True,False
2023-04-02 11:00:00,4.4,111.6,,9.7,True,False,True,False
2023-04-02 12:00:00,4.4,108.0,,0.0,False,False,True,False
2023-04-02 13:00:00,5.0,111.6,,0.0,False,False,True,False
2023-04-02 14:00:00,6.7,111.6,,0.0,False,False,True,False
2023-04-02 15:00:00,7.2,108.0,,0.0,False,False,True,False
2023-04-02 16:00:00,8.9,359.64,,0.0,False,False,True,False
2023-04-02 17:00:00,10.0,100.8,,0.0,False,False,True,False
2023-04-02 18:00:00,10.0,111.6,,0.0,False,False,True,False
2023-04-02 19:00:00,10.0,359.64,,0.0,False,False,True,False
2023-04-02 20:00:00,10.6,359.64,,0.0,False,False,True,False
2023-04-02 21:00:00,10.0,359.64,,0.0,False,False,True,False
2023-04-02 22:00:00,9.4,359.64,,0.0,False,False,True,False
2023-04-02 23:00:00,8.3,359.64,,0.0,False,False,True,False
2023-04-03 00:00:00,7.8,108.0,,0.0,False,False,True,False
2023-04-03 01:00:00,7.2,111.6,,0.0,False,False,True,False
2023-04-03 02:00:00,6.1,104.4,,0.0,False,False,True,False
2023-04-03 03:00:00,5.6,359.64,,0.0,False,False,True,False
2023-04-03 04:00:00,5.0,359.64,,0.0,False,False,True,False
2023-04-03 05:00:00,5.0,18.0,,0.0,False,False,False,False
2023-04-03 06:00:00,3.9,359.64,,0.0,False,False,True,False
2023-04-03 07:00:00,4.4,28.8,,0.0,False,False,True,False
2023-04-03 08:00:00,3.9,39.6,,0.0,False,False,True,False
2023-04-03 09:00:00,3.9,359.64,,0.0,False,False,True,False
2023-04-03 10:00:00,3.9,39.6,,0.0,False,False,True,False
2023-04-03 11:00:00,5.6,359.64,,0.0,False,False,True,False
2023-04-03 12:00:00,6.7,359.64,,0.0,False,False,True,False
2023-04-03 13:00:00,8.9,46.8,,0.0,False,False,True,False
2023-04-03 14:00:00,9.4,359.64,,0.0,False,False,True,False
2023-04-03 15:00:00,11.1,359.64,,0.0,False,False,True,False
2023-04-03 16:00:00,11.7,359.64,,0.0,False,False,True,False
2023-04-03 17:00:00,13.9,359.64,,0.0,False,False,True,False
2023-04-03 18:00:00,13.9,359.64,,0.0,False,False,True,False
2023-04-03 19:00:00,14.4,359.64,,0.0,False,False,True,False
2023-04-03 20:00:00,12.8,61.2,,0.0,False,False,True,False
2023-04-03 21:00:00,12.2,359.64,,0.0,False,False,True,False
2023-04-03 22:00:00,13.3,359.64,,0.0,False,False,True,False
2023-04-03 23:00:00,12.2,359.64,,0.0,False,False,True,False
2023-04-04 00:00:00,12.2,359.64,,0.0,False,False,True,False
2023-04-04 01:00:00,12.2,359.64,,0.0,False,False,True,False
2023-04-04 02:00:00,12.2,359.64,,0.0,False,False,True,False
2023-04-04 03:00:00,12.2,79.2,,0.0,False,False,True,False
2023-04-04 04:00:00,12.2,359.64,,0.0,False,False,True,False
2023-04-04 05:00:00,12.2,359.64,,0.0,False,False,True,False
2023-04-04 06:00:00,12.2,359.64,,0.0,False,False,True,False
2023-04-04 07:00:00,10.6,359.64,,0.0,False,False,True,False
2023-04-04 08:00:00,9.4,21.6,,0.0,False,False,False,False
2023-04-04 09:00:00,8.9,359.64,,0.0,False,False,True,False
2023-04-04 10:00:00,8.9,14.4,,0.0,False,False,False,False
2023-04-04 11:00:00,10.0,18.0,,0.0,False,False,False,False
2023-04-04 12:00:00,12.2,359.64,,0.0,False,False,True,False
2023-04-04 13:00:00,15.0,359.64,,0.0,False,False,True,False
2023-04-04 14:00:00,16.7,359.64,,0.0,False,False,True,False
2023-04-04 15:00:00,18.3,359.64,,0.0,False,False,True,False
2023-04-04 16:00:00,21.1,359.64,,0.0,False,False,True,False
2023-04-04 17:00:00,22.2,359.64,,0.0,False,False,True,False
2023-04-04 18:00:00,20.6,359.64,,0.0,False,False,True,False
2023-04-04 19:00:00,21.7,359.64,,0.0,False,False,True,False
2023-04-04 20:00:00,20.0,359.64,,0.0,False,False,True,False
2023-04-04 21:00:00,20.6,359.64,,0.0,False,False,True,False
2023-04-04 22:00:00,19.4,39.6,,0.0,False,False,True,False
2023-04-04 23:00:00,18.3,359.64,,0.0,False,False,True,False
2023-04-05 00:00:00,17.8,359.64,,0.0,False,False,True,False
2023-04-05 01:00:00,17.2,359.64,,0.0,False,False,True,False
2023-04-05 02:00:00,17.2,359.64,,0.0,False,False,True,False
2023-04-05 03:00:00,14.4,14.4,,0.0,False,False,False,False
2023-04-05 04:00:00,13.3,194.22,8.05,0.0,False,False,True,False
2023-04-05 05:00:00,13.45,106.11,6.44,0.0,False,False,True,False
2023-04-05 06:00:00,11.7,21.6,6.44,0.0,False,False,False,False
2023-04-05 07:00:00,11.5,21.6,6.44,0.0,False,False,False,False
2023-04-05 08:00:00,10.85,23.4,,0.0,False,False,False,False
2023-04-05 09:00:00,10.0,21.6,,0.0,False,False,False,False
2023-04-05 10:00:00,11.1,25.2,,0.0,False,False,True,False
2023-04-05 11:00:00,11.7,21.6,,0.0,False,False,False,False
2023-04-05 12:00:00,11.7,21.6,,0.0,False,False,False,False
2023-04-05 13:00:00,11.7,25.2,,0.0,False,False,True,False
2023-04-05 14:00:00,11.07,26.4,5.9,0.0,False,False,True,False
2023-04-05 15:00:00,10.85,19.8,2.62,0.0,False,True,False,False
2023-04-05 16:00:00,9.8,27.6,2.82,0.0,False,True,True,False
2023-04-05 17:00:00,9.13,18.0,2.95,0.0,False,True,False,False
2023-04-05 18:00:00,9.4,135.48,4.56,0.0,False,True,True,False
2023-04-05 19:00:00,8.9,23.4,3.62,0.0,False,True,False,False
2023-04-05 20:00:00,8.9,23.4,3.02,0.0,False,True,False,False
2023-04-05 21:00:00,8.3,19.8,3.22,0.0,False,True,False,False
2023-04-05 22:00:00,8.3,25.2,3.22,0.0,False,True,True,False
2023-04-05 23:00:00,8.3,196.02,4.83,0.0,False,True,True,False
2023-04-06 00:00:00,8.3,18.0,4.02,0.0,False,True,False,False
2023-04-06 01:00:00,8.3,359.64,3.22,0.0,False,True,True,False
2023-04-06 02:00:00,8.3,187.02,2.21,0.0,False,True,True,False
2023-04-06 03:00:00,8.3,359.64,2.41,0.0,False,True,True,False
2023-04-06 04:00:00,8.3,188.82,2.01,0.0,False,True,True,False
2023-04-06 05:00:00,8.2,245.76,2.95,0.0,False,True,True,False
2023-04-06 06:00:00,8.9,359.64,1.21,0.0,False,True,True,False
2023-04-06 07:00:00,8.95,185.22,2.21,0.0,False,True,True,False
2023-04-06 08:00:00,9.15,23.4,4.02,0.0,False,True,False,False
2023-04-06 09:00:00,9.23,245.76,2.95,0.0,False,True,True,False
2023-04-06 10:00:00,9.27,359.64,4.56,0.0,False,True,True,False
2023-04-06 11:00:00,9.6,127.08,2.95,0.0,False,True,True,False
2023-04-06 12:00:00,10.68,274.23,4.22,0.0,False,True,True,False
2023-04-06 13:00:00,12.8,359.64,8.05,0.0,False,False,True,False
2023-04-06 14:00:00,16.1,359.64,9.66,0.0,False,False,True,False
2023-04-06 15:00:00,18.3,359.64,9.66,0.0,False,False,True,False
2023-04-06 16:00:00,21.1,359.64,9.66,0.0,False,False,True,False
2023-04-06 17:00:00,22.2,359.64,,0.0,False,False,True,False
2023-04-06 18:00:00,24.4,359.64,,0.0,False,False,True,False
2023-04-06 19:00:00,25.6,79.2,,0.0,False,False,True,False
2023-04-06 20:00:00,25.6,359.64,,0.0,False,False,True,False
2023-04-06 21:00:00,22.2,359.64,,0.0,False,False,True,False
2023-04-06 22:00:00,21.7,359.64,,0.0,False,False,True,False
2023-04-06 23:00:00,18.3,359.64,,0.0,False,False,True,False
2023-04-07 00:00:00,17.8,129.6,,0.0,False,False,True,False
2023-04-07 01:00:00,17.2,104.4,,0.0,False,False,True,False
2023-04-07 02:00:00,16.7,359.64,,0.0,False,False,True,False
2023-04-07 03:00:00,16.1,126.0,,0.0,False,False,True,False
2023-04-07 04:00:00,15.6,359.64,,0.0,False,False,True,False
2023-04-07 05:00:00,15.0,108.0,,0.0,False,False,True,False
2023-04-07 06:00:00,14.4,359.64,,0.0,False,False,True,False
2023-04-07 07:00:00,13.9,359.64,,0.0,False,False,True,False
2023-04-07 08:00:00,13.3,359.64,,0.0,False,False,True,False
2023-04-07 09:00:00,12.2,104.4,,0.0,False,False,True,False
2023-04-07 10:00:00,11.1,108.0,,0.0,False,False,True,False
2023-04-07 11:00:00,11.1,359.64,,0.0,False,False,True,False
2023-04-07 12:00:00,11.7,111.6,,0.0,False,False,True,False
2023-04-07 13:00:00,11.7,111.6,,0.0,False,False,True,False
2023-04-07 14:00:00,11.7,104.4,,0.0,False,False,True,False
2023-04-07 15:00:00,13.3,108.0,,0.0,False,False,True,False
2023-04-07 16:00:00,13.9,104.4,,0.0,False,False,True,False
2023-04-07 17:00:00,12.8,104.4,,0.0,False,False,True,False
2023-04-07 18:00:00,12.8,108.0,,0.0,False,False,True,False
2023-04-07 19:00:00,12.2,359.64,,0.0,False,False,True,False
2023-04-07 20:00:00,12.2,100.8,,0.0,False,False,True,False
2023-04-07 21:00:00,11.1,111.6,,0.0,False,False,True,False
2023-04-07 22:00:00,10.6,111.6,,0.0,False,False,True,False
2023-04-07 23:00:00,9.4,108.0,,0.0,False,False,True,False
2023-04-08 00:00:00,8.9,359.64,,0.0,False,False,True,False
2023-04-08 01:00:00,8.3,108.0,,0.0,False,False,True,False
2023-04-08 02:00:00,7.8,359.64,,0.0,False,False,True,False
2023-04-08 03:00:00,6.7,108.0,,0.0,False,False,True,False
2023-04-08 04:00:00,5.6,359.64,,0.0,False,False,True,False
2023-04-08 05:00:00,5.6,359.64,,0.0,False,False,True,False
2023-04-08 06:00:00,5.0,359.64,,0.0,False,False,True,False
2023-04-08 07:00:00,4.4,359.64,,0.0,False,False,True,False
2023-04-08 08:00:00,3.9,359.64,,0.0,False,False,True,False
2023-04-08 09:00:00,3.3,129.6,,0.0,False,False,True,False
2023-04-08 10:00:00,3.3,118.8,,0.0,False,False,True,False
2023-04-08 11:00:00,3.9,359.64,,0.0,False,False,True,False
2023-04-08 12:00:00,5.0,359.64,,0.0,False,False,True,False
2023-04-08 13:00:00,6.1,129.6,,0.0,False,False,True,False
2023-04-08 14:00:00,6.7,359.64,,0.0,False,False,True,False
2023-04-08 15:00:00,7.2,359.64,,0.0,False,False,True,False
2023-04-08 16:00:00,9.4,359.64,,0.0,False,False,True,False
2023-04-08 17:00:00,11.1,21.6,,0.0,False,False,False,False
2023-04-08 18:00:00,11.1,43.2,,0.0,False,False,True,False
2023-04-08 19:00:00,10.6,359.64,,0.0,False,False,True,False
2023-04-08 20:00:00,11.1,359.64,,0.0,False,False,True,False
2023-04-08 21:00:00,10.6,359.64,,0.0,False,False,True,False
2023-04-08 22:00:00,9.4,359.64,,0.0,False,False,True,False
2023-04-08 23:00:00,8.3,359.64,,0.0,False,False,True,False
2023-04-09 00:00:00,8.3,359.64,,0.0,False,False,True,False
2023-04-09 01:00:00,8.3,359.64,,0.0,False,False,True,False
2023-04-09 02:00:00,7.2,359.64,,0.0,False,False,True,False
2023-04-09 03:00:00,7.2,359.64,,0.0,False,False,True,False
2023-04-09 04:00:00,6.1,359.64,,0.0,False,False,True,False
2023-04-09 05:00:00,6.1,359.64,,0.0,False,False,True,False
2023-04-09 06:00:00,5.6,359.64,,0.0,False,False,True,False
2023-04-09 07:00:00,5.6,359.64,,0.0,False,False,True,False
2023-04-09 08:00:00,5.0,359.64,,0.0,False,False,True,False
2023-04-09 09:00:00,5.0,359.64,,0.0,False,False,True,False
2023-04-09 10:00:00,5.0,118.8,,0.0,False,False,True,False
2023-04-09 11:00:00,6.7,14.4,,0.0,False,False,False,False
2023-04-09 12:00:00,7.2,21.6,,0.0,False,False,False,False
2023-04-09 13:00:00,8.3,25.2,,0.0,False,False,True,False
2023-04-09 14:00:00,9.4,18.0,,0.0,False,False,False,False
2023-04-09 15:00:00,10.6,18.0,,0.0,False,False,False,False
2023-04-09 16:00:00,12.8,21.6,,0.0,False,False,False,False
2023-04-09 17:00:00,12.2,359.64,,0.0,False,False,True,False
2023-04-09 18:00:00,11.1,359.64,,0.0,False,False,True,False
2023-04-09 19:00:00,11.1,359.64,,0.0,False,False,True,False
2023-04-09 20:00:00,10.6,359.64,,0.0,False,False,True,False
2023-04-09 21:00:00,10.0,359.64,,0.0,False,False,True,False
2023-04-09 22:00:00,8.3,359.64,,0.0,False,False,True,False
2023-04-09 23:00:00,7.2,359.64,,0.0,False,False,True,False
2023-04-10 00:00:00,7.2,359.64,,0.0,False,False,True,False
2023-04-10 01:00:00,7.2,359.64,,0.0,False,False,True,False
2023-04-10 02:00:00,6.7,79.2,,0.0,False,False,True,False
2023-04-10 03:00:00,6.7,75.6,,0.0,False,False,True,False
2023-04-10 04:00:00,6.7,219.42,,0.0,False,False,True,False
2023-04-10 05:00:00,6.7,93.6,,0.0,False,False,True,False
2023-04-10 06:00:00,6.1,82.8,,0.0,False,False,True,False
2023-04-10 07:00:00,6.1,359.64,,0.0,False,False,True,False
2023-04-10 08:00:00,6.1,359.64,,0.0,False,False,True,False
2023-04-10 09:00:00,6.1,359.64,,0.0,False,False,True,False
2023-04-10 10:00:00,6.1,359.64,,0.0,False,False,True,False
2023-04-10 11:00:00,7.2,359.64,,0.0,False,False,True,False
2023-04-10 12:00:00,8.3,97.2,,0.0,False,False,True,False
2023-04-10 13:00:00,10.6,97.2,,0.0,False,False,True,False
2023-04-10 14:00:00,12.8,359.64,,0.0,False,False,True,False
2023-04-10 15:00:00,15.0,359.64,,0.0,False,False,True,False
2023-04-10 16:00:00,16.7,359.64,,0.0,False,False,True,False
2023-04-10 17:00:00,17.8,86.4,,0.0,False,False,True,False
2023-04-10 18:00:00,18.9,64.8,,0.0,False,False,True,False
2023-04-10 19:00:00,18.9,359.64,,0.0,False,False,True,False
2023-04-10 20:00:00,16.7,64.8,,0.0,False,False,True,False
2023-04-10 21:00:00,16.1,359.64,,0.0,False,False,True,False
2023-04-10 22:00:00,15.0,359.64,,0.0,False,False,True,False
2023-04-10 23:00:00,13.9,359.64,,0.0,False,False,True,False
2023-04-11 00:00:00,13.3,359.64,,0.0,False,False,True,False
2023-04-11 01:00:00,12.8,359.64,,0.0,False,False,True,False
2023-04-11 02:00:00,15.0,359.64,,0.0,False,False,True,False
2023-04-11 03:00:00,14.4,82.8,,0.0,False,False,True,False
2023-04-11 04:00:00,13.3,221.22,,0.0,False,False,True,False
2023-04-11 05:00:00,12.2,359.64,,0.0,False,False,True,False
2023-04-11 06:00:00,12.2,359.64,,0.0,False,False,True,False
2023-04-11 07:00:00,11.7,359.64,,0.0,False,False,True,False
2023-04-11 08:00:00,11.1,359.64,,0.0,False,False,True,False
2023-04-11 09:00:00,11.1,359.64,,0.0,False,False,True,False
2023-04-11 10:00:00,11.1,359.64,,0.0,False,False,True,False
2023-04-11 11:00:00,11.7,359.64,,0.0,False,False,True,False
2023-04-11 12:00:00,13.3,359.64,,0.0,False,False,True,False
2023-04-11 13:00:00,15.0,359.64,,0.0,False,False,True,False
2023-04-11 14:00:00,18.3,359.64,,0.0,False,False,True,False
2023-04-11 15:00:00,20.6,359.64,,0.0,False,False,True,False
2023-04-11 16:00:00,22.8,359.64,,0.0,False,False,True,False
2023-04-11 17:00:00,23.3,93.6,,0.0,False,False,True,False
2023-04-11 18:00:00,22.8,359.64,,0.0,False,False,True,False
2023-04-11 19:00:00,22.8,359.64,,0.0,False,False,True,False
2023-04-11 20:00:00,22.8,359.64,,0.0,False,False,True,False
2023-04-11 21:00:00,22.2,90.0,,0.0,False,False,True,False
2023-04-11 22:00:00,22.2,86.4,,0.0,False,False,True,False
2023-04-11 23:00:00,21.7,359.64,,0.0,False,False,True,False
2023-04-12 00:00:00,21.1,86.4,,0.0,False,False,True,False
2023-04-12 01:00:00,20.6,82.8,,0.0,False,False,True,False
2023-04-12 02:00:00,19.4,359.64,,0.0,False,False,True,False
2023-04-12 03:00:00,18.9,359.64,,0.0,False,False,True,False
2023-04-12 04:00:00,18.9,359.64,,0.0,False,False,True,False
2023-04-12 05:00:00,18.9,359.64,,0.0,False,False,True,False
2023-04-12 06:00:00,18.3,86.4,,0.0,False,False,True,False
2023-04-12 07:00:00,18.9,86.4,,0.0,False,False,True,False
2023-04-12 08:00:00,18.3,93.6,,0.0,False,False,True,False
2023-04-12 09:00:00,18.9,359.64,,0.0,False,False,True,False
2023-04-12 10:00:00,18.9,359.64,,0.0,False,False,True,False
2023-04-12 11:00:00,19.4,97.2,,0.0,False,False,True,False
2023-04-12 12:00:00,20.0,104.4,,0.0,False,False,True,False
2023-04-12 13:00:00,20.6,359.64,,0.0,False,False,True,False
2023-04-12 14:00:00,22.2,359.64,,0.0,False,False,True,False
2023-04-12 15:00:00,25.0,359.64,,0.0,False,False,True,False
2023-04-12 16:00:00,26.7,104.4,,0.0,False,False,True,False
2023-04-12 17:00:00,27.8,104.4,,0.0,False,False,True,False
2023-04-12 18:00:00,28.3,108.0,,0.0,False,False,True,False
2023-04-12 19:00:00,28.9,359.64,,0.0,False,False,True,False
2023-04-12 20:00:00,28.9,90.0,,0.0,False,False,True,False
2023-04-12 21:00:00,28.3,359.64,,0.0,False,False,True,False
2023-04-12 22:00:00,27.8,359.64,,0.0,False,False,True,False
2023-04-12 23:00:00,26.7,97.2,,0.0,False,False,True,False
2023-04-13 00:00:00,26.1,93.6,,0.0,False,False,True,False
2023-04-13 01:00:00,25.0,359.64,,0.0,False,False,True,False
2023-04-13 02:00:00,23.9,359.64,,0.0,False,False,True,False
2023-04-13 03:00:00,23.9,359.64,,0.0,False,False,True,False
2023-04-13 04:00:00,22.8,359.64,,0.0,False,False,True,False
2023-04-13 05:00:00,22.2,359.64,,0.0,False,False,True,False
2023-04-13 06:00:00,21.7,100.8,,0.0,False,False,True,False
2023-04-13 07:00:00,20.6,104.4,,0.0,False,False,True,False
2023-04-13 08:00:00,20.6,90.0,,0.0,False,False,True,False
2023-04-13 09:00:00,20.0,359.64,,0.0,False,False,True,False
2023-04-13 10:00:00,20.0,359.64,,0.0,False,False,True,False
2023-04-13 11:00:00,21.1,359.64,,0.0,False,False,True,False
2023-04-13 12:00:00,22.8,359.64,,0.0,False,False,True,False
2023-04-13 13:00:00,25.0,359.64,,0.0,False,False,True,False
2023-04-13 14:00:00,27.2,359.64,,0.0,False,False,True,False
2023-04-13 15:00:00,28.9,359.64,,0.0,False,False,True,False
2023-04-13 16:00:00,30.0,359.64,,0.0,False,False,True,False
2023-04-13 17:00:00,31.7,97.2,,0.0,False,False,True,False
2023-04-13 18:00:00,31.7,359.64,,0.0,False,False,True,False
2023-04-13 19:00:00,31.7,82.8,,0.0,False,False,True,False
2023-04-13 20:00:00,31.7,90.0,,0.0,False,False,True,False
2023-04-13 21:00:00,31.1,90.0,,0.0,False,False,True,False
2023-04-13 22:00:00,30.6,90.0,,0.0,False,False,True,False
2023-04-13 23:00:00,28.9,359.64,,0.0,False,False,True,False
2023-04-14 00:00:00,27.8,82.8,,0.0,False,False,True,False
2023-04-14 01:00:00,26.7,359.64,,0.0,False,False,True,False
2023-04-14 02:00:00,26.1,359.64,,0.0,False,False,True,False
2023-04-14 03:00:00,25.6,359.64,,0.0,False,False,True,False
2023-04-14 04:00:00,24.4,223.02,,0.0,False,False,True,False
2023-04-14 05:00:00,24.4,359.64,,0.0,False,False,True,False
2023-04-14 06:00:00,23.9,90.0,,0.0,False,False,True,False
2023-04-14 07:00:00,23.3,86.4,,0.0,False,False,True,False
2023-04-14 08:00:00,22.2,359.64,,0.0,False,False,True,False
2023-04-14 09:00:00,21.7,359.64,,0.0,False,False,True,False
2023-04-14 10:00:00,21.1,359.64,,0.0,False,False,True,False
2023-04-14 11:00:00,22.8,359.64,,0.0,False,False,True,False
2023-04-14 12:00:00,24.4,359.64,,0.0,False,False,True,False
2023-04-14 13:00:00,26.1,359.64,,0.0,False,False,True,False
2023-04-14 14:00:00,28.3,359.64,,0.0,False,False,True,False
2023-04-14 15:00:00,31.1,359.64,,0.0,False,False,True,False
2023-04-14 16:00:00,31.7,359.64,,0.0,False,False,True,False
2023-04-14 17:00:00,32.2,359.64,,0.0,False,False,True,False
2023-04-14 18:00:00,31.7,86.4,,0.0,False,False,True,False
2023-04-14 19:00:00,31.7,359.64,,0.0,False,False,True,False
2023-04-14 20:00:00,30.6,64.8,,0.0,False,False,True,False
2023-04-14 21:00:00,28.9,359.64,,0.0,False,False,True,False
2023-04-14 22:00:00,27.2,359.64,,0.0,False,False,True,False
2023-04-14 23:00:00,25.6,359.64,,0.0,False,False,True,False
2023-04-15 00:00:00,25.6,359.64,,0.0,False,False,True,False
2023-04-15 01:00:00,25.0,79.2,,0.0,False,False,True,False
2023-04-15 02:00:00,24.4,86.4,,0.0,False,False,True,False
2023-04-15 03:00:00,23.3,359.64,,0.0,False,False,True,False
2023-04-15 04:00:00,22.2,359.64,,0.0,False,False,True,False
2023-04-15 05:00:00,21.1,359.64,,0.0,False,False,True,False
2023-04-15 06:00:00,21.1,359.64,,0.0,False,False,True,False
2023-04-15 07:00:00,20.6,79.2,,0.0,False,False,True,False
2023-04-15 08:00:00,20.0,359.64,,0.0,False,False,True,False
2023-04-15 09:00:00,20.0,359.64,,0.0,False,False,True,False
2023-04-15 10:00:00,18.9,359.64,,0.0,False,False,True,False
2023-04-15 11:00:00,19.07,359.64,,0.0,False,False,True,False
2023-04-15 12:00:00,19.15,359.64,,0.0,False,False,True,False
2023-04-15 13:00:00,20.3,359.64,,0.0,False,False,True,False
2023-04-15 14:00:00,21.5,359.64,,0.0,False,False,True,False
2023-04-15 15:00:00,23.3,43.2,,0.0,False,False,True,False
2023-04-15 16:00:00,21.95,30.6,,0.0,False,False,True,False
2023-04-15 17:00:00,21.1,21.6,,0.0,False,False,False,False
2023-04-15 18:00:00,19.85,276.03,,0.0,False,False,True,False
2023-04-15 19:00:00,21.1,359.64,,0.0,False,False,True,False
2023-04-15 20:00:00,19.4,359.64,,0.0,False,False,True,False
2023-04-15 21:00:00,19.23,359.64,,0.0,False,False,True,False
2023-04-15 22:00:00,17.9,359.64,,0.0,False,False,True,False
2023-04-15 23:00:00,17.15,359.64,4.32,1.2,True,True,True,False
2023-04-16 00:00:00,17.16,359.64,7.4,0.0,False,False,True,False
2023-04-16 01:00:00,15.97,34.8,8.58,0.0,False,False,True,False
2023-04-16 02:00:00,15.6,246.96,7.51,0.0,False,False,True,False
2023-04-16 03:00:00,15.5,28.8,5.63,0.0,False,False,True,False
2023-04-16 04:00:00,15.0,274.23,5.1,0.5,True,False,True,False
2023-04-16 05:00:00,15.0,359.64,4.29,0.0,False,True,True,False
2023-04-16 06:00:00,15.6,359.64,4.83,0.0,False,True,True,False
2023-04-16 07:00:00,15.6,359.64,2.82,0.0,False,True,True,False
2023-04-16 08:00:00,15.0,106.11,5.63,0.0,False,False,True,False
2023-04-16 09:00:00,14.4,359.64,8.05,0.0,False,False,True,False
2023-04-16 10:00:00,15.2,359.64,9.66,0.0,False,False,True,False
2023-04-16 11:00:00,15.9,127.08,,0.5,True,False,True,False
2023-04-16 12:00:00,17.2,21.6,,0.0,False,False,False,False
2023-04-16 13:00:00,17.8,32.4,,0.0,False,False,True,False
2023-04-16 14:00:00,19.15,359.64,,0.0,False,False,True,False
2023-04-16 15:00:00,19.8,130.68,,0.0,False,False,True,False
2023-04-16 16:00:00,20.6,359.64,,0.0,False,False,True,False
2023-04-16 17:00:00,20.0,359.64,,0.0,False,False,True,False
2023-04-16 18:00:00,20.6,359.64,,0.0,False,False,True,False
2023-04-16 19:00:00,20.77,141.48,,0.0,False,False,True,False
2023-04-16 20:00:00,20.6,359.64,,0.0,False,False,True,False
2023-04-16 21:00:00,20.0,359.64,,0.0,False,False,True,False
2023-04-16 22:00:00,18.3,359.64,,0.0,False,False,True,False
2023-04-16 23:00:00,17.2,39.6,,0.0,False,False,True,False
2023-04-17 00:00:00,15.0,39.6,,0.0,False,False,True,False
2023-04-17 01:00:00,15.0,359.64,,0.0,False,False,True,False
2023-04-17 02:00:00,14.4,359.64,,0.0,False,False,True,False
2023-04-17 03:00:00,14.2,196.02,,0.0,False,False,True,False
2023-04-17 04:00:00,13.9,359.64,,0.0,False,False,True,False
2023-04-17 05:00:00,13.3,359.64,9.66,0.0,False,False,True,False
2023-04-17 06:00:00,13.3,27.0,6.44,0.0,False,False,True,False
2023-04-17 07:00:00,13.0,292.03,5.15,0.0,False,False,True,False
2023-04-17 08:00:00,12.2,158.98,2.82,0.0,False,True,True,False
2023-04-17 09:00:00,12.13,245.76,4.56,0.0,False,True,True,False
2023-04-17 10:00:00,11.87,133.08,5.1,0.0,False,False,True,False
2023-04-17 11:00:00,12.1,359.64,3.32,0.0,False,True,True,False
2023-04-17 12:00:00,12.2,359.64,2.41,0.0,False,True,True,False
2023-04-17 13:00:00,12.2,127.08,5.1,0.0,False,False,True,False
2023-04-17 14:00:00,12.85,187.02,7.64,0.0,False,False,True,False
2023-04-17 15:00:00,13.73,359.64,4.56,0.0,False,True,True,False
2023-04-17 16:00:00,14.02,359.64,5.63,0.0,False,False,True,False
2023-04-17 17:00:00,14.4,359.64,8.05,0.0,False,False,True,False
2023-04-17 18:00:00,17.5,223.02,,0.0,False,False,True,False
2023-04-17 19:00:00,19.4,359.64,,0.0,False,False,True,False
2023-04-17 20:00:00,19.4,86.4,,0.0,False,False,True,False
2023-04-17 21:00:00,18.3,359.64,,0.0,False,False,True,False
2023-04-17 22:00:00,17.2,86.4,,0.0,False,False,True,False
2023-04-17 23:00:00,16.7,100.8,,0.0,False,False,True,False
2023-04-18 00:00:00,16.7,359.64,,0.0,False,False,True,False
2023-04-18 01:00:00,16.1,90.0,,0.0,False,False,True,False
2023-04-18 02:00:00,15.0,359.64,,0.0,False,False,True,False
2023-04-18 03:00:00,13.9,359.64,,0.0,False,False,True,False
2023-04-18 04:00:00,12.8,359.64,,0.0,False,False,True,False
2023-04-18 05:00:00,12.2,97.2,,0.0,False,False,True,False
2023-04-18 06:00:00,11.7,93.6,,0.0,False,False,True,False
2023-04-18 07:00:00,10.6,82.8,,0.0,False,False,True,False
2023-04-18 08:00:00,10.0,359.64,,0.0,False,False,True,False
2023-04-18 09:00:00,10.0,359.64,,0.0,False,False,True,False
2023-04-18 10:00:00,10.0,359.64,,0.0,False,False,True,False
2023-04-18 11:00:00,11.1,359.64,,0.0,False,False,True,False
2023-04-18 12:00:00,11.7,86.4,,0.0,False,False,True,False
2023-04-18 13:00:00,11.7,359.64,,0.0,False,False,True,False
2023-04-18 14:00:00,10.6,82.8,,0.0,False,False,True,False
2023-04-18 15:00:00,11.1,359.64,,0.0,False,False,True,False
2023-04-18 16:00:00,11.1,359.64,,0.0,False,False,True,False
2023-04-18 17:00:00,11.1,100.8,,0.0,False,False,True,False
2023-04-18 18:00:00,13.3,359.64,,0.0,False,False,True,False
2023-04-18 19:00:00,13.3,97.2,,0.0,False,False,True,False
2023-04-18 20:00:00,12.8,359.64,,0.0,False,False,True,False
2023-04-18 21:00:00,12.8,100.8,,0.0,False,False,True,False
2023-04-18 22:00:00,11.1,97.2,,0.0,False,False,True,False
2023-04-18 23:00:00,10.0,108.0,,0.0,False,False,True,False
2023-04-19 00:00:00,8.9,97.2,,0.0,False,False,True,False
2023-04-19 01:00:00,8.3,104.4,,0.0,False,False,True,False
2023-04-19 02:00:00,8.3,100.8,,0.0,False,False,True,False
2023-04-19 03:00:00,7.8,359.64,,0.0,False,False,True,False
2023-04-19 04:00:00,7.8,359.64,,0.0,False,False,True,False
2023-04-19 05:00:00,7.8,100.8,,0.0,False,False,True,False
2023-04-19 06:00:00,7.8,359.64,,0.0,False,False,True,False
2023-04-19 07:00:00,7.8,97.2,,0.0,False,False,True,False
2023-04-19 08:00:00,7.8,100.8,,0.0,False,False,True,False
2023-04-19 09:00:00,7.8,359.64,,0.0,False,False,True,False
2023-04-19 10:00:00,7.8,359.64,,0.0,False,False,True,False
2023-04-19 11:00:00,7.8,86.4,,0.0,False,False,True,False
2023-04-19 12:00:00,8.3,359.64,,0.0,False,False,True,False
2023-04-19 13:00:00,9.4,359.64,,0.0,False,False,True,False
2023-04-19 14:00:00,9.4,104.4,,0.0,False,False,True,False
2023-04-19 15:00:00,12.2,359.64,,0.0,False,False,True,False
2023-04-19 16:00:00,12.8,100.8,,0.0,False,False,True,False
2023-04-19 17:00:00,15.0,108.0,,0.0,False,False,True,False
2023-04-19 18:00:00,15.6,97.2,,0.0,False,False,True,False
2023-04-19 19:00:00,16.7,359.64,,0.0,False,False,True,False
2023-04-19 20:00:00,17.8,359.64,,0.0,False,False,True,False
2023-04-19 21:00:00,17.8,97.2,,0.0,False,False,True,False
2023-04-19 22:00:00,17.2,359.64,,0.0,False,False,True,False
2023-04-19 23:00:00,14.4,36.0,,0.0,False,False,True,False
2023-04-20 00:00:00,12.2,39.6,,0.0,False,False,True,False
2023-04-20 01:00:00,11.7,21.6,,0.0,False,False,False,False
2023-04-20 02:00:00,10.6,359.64,,0.0,False,False,True,False
2023-04-20 03:00:00,10.6,25.2,,0.0,False,False,True,False
2023-04-20 04:00:00,10.6,359.64,,0.0,False,False,True,False
2023-04-20 05:00:00,10.0,18.0,,0.0,False,False,False,False
2023-04-20 06:00:00,10.0,18.0,,0.0,False,False,False,False
2023-04-20 07:00:00,9.4,14.4,,0.0,False,False,False,False
2023-04-20 08:00:00,8.3,359.64,,0.0,False,False,True,False
2023-04-20 09:00:00,8.3,359.64,,0.0,False,False,True,False
2023-04-20 10:00:00,7.2,359.64,,0.0,False,False,True,False
2023-04-20 11:00:00,8.3,359.64,,0.0,False,False,True,False
2023-04-20 12:00:00,9.4,359.64,,0.0,False,False,True,False
2023-04-20 13:00:00,10.0,18.0,,0.0,False,False,False,False
2023-04-20 14:00:00,11.7,359.64,,0.0,False,False,True,False
2023-04-20 15:00:00,14.4,14.4,,0.0,False,False,False,False
2023-04-20 16:00:00,15.6,100.8,,0.0,False,False,True,False
2023-04-20 17:00:00,17.2,359.64,,0.0,False,False,True,False
2023-04-20 18:00:00,18.3,359.64,,0.0,False,False,True,False
2023-04-20 19:00:00,17.8,359.64,,0.0,False,False,True,False
2023-04-20 20:00:00,16.7,359.64,,0.0,False,False,True,False
2023-04-20 21:00:00,16.1,359.64,,0.0,False,False,True,False
2023-04-20 22:00:00,13.9,359.64,,0.0,False,False,True,False
2023-04-20 23:00:00,12.8,359.64,,0.0,False,False,True,False
2023-04-21 00:00:00,12.2,359.64,,0.0,False,False,True,False
2023-04-21 01:00:00,11.7,359.64,,0.0,False,False,True,False
2023-04-21 02:00:00,11.7,359.64,,0.0,False,False,True,False
2023-04-21 03:00:00,12.8,359.64,,0.0,False,False,True,False
2023-04-21 04:00:00,12.8,359.64,,0.0,False,False,True,False
2023-04-21 05:00:00,12.2,359.64,,0.0,False,False,True,False
2023-04-21 06:00:00,12.2,359.64,,0.0,False,False,True,False
2023-04-21 07:00:00,11.7,359.64,,0.0,False,False,True,False
2023-04-21 08:00:00,11.1,359.64,,0.0,False,False,True,False
2023-04-21 09:00:00,11.7,359.64,,0.0,False,False,True,False
2023-04-21 10:00:00,10.6,359.64,,0.0,False,False,True,False
2023-04-21 11:00:00,12.2,21.6,,0.0,False,False,False,False
2023-04-21 12:00:00,13.3,32.4,,0.0,False,False,True,False
2023-04-21 13:00:00,15.6,359.64,,0.0,False,False,True,False
2023-04-21 14:00:00,17.8,18.0,,0.0,False,False,False,False
2023-04-21 15:00:00,18.9,21.6,,0.0,False,False,False,False
2023-04-21 16:00:00,19.4,25.2,,0.0,False,False,True,False
2023-04-21 17:00:00,21.1,359.64,,0.0,False,False,True,False
2023-04-21 18:00:00,20.6,25.2,,0.0,False,False,True,False
2023-04-21 19:00:00,20.6,359.64,,0.0,False,False,True,False
2023-04-21 20:00:00,20.0,359.64,,0.0,False,False,True,False
2023-04-21 21:00:00,18.15,201.42,,0.0,False,False,True,False
2023-04-21 22:00:00,16.1,203.22,,0.0,False,False,True,False
2023-04-21 23:00:00,15.85,359.64,,0.0,False,False,True,False
2023-04-22 00:00:00,14.4,36.0,,0.0,False,False,True,False
2023-04-22 01:00:00,13.9,36.0,,0.0,False,False,True,False
2023-04-22 02:00:00,13.6,36.0,,0.0,False,False,True,False
2023-04-22 03:00:00,12.8,359.64,,0.0,False,False,True,False
2023-04-22 04:00:00,11.7,196.02,,0.0,False,False,True,False
2023-04-22 05:00:00,11.05,30.6,,0.0,False,False,True,False
2023-04-22 06:00:00,11.1,25.2,,0.0,False,False,True,False
2023-04-22 07:00:00,10.8,21.6,9.66,0.0,False,False,False,False
2023-04-22 08:00:00,10.6,18.0,8.05,0.0,False,False,False,False
2023-04-22 09:00:00,10.6,359.64,8.05,0.0,False,False,True,False
2023-04-22 10:00:00,11.1,32.4,8.05,0.0,False,False,True,False
2023-04-22 11:00:00,11.1,359.64,8.05,0.0,False,False,True,False
2023-04-22 12:00:00,11.7,21.6,8.05,0.0,False,False,False,False
2023-04-22 13:00:00,12.25,190.62,9.66,0.0,False,False,True,False
2023-04-22 14:00:00,14.4,359.64,,0.0,False,False,True,False
2023-04-22 15:00:00,15.3,25.2,9.66,0.0,False,False,True,False
2023-04-22 16:00:00,17.2,18.0,,0.0,False,False,False,False
2023-04-22 17:00:00,17.8,28.8,,0.0,False,False,True,False
2023-04-22 18:00:00,18.3,25.2,,0.0,False,False,True,False
2023-04-22 19:00:00,18.3,28.8,,0.0,False,False,True,False
2023-04-22 20:00:00,16.65,25.2,,0.0,False,False,True,False
2023-04-22 21:00:00,14.3,276.03,4.53,1.5,True,True,True,False
2023-04-22 22:00:00,15.0,25.2,8.05,0.0,False,False,True,False
2023-04-22 23:00:00,16.1,359.64,,1.0,True,False,True,False
2023-04-23 00:00:00,14.4,21.6,,0.0,False,False,False,False
2023-04-23 01:00:00,15.0,359.64,1.81,7.9,True,True,True,False
2023-04-23 02:00:00,14.28,193.32,2.41,42.2,True,True,True,False
2023-04-23 03:00:00,13.4,134.28,5.9,5.5,True,False,True,False
2023-04-23 04:00:00,12.52,247.56,4.67,22.5,True,True,True,False
2023-04-23 05:00:00,12.8,190.62,2.21,34.5,True,True,True,False
2023-04-23 06:00:00,12.65,275.13,3.12,10.3,True,True,True,False
2023-04-23 07:00:00,12.15,194.22,4.53,7.0,True,True,True,False
2023-04-23 08:00:00,12.6,20.4,4.83,15.7,True,True,False,False
2023-04-23 09:00:00,13.14,304.99,2.25,6.7,True,True,True,False
2023-04-23 10:00:00,12.85,233.82,3.22,25.2,True,True,True,False
2023-04-23 11:00:00,12.8,246.96,3.42,91.0,True,True,True,False
2023-04-23 12:00:00,13.1,125.91,4.02,4.7,True,True,True,False
2023-04-23 13:00:00,13.13,282.96,6.44,2.0,True,False,True,False
2023-04-23 14:00:00,13.9,359.64,,3.3,True,False,True,False
2023-04-23 15:00:00,14.8,359.64,,0.0,False,False,True,False
2023-04-23 16:00:00,16.7,359.64,,0.0,False,False,True,False
2023-04-23 17:00:00,18.3,108.0,,3.3,True,False,True,False
2023-04-23 18:00:00,20.0,359.64,,0.0,False,False,True,False
2023-04-23 19:00:00,19.4,359.64,,0.0,False,False,True,False
2023-04-23 20:00:00,17.8,359.64,,0.0,False,False,True,False
2023-04-23 21:00:00,16.7,359.64,,0.0,False,False,True,False
2023-04-23 22:00:00,16.1,3.6,,0.0,False,False,False,False
2023-04-23 23:00:00,15.6,359.64,,0.0,False,False,True,False
2023-04-24 00:00:00,15.0,100.8,,0.0,False,False,True,False
2023-04-24 01:00:00,13.9,100.8,,0.0,False,False,True,False
2023-04-24 02:00:00,12.8,359.64,,0.0,False,False,True,False
2023-04-24 03:00:00,11.1,108.0,,0.0,False,False,True,False
2023-04-24 04:00:00,10.0,359.64,,38.4,True,False,True,False
2023-04-24 05:00:00,9.4,359.64,,0.0,False,False,True,False
2023-04-24 06:00:00,8.3,359.64,,0.0,False,False,True,False
2023-04-24 07:00:00,7.8,97.2,,0.0,False,False,True,False
2023-04-24 08:00:00,7.2,359.64,,0.0,False,False,True,False
2023-04-24 09:00:00,7.2,359.64,,0.0,False,False,True,False
2023-04-24 10:00:00,7.2,359.64,,0.0,False,False,True,False
2023-04-24 11:00:00,7.8,359.64,,3.3,True,False,True,False
2023-04-24 12:00:00,8.9,359.64,,0.0,False,False,True,False
2023-04-24 13:00:00,10.6,359.64,,0.0,False,False,True,False
2023-04-24 14:00:00,12.2,111.6,,0.0,False,False,True,False
2023-04-24 15:00:00,14.4,359.64,,0.0,False,False,True,False
2023-04-24 16:00:00,13.9,108.0,,0.0,False,False,True,False
2023-04-24 17:00:00,15.0,359.64,,0.0,False,False,True,False
2023-04-24 18:00:00,15.0,90.0,,0.0,False,False,True,False
2023-04-24 19:00:00,15.6,359.64,,0.0,False,False,True,False
2023-04-24 20:00:00,15.0,359.64,,0.0,False,False,True,False
2023-04-24 21:00:00,15.0,359.64,,0.0,False,False,True,False
2023-04-24 22:00:00,14.4,359.64,,0.0,False,False,True,False
2023-04-24 23:00:00,13.3,359.64,,0.0,False,False,True,False
2023-04-25 00:00:00,13.3,359.64,,0.0,False,False,True,False
2023-04-25 01:00:00,11.7,359.64,,0.0,False,False,True,False
2023-04-25 02:00:00,11.7,108.0,,0.0,False,False,True,False
2023-04-25 03:00:00,11.7,359.64,,0.0,False,False,True,False
2023-04-25 04:00:00,10.6,359.64,,0.0,False,False,True,False
2023-04-25 05:00:00,10.0,359.64,,0.0,False,False,True,False
2023-04-25 06:00:00,8.9,359.64,,0.0,False,False,True,False
2023-04-25 07:00:00,8.9,359.64,,0.0,False,False,True,False
2023-04-25 08:00:00,8.3,359.64,,0.0,False,False,True,False
2023-04-25 09:00:00,7.8,359.64,,0.0,False,False,True,False
2023-04-25 10:00:00,8.3,359.64,,0.0,False,False,True,False
2023-04-25 11:00:00,8.3,359.64,,0.0,False,False,True,False
2023-04-25 12:00:00,9.4,126.0,,0.0,False,False,True,False
2023-04-25 13:00:00,11.1,359.64,,0.0,False,False,True,False
2023-04-25 14:00:00,12.8,359.64,,0.0,False,False,True,False
2023-04-25 15:00:00,13.9,359.64,,0.0,False,False,True,False
2023-04-25 16:00:00,13.9,359.64,,0.0,False,False,True,False
2023-04-25 17:00:00,13.3,359.64,,0.0,False,False,True,False
2023-04-25 18:00:00,13.3,359.64,,0.0,False,False,True,False
2023-04-25 19:00:00,15.0,359.64,,0.0,False,False,True,False
2023-04-25 20:00:00,15.0,359.64,,0.0,False,False,True,False
2023-04-25 21:00:00,13.9,359.64,,0.0,False,False,True,False
2023-04-25 22:00:00,14.4,359.64,,0.0,False,False,True,False
2023-04-25 23:00:00,13.3,359.64,,0.0,False,False,True,False
2023-04-26 00:00:00,12.8,359.64,,0.0,False,False,True,False
2023-04-26 01:00:00,11.7,359.64,,0.0,False,False,True,False
2023-04-26 02:00:00,11.7,359.64,,0.0,False,False,True,False
2023-04-26 03:00:00,11.1,359.64,,0.0,False,False,True,False
2023-04-26 04:00:00,9.4,190.62,,0.0,False,False,True,False
2023-04-26 05:00:00,8.9,359.64,,0.0,False,False,True,False
2023-04-26 06:00:00,9.4,3.6,,0.0,False,False,False,False
2023-04-26 07:00:00,8.9,14.4,,0.0,False,False,False,False
2023-04-26 08:00:00,7.8,359.64,,0.0,False,False,True,False
2023-04-26 09:00:00,8.3,359.64,,0.0,False,False,True,False
2023-04-26 10:00:00,8.9,18.0,,0.0,False,False,False,False
2023-04-26 11:00:00,10.6,359.64,,0.0,False,False,True,False
2023-04-26 12:00:00,11.7,359.64,,0.0,False,False,True,False
2023-04-26 13:00:00,12.8,359.64,,0.0,False,False,True,False
2023-04-26 14:00:00,13.9,359.64,,0.0,False,False,True,False
2023-04-26 15:00:00,13.3,359.64,,0.0,False,False,True,False
2023-04-26 16:00:00,12.8,359.64,,0.0,False,False,True,False
2023-04-26 17:00:00,14.4,359.64,,0.0,False,False,True,False
2023-04-26 18:00:00,13.9,359.64,,0.0,False,False,True,False
2023-04-26 19:00:00,13.9,359.64,,0.0,False,False,True,False
2023-04-26 20:00:00,13.3,359.64,,0.0,False,False,True,False
2023-04-26 21:00:00,12.8,359.64,,0.0,False,False,True,False
2023-04-26 22:00:00,11.7,46.8,,0.0,False,False,True,False
2023-04-26 23:00:00,11.1,359.64,,0.0,False,False,True,False
2023-04-27 00:00:00,11.1,359.64,,0.0,False,False,True,False
2023-04-27 01:00:00,11.1,359.64,,0.0,False,False,True,False
2023-04-27 02:00:00,10.6,359.64,,0.0,False,False,True,False
2023-04-27 03:00:00,11.1,359.64,,0.0,False,False,True,False
2023-04-27 04:00:00,10.6,359.64,,0.0,False,False,True,False
2023-04-27 05:00:00,10.6,359.64,,0.0,False,False,True,False
2023-04-27 06:00:00,10.6,46.8,,0.0,False,False,True,False
2023-04-27 07:00:00,11.1,359.64,,0.0,False,False,True,False
2023-04-27 08:00:00,11.05,359.64,,0.0,False,False,True,False
2023-04-27 09:00:00,11.1,359.64,,0.0,False,False,True,False
2023-04-27 10:00:00,11.1,359.64,,0.0,False,False,True,False
2023-04-27 11:00:00,11.05,359.64,,0.0,False,False,True,False
2023-04-27 12:00:00,11.7,359.64,,0.0,False,False,True,False
2023-04-27 13:00:00,11.87,359.64,,0.0,False,False,True,False
2023-04-27 14:00:00,11.95,359.64,,0.0,False,False,True,False
2023-04-27 15:00:00,12.2,201.42,,0.0,False,False,True,False
2023-04-27 16:00:00,12.2,36.0,,0.0,False,False,True,False
2023-04-27 17:00:00,12.2,25.2,,0.0,False,False,True,False
2023-04-27 18:00:00,13.05,190.62,,0.0,False,False,True,False
2023-04-27 19:00:00,13.3,188.82,,0.0,False,False,True,False
2023-04-27 20:00:00,13.03,136.68,,0.0,False,False,True,False
2023-04-27 21:00:00,13.3,201.42,,0.0,False,False,True,False
2023-04-27 22:00:00,12.2,359.64,,0.0,False,False,True,False
2023-04-27 23:00:00,11.7,43.2,,0.0,False,False,True,False
2023-04-28 00:00:00,11.1,39.6,,0.0,False,False,True,False
2023-04-28 01:00:00,10.6,359.64,,0.0,False,False,True,False
2023-04-28 02:00:00,10.3,359.64,,0.0,False,False,True,False
2023-04-28 03:00:00,10.0,359.64,,0.0,False,False,True,False
2023-04-28 04:00:00,9.4,359.64,,0.0,False,False,True,False
2023-04-28 05:00:00,10.0,249.36,,0.0,False,False,True,False
2023-04-28 06:00:00,9.4,39.6,,0.0,False,False,True,False
2023-04-28 07:00:00,10.0,359.64,,0.0,False,False,True,False
2023-04-28 08:00:00,10.0,116.01,,0.0,False,False,True,False
2023-04-28 09:00:00,10.0,359.64,,0.0,False,False,True,False
2023-04-28 10:00:00,10.0,359.64,,0.0,False,False,True,False
2023-04-28 11:00:00,10.2,249.36,,0.0,False,False,True,False
2023-04-28 12:00:00,11.1,25.2,,0.0,False,False,True,False
2023-04-28 13:00:00,11.1,359.64,,0.0,False,False,True,False
2023-04-28 14:00:00,11.7,28.8,,0.0,False,False,True,False
2023-04-28 15:00:00,12.8,32.4,,0.0,False,False,True,False
2023-04-28 16:00:00,12.8,359.64,,0.0,False,False,True,False
2023-04-28 17:00:00,12.8,32.4,,0.0,False,False,True,False
2023-04-28 18:00:00,12.8,25.2,,0.0,False,False,True,False
2023-04-28 19:00:00,12.2,359.64,,0.0,False,False,True,False
2023-04-28 20:00:00,12.2,359.64,,0.0,False,False,True,False
2023-04-28 21:00:00,12.2,32.4,,0.0,False,False,True,False
2023-04-28 22:00:00,12.2,359.64,,0.0,False,False,True,False
2023-04-28 23:00:00,10.0,21.6,,0.0,False,False,False,False
2023-04-29 00:00:00,8.9,21.6,8.05,0.8,True,False,False,False
2023-04-29 01:00:00,8.3,359.64,6.44,1.8,True,False,True,False
2023-04-29 02:00:00,8.15,23.4,4.83,6.3,True,True,False,False
2023-04-29 03:00:00,8.83,217.85,7.36,5.6,True,False,True,False
2023-04-29 04:00:00,8.9,188.82,6.44,10.9,True,False,True,False
2023-04-29 05:00:00,8.9,189.72,4.83,17.3,True,True,True,False
2023-04-29 06:00:00,8.9,25.2,5.03,9.2,True,False,True,False
2023-04-29 07:00:00,8.9,23.4,7.24,2.5,True,False,False,False
2023-04-29 08:00:00,8.93,21.6,3.08,15.1,True,True,False,False
2023-04-29 09:00:00,9.4,21.6,3.22,9.3,True,True,False,False
2023-04-29 10:00:00,9.4,190.62,2.82,10.4,True,True,True,False
2023-04-29 11:00:00,9.8,248.16,5.9,76.1,True,False,True,False
2023-04-29 12:00:00,10.0,359.64,2.41,3.8,True,True,True,False
2023-04-29 13:00:00,10.12,359.64,1.45,19.7,True,True,True,False
2023-04-29 14:00:00,11.1,359.64,2.01,15.7,True,True,True,False
2023-04-29 15:00:00,11.1,359.64,2.01,3.0,True,True,True,False
2023-04-29 16:00:00,11.1,359.64,2.01,3.8,True,True,True,False
2023-04-29 17:00:00,11.46,164.02,3.22,26.2,True,True,True,False
2023-04-29 18:00:00,11.1,359.64,2.41,3.0,True,True,True,False
2023-04-29 19:00:00,11.1,26.4,2.68,3.7,True,True,True,False
2023-04-29 20:00:00,10.6,28.8,2.41,11.7,True,True,True,False
2023-04-29 21:00:00,10.6,24.3,3.52,2.2,True,True,False,False
2023-04-29 22:00:00,10.2,135.48,3.89,2.5,True,True,True,False
2023-04-29 23:00:00,10.15,21.6,4.02,13.9,True,True,False,False
2023-04-30 00:00:00,10.0,25.2,4.83,0.5,True,True,True,False
2023-04-30 01:00:00,10.0,18.0,4.83,0.3,True,True,False,False
2023-04-30 02:00:00,10.0,21.6,8.05,0.8,True,False,False,False
2023-04-30 03:00:00,10.0,21.6,6.44,0.0,False,False,False,False
2023-04-30 04:00:00,10.0,192.42,6.44,62.5,True,False,True,False
2023-04-30 05:00:00,10.6,21.6,4.02,0.8,True,True,False,False
2023-04-30 06:00:00,10.6,23.4,5.63,0.0,False,False,False,False
2023-04-30 07:00:00,10.6,246.96,4.56,0.0,False,True,True,False
2023-04-30 08:00:00,10.6,188.82,4.02,0.0,False,True,True,False
2023-04-30 09:00:00,10.6,246.96,4.29,0.0,False,True,True,False
2023-04-30 10:00:00,10.6,359.64,5.63,0.0,False,False,True,False
2023-04-30 11:00:00,11.1,156.1,4.67,33.5,True,True,True,False
2023-04-30 12:00:00,11.7,21.6,,0.0,False,False,False,False
2023-04-30 13:00:00,11.7,36.0,,0.0,False,False,True,False
2023-04-30 14:00:00,12.2,21.6,9.66,0.0,False,False,False,False
2023-04-30 15:00:00,11.95,21.6,2.62,1.5,True,True,False,False
2023-04-30 16:00:00,11.97,135.48,4.02,2.5,True,True,True,False
2023-04-30 17:00:00,12.16,89.21,4.1,12.8,True,True,True,False
2023-04-30 18:00:00,12.8,248.16,2.95,4.7,True,True,True,False
2023-04-30 19:00:00,12.15,107.01,2.11,13.6,True,True,True,False
2023-04-30 20:00:00,12.5,23.4,1.91,27.8,True,True,False,False
2023-04-30 21:00:00,13.62,115.11,1.41,39.9,True,True,True,False
2023-04-30 22:00:00,14.62,279.18,2.01,35.5,True,True,True,False
2023-04-30 23:00:00,15.0,193.32,4.43,49.4,True,True,True,False
2023-05-01 00:00:00,15.4,141.48,3.76,2.0,True,True,True,False
2023-05-01 01:00:00,15.1,191.22,2.28,11.4,True,True,True,False
2023-05-01 02:00:00,15.55,111.51,3.62,25.9,True,True,True,False
2023-05-01 03:00:00,15.6,192.42,2.21,0.2,True,True,True,False
2023-05-01 04:00:00,15.15,359.64,4.63,58.9,True,True,True,False
2023-05-01 05:00:00,14.1,187.68,4.63,19.4,True,True,True,False
2023-05-01 06:00:00,12.1,227.52,,0.6,True,False,True,False
2023-05-01 07:00:00,10.0,99.0,,0.0,False,False,True,False
2023-05-01 08:00:00,10.0,359.64,,0.3,True,False,True,False
2023-05-01 09:00:00,9.4,359.64,,0.0,False,False,True,False
2023-05-01 10:00:00,10.0,86.4,,0.0,False,False,True,False
2023-05-01 11:00:00,10.0,90.0,,61.5,True,False,True,False
2023-05-01 12:00:00,11.1,359.64,,0.0,False,False,True,False
2023-05-01 13:00:00,13.3,359.64,,0.0,False,False,True,False
2023-05-01 14:00:00,14.4,82.8,,0.0,False,False,True,False
2023-05-01 15:00:00,15.6,90.0,,0.0,False,False,True,False
2023-05-01 16:00:00,14.4,82.8,,0.0,False,False,True,False
2023-05-01 17:00:00,15.0,359.64,,0.0,False,False,True,False
2023-05-01 18:00:00,15.0,359.64,,0.0,False,False,True,False
2023-05-01 19:00:00,15.6,359.64,,0.0,False,False,True,False
2023-05-01 20:00:00,16.1,359.64,,0.0,False,False,True,False
2023-05-01 21:00:00,15.6,82.8,,0.0,False,False,True,False
2023-05-01 22:00:00,15.0,359.64,,0.0,False,False,True,False
2023-05-01 23:00:00,14.4,359.64,,0.0,False,False,True,False
2023-05-02 00:00:00,14.4,90.0,,0.0,False,False,True,False
2023-05-02 01:00:00,12.8,359.64,,0.0,False,False,True,False
2023-05-02 02:00:00,12.8,359.64,,0.0,False,False,True,False
2023-05-02 03:00:00,12.2,359.64,,0.0,False,False,True,False
2023-05-02 04:00:00,12.2,359.64,,2.3,True,False,True,False
2023-05-02 05:00:00,10.6,100.8,,0.0,False,False,True,False
2023-05-02 06:00:00,11.1,359.64,,0.0,False,False,True,False
2023-05-02 07:00:00,8.9,359.64,,0.0,False,False,True,False
2023-05-02 08:00:00,9.4,359.64,,0.0,False,False,True,False
2023-05-02 09:00:00,10.0,359.64,,0.0,False,False,True,False
2023-05-02 10:00:00,10.6,75.6,,0.0,False,False,True,False
2023-05-02 11:00:00,8.2,359.64,6.44,7.5,True,False,True,False
2023-05-02 12:00:00,8.9,359.64,,0.0,False,False,True,False
2023-05-02 13:00:00,9.4,82.8,,0.0,False,False,True,False
2023-05-02 14:00:00,7.5,293.13,2.41,13.4,True,True,True,False
2023-05-02 15:00:00,8.35,223.02,6.44,0.3,True,False,True,False
2023-05-02 16:00:00,8.02,304.27,3.02,3.0,True,True,True,False
2023-05-02 17:00:00,10.0,359.64,,4.8,True,False,True,False
2023-05-02 18:00:00,10.6,86.4,,0.0,False,False,True,False
2023-05-02 19:00:00,12.2,86.4,,0.0,False,False,True,False
2023-05-02 20:00:00,13.3,359.64,,0.0,False,False,True,False
2023-05-02 21:00:00,12.8,86.4,,0.0,False,False,True,False
2023-05-02 22:00:00,11.7,82.8,,0.0,False,False,True,False
2023-05-02 23:00:00,11.1,359.64,,0.0,False,False,True,False
2023-05-03 00:00:00,11.7,90.0,,0.0,False,False,True,False
2023-05-03 01:00:00,11.1,86.4,,0.0,False,False,True,False
2023-05-03 02:00:00,10.6,359.64,,0.0,False,False,True,False
2023-05-03 03:00:00,10.0,359.64,,0.0,False,False,True,False
2023-05-03 04:00:00,10.0,359.64,,6.4,True,False,True,False
2023-05-03 05:00:00,9.4,90.0,,0.0,False,False,True,False
2023-05-03 06:00:00,8.9,359.64,,0.0,False,False,True,False
2023-05-03 07:00:00,8.9,100.8,,0.0,False,False,True,False
2023-05-03 08:00:00,8.3,100.8,,0.0,False,False,True,False
2023-05-03 09:00:00,8.3,359.64,,0.0,False,False,True,False
2023-05-03 10:00:00,8.3,359.64,,0.0,False,False,True,False
2023-05-03 11:00:00,8.9,359.64,,4.8,True,False,True,False
2023-05-03 12:00:00,10.0,359.64,,0.0,False,False,True,False
2023-05-03 13:00:00,10.6,79.2,,0.0,False,False,True,False
2023-05-03 14:00:00,11.1,93.6,,0.0,False,False,True,False
2023-05-03 15:00:00,11.7,359.64,,0.0,False,False,True,False
2023-05-03 16:00:00,11.1,359.64,,0.0,False,False,True,False
2023-05-03 17:00:00,12.2,359.64,,0.0,False,False,True,False
2023-05-03 18:00:00,12.8,359.64,,0.0,False,False,True,False
2023-05-03 19:00:00,13.3,359.64,,0.0,False,False,True,False
2023-05-03 20:00:00,13.3,75.6,,0.0,False,False,True,False
2023-05-03 21:00:00,12.2,359.64,,0.0,False,False,True,False
2023-05-03 22:00:00,10.6,359.64,,0.0,False,False,True,False
2023-05-03 23:00:00,10.0,359.64,,0.0,False,False,True,False
2023-05-04 00:00:00,10.0,359.64,,0.0,False,False,True,False
2023-05-04 01:00:00,10.0,359.64,,0.0,False,False,True,False
2023-05-04 02:00:00,9.4,359.64,,0.0,False,False,True,False
2023-05-04 03:00:00,9.4,359.64,,0.0,False,False,True,False
2023-05-04 04:00:00,8.9,359.64,,0.0,False,False,True,False
2023-05-04 05:00:00,8.9,126.0,,0.0,False,False,True,False
2023-05-04 06:00:00,8.9,359.64,,0.0,False,False,True,False
2023-05-04 07:00:00,8.9,126.0,,0.0,False,False,True,False
2023-05-04 08:00:00,8.93,359.64,,0.0,False,False,True,False
2023-05-04 09:00:00,8.9,18.0,,0.0,False,False,False,False
2023-05-04 10:00:00,9.4,7.2,,0.0,False,False,False,False
2023-05-04 11:00:00,9.4,359.64,,1.1,True,False,True,False
2023-05-04 12:00:00,10.0,131.88,,0.0,False,False,True,False
2023-05-04 13:00:00,11.1,25.2,,0.0,False,False,True,False
2023-05-04 14:00:00,10.4,129.48,,0.0,False,False,True,False
2023-05-04 15:00:00,9.4,18.0,,0.3,True,False,False,False
2023-05-04 16:00:00,11.05,196.02,,0.0,False,False,True,False
2023-05-04 17:00:00,11.7,359.64,,0.3,True,False,True,False
2023-05-04 18:00:00,11.7,359.64,,0.0,False,False,True,False
2023-05-04 19:00:00,11.1,359.64,,0.5,True,False,True,False
2023-05-04 20:00:00,12.2,359.64,,0.8,True,False,True,False
2023-05-04 21:00:00,12.2,359.64,,0.0,False,False,True,False
2023-05-04 22:00:00,11.7,359.64,,0.0,False,False,True,False
2023-05-04 23:00:00,10.6,82.8,,0.5,True,False,True,False
2023-05-05 00:00:00,11.7,75.6,,0.0,False,False,True,False
2023-05-05 01:00:00,11.7,359.64,,0.0,False,False,True,False
2023-05-05 02:00:00,10.6,359.64,9.66,0.3,True,False,True,False
2023-05-05 03:00:00,10.6,104.4,,0.0,False,False,True,False
2023-05-05 04:00:00,10.6,232.02,,1.3,True,False,True,False
2023-05-05 05:00:00,10.0,359.64,,0.3,True,False,True,False
2023-05-05 06:00:00,10.0,359.64,,0.0,False,False,True,False
2023-05-05 07:00:00,9.4,359.64,,0.0,False,False,True,False
2023-05-05 08:00:00,8.9,359.64,,0.0,False,False,True,False
2023-05-05 09:00:00,8.9,359.64,6.44,0.0,False,False,True,False
2023-05-05 10:00:00,9.07,20.4,5.23,0.0,False,False,False,False
2023-05-05 11:00:00,10.6,18.0,,1.0,True,False,False,False
2023-05-05 12:00:00,12.2,359.64,,0.0,False,False,True,False
2023-05-05 13:00:00,13.9,21.6,,0.0,False,False,False,False
2023-05-05 14:00:00,14.4,359.64,,0.0,False,False,True,False
2023-05-05 15:00:00,15.6,359.64,,0.0,False,False,True,False
2023-05-05 16:00:00,17.8,359.64,,0.0,False,False,True,False
2023-05-05 17:00:00,16.7,359.64,,0.0,False,False,True,False
2023-05-05 18:00:00,15.6,359.64,,0.0,False,False,True,False
2023-05-05 19:00:00,16.1,359.64,,0.0,False,False,True,False
2023-05-05 20:00:00,15.6,359.64,,0.0,False,False,True,False
2023-05-05 21:00:00,15.0,359.64,,0.0,False,False,True,False
2023-05-05 22:00:00,13.3,359.64,,0.0,False,False,True,False
2023-05-05 23:00:00,12.8,359.64,,0.0,False,False,True,False
2023-05-06 00:00:00,12.8,39.6,,0.0,False,False,True,False
2023-05-06 01:00:00,11.7,359.64,,0.0,False,False,True,False
2023-05-06 02:00:00,12.2,359.64,,0.0,False,False,True,False
2023-05-06 03:00:00,12.2,359.64,,0.0,False,False,True,False
2023-05-06 04:00:00,11.7,359.64,,0.0,False,False,True,False
2023-05-06 05:00:00,11.1,359.64,,0.0,False,False,True,False
2023-05-06 06:00:00,10.6,359.64,,0.0,False,False,True,False
2023-05-06 07:00:00,10.6,359.64,,0.0,False,False,True,False
2023-05-06 08:00:00,9.4,104.4,,0.0,False,False,True,False
2023-05-06 09:00:00,8.9,108.0,,0.0,False,False,True,False
2023-05-06 10:00:00,10.6,359.64,,0.0,False,False,True,False
2023-05-06 11:00:00,11.1,359.64,,0.0,False,False,True,False
2023-05-06 12:00:00,13.3,104.4,,0.0,False,False,True,False
2023-05-06 13:00:00,15.6,359.64,,0.0,False,False,True,False
2023-05-06 14:00:00,17.8,28.8,,0.0,False,False,True,False
2023-05-06 15:00:00,19.4,359.64,,0.0,False,False,True,False
2023-05-06 16:00:00,20.6,359.64,,0.0,False,False,True,False
2023-05-06 17:00:00,21.7,126.0,,0.0,False,False,True,False
2023-05-06 18:00:00,22.2,7.2,,0.0,False,False,False,False
2023-05-06 19:00:00,22.8,359.64,,0.0,False,False,True,False
2023-05-06 20:00:00,22.8,359.64,,0.0,False,False,True,False
2023-05-06 21:00:00,22.8,359.64,,0.0,False,False,True,False
2023-05-06 22:00:00,21.7,359.64,,0.0,False,False,True,False
2023-05-06 23:00:00,19.4,359.64,,0.0,False,False,True,False
2023-05-07 00:00:00,17.8,359.64,,0.0,False,False,True,False
2023-05-07 01:00:00,17.8,359.64,,0.0,False,False,True,False
2023-05-07 02:00:00,17.8,100.8,,0.0,False,False,True,False
2023-05-07 03:00:00,16.7,359.64,,0.0,False,False,True,False
2023-05-07 04:00:00,15.6,242.82,,0.0,False,False,True,False
2023-05-07 05:00:00,15.6,108.0,,0.0,False,False,True,False
2023-05-07 06:00:00,15.0,104.4,,0.0,False,False,True,False
2023-05-07 07:00:00,14.4,104.4,,0.0,False,False,True,False
2023-05-07 08:00:00,13.9,359.64,,0.0,False,False,True,False
2023-05-07 09:00:00,13.3,104.4,,0.0,False,False,True,False
2023-05-07 10:00:00,13.3,359.64,,0.0,False,False,True,False
2023-05-07 11:00:00,14.4,359.64,,0.0,False,False,True,False
2023-05-07 12:00:00,16.1,359.64,,0.0,False,False,True,False
2023-05-07 13:00:00,18.3,359.64,,0.0,False,False,True,False
2023-05-07 14:00:00,20.0,97.2,,0.0,False,False,True,False
2023-05-07 15:00:00,22.2,93.6,,0.0,False,False,True,False
2023-05-07 16:00:00,23.9,359.64,,0.0,False,False,True,False
2023-05-07 17:00:00,24.4,359.64,,0.0,False,False,True,False
2023-05-07 18:00:00,25.0,359.64,,0.0,False,False,True,False
2023-05-07 19:00:00,23.3,359.64,,0.0,False,False,True,False
2023-05-07 20:00:00,22.8,359.64,,0.0,False,False,True,False
2023-05-07 21:00:00,21.7,359.64,,0.0,False,False,True,False
2023-05-07 22:00:00,21.7,359.64,,0.0,False,False,True,False
2023-05-07 23:00:00,22.2,359.64,,0.0,False,False,True,False
2023-05-08 00:00:00,21.7,359.64,,0.0,False,False,True,False
2023-05-08 01:00:00,17.8,93.6,,0.3,True,False,True,False
2023-05-08 02:00:00,17.2,359.64,,0.8,True,False,True,False
2023-05-08 03:00:00,17.8,359.64,,0.0,False,False,True,False
2023-05-08 04:00:00,17.2,359.64,,0.5,True,False,True,False
2023-05-08 05:00:00,16.7,359.64,,0.5,True,False,True,False
2023-05-08 06:00:00,16.1,7.2,,0.0,False,False,False,False
2023-05-08 07:00:00,15.6,359.64,,0.0,False,False,True,False
2023-05-08 08:00:00,15.0,359.64,,0.0,False,False,True,False
2023-05-08 09:00:00,14.4,359.64,,0.0,False,False,True,False
2023-05-08 10:00:00,15.0,108.0,,0.0,False,False,True,False
2023-05-08 11:00:00,16.1,359.64,,0.5,True,False,True,False
2023-05-08 12:00:00,17.2,359.64,,0.0,False,False,True,False
2023-05-08 13:00:00,18.9,359.64,,0.0,False,False,True,False
2023-05-08 14:00:00,20.6,359.64,,0.0,False,False,True,False
2023-05-08 15:00:00,22.2,104.4,,0.0,False,False,True,False
2023-05-08 16:00:00,23.3,359.64,,0.0,False,False,True,False
2023-05-08 17:00:00,23.9,359.64,,0.0,False,False,True,False
2023-05-08 18:00:00,24.4,359.64,,0.0,False,False,True,False
2023-05-08 19:00:00,24.4,100.8,,0.0,False,False,True,False
2023-05-08 20:00:00,24.4,108.0,,0.0,False,False,True,False
2023-05-08 21:00:00,24.4,359.64,,0.0,False,False,True,False
2023-05-08 22:00:00,23.9,359.64,,0.0,False,False,True,False
2023-05-08 23:00:00,22.8,359.64,,0.0,False,False,True,False
2023-05-09 00:00:00,21.7,359.64,,0.0,False,False,True,False
2023-05-09 01:00:00,21.1,359.64,,0.0,False,False,True,False
2023-05-09 02:00:00,19.4,108.0,,0.0,False,False,True,False
2023-05-09 03:00:00,18.3,359.64,,0.0,False,False,True,False
2023-05-09 04:00:00,17.8,359.64,,0.0,False,False,True,False
2023-05-09 05:00:00,16.1,359.64,,0.0,False,False,True,False
2023-05-09 06:00:00,15.0,14.4,,0.0,False,False,False,False
2023-05-09 07:00:00,15.0,359.64,,0.0,False,False,True,False
2023-05-09 08:00:00,14.4,359.64,,0.0,False,False,True,False
2023-05-09 09:00:00,13.3,359.64,,0.0,False,False,True,False
2023-05-09 10:00:00,14.4,359.64,,0.0,False,False,True,False
2023-05-09 11:00:00,15.0,18.0,,0.0,False,False,False,False
2023-05-09 12:00:00,15.0,359.64,,0.0,False,False,True,False
2023-05-09 13:00:00,16.1,25.2,,0.0,False,False,True,False
2023-05-09 14:00:00,16.7,359.64,,0.0,False,False,True,False
2023-05-09 15:00:00,18.9,359.64,,0.0,False,False,True,False
2023-05-09 16:00:00,19.4,359.64,,0.0,False,False,True,False
2023-05-09 17:00:00,21.1,359.64,,0.0,False,False,True,False
2023-05-09 18:00:00,20.0,359.64,,0.0,False,False,True,False
2023-05-09 19:00:00,17.8,57.6,,0.0,False,False,True,False
2023-05-09 20:00:00,17.8,359.64,,0.0,False,False,True,False
2023-05-09 21:00:00,16.7,359.64,,0.0,False,False,True,False
2023-05-09 22:00:00,15.6,359.64,,0.0,False,False,True,False
2023-05-09 23:00:00,15.0,359.64,,0.0,False,False,True,False
2023-05-10 00:00:00,13.9,359.64,,0.0,False,False,True,False
2023-05-10 01:00:00,13.3,359.64,,0.0,False,False,True,False
2023-05-10 02:00:00,12.8,359.64,,0.0,False,False,True,False
2023-05-10 03:00:00,12.8,359.64,,0.0,False,False,True,False
2023-05-10 04:00:00,12.2,359.64,,0.0,False,False,True,False
2023-05-10 05:00:00,11.7,359.64,,0.0,False,False,True,False
2023-05-10 06:00:00,11.7,104.4,,0.0,False,False,True,False
2023-05-10 07:00:00,11.1,359.64,,0.0,False,False,True,False
2023-05-10 08:00:00,11.1,359.64,,0.0,False,False,True,False
2023-05-10 09:00:00,10.6,359.64,,0.0,False,False,True,False
2023-05-10 10:00:00,11.1,111.6,,0.0,False,False,True,False
2023-05-10 11:00:00,12.8,359.64,,0.0,False,False,True,False
2023-05-10 12:00:00,14.4,359.64,,0.0,False,False,True,False
2023-05-10 13:00:00,15.6,359.64,,0.0,False,False,True,False
2023-05-10 14:00:00,17.2,359.64,,0.0,False,False,True,False
2023-05-10 15:00:00,18.9,359.64,,0.0,False,False,True,False
2023-05-10 16:00:00,20.6,359.64,,0.0,False,False,True,False
2023-05-10 17:00:00,21.1,359.64,,0.0,False,False,True,False
2023-05-10 18:00:00,22.2,359.64,,0.0,False,False,True,False
2023-05-10 19:00:00,22.2,359.64,,0.0,False,False,True,False
2023-05-10 20:00:00,22.2,100.8,,0.0,False,False,True,False
2023-05-10 21:00:00,19.4,359.64,,0.0,False,False,True,False
2023-05-10 22:00:00,18.9,359.64,,0.0,False,False,True,False
2023-05-10 23:00:00,17.8,359.64,,0.0,False,False,True,False
2023-05-11 00:00:00,17.2,359.64,,0.0,False,False,True,False
2023-05-11 01:00:00,17.2,75.6,,0.0,False,False,True,False
2023-05-11 02:00:00,18.9,82.8,,0.0,False,False,True,False
2023-05-11 03:00:00,17.2,359.64,,0.0,False,False,True,False
2023-05-11 04:00:00,17.2,226.62,,0.0,False,False,True,False
2023-05-11 05:00:00,16.7,359.64,,0.0,False,False,True,False
2023-05-11 06:00:00,16.1,359.64,,0.0,False,False,True,False
2023-05-11 07:00:00,15.6,104.4,,0.0,False,False,True,False
2023-05-11 08:00:00,15.6,108.0,,0.0,False,False,True,False
2023-05-11 09:00:00,13.9,104.4,,0.0,False,False,True,False
2023-05-11 10:00:00,14.4,359.64,,0.0,False,False,True,False
2023-05-11 11:00:00,15.6,100.8,,0.0,False,False,True,False
2023-05-11 12:00:00,17.2,100.8,,0.0,False,False,True,False
2023-05-11 13:00:00,18.9,359.64,,0.0,False,False,True,False
2023-05-11 14:00:00,21.7,359.64,,0.0,False,False,True,False
2023-05-11 15:00:00,23.3,359.64,,0.0,False,False,True,False
2023-05-11 16:00:00,24.4,359.64,,0.0,False,False,True,False
2023-05-11 17:00:00,25.6,359.64,,0.0,False,False,True,False
2023-05-11 18:00:00,26.1,359.64,,0.0,False,False,True,False
2023-05-11 19:00:00,26.7,359.64,,0.0,False,False,True,False
2023-05-11 20:00:00,26.7,359.64,,0.0,False,False,True,False
2023-05-11 21:00:00,26.1,359.64,,0.0,False,False,True,False
2023-05-11 22:00:00,25.6,359.64,,0.0,False,False,True,False
2023-05-11 23:00:00,24.4,90.0,,0.0,False,False,True,False
2023-05-12 00:00:00,24.4,359.64,,0.0,False,False,True,False
2023-05-12 01:00:00,22.8,90.0,,0.0,False,False,True,False
2023-05-12 02:00:00,22.2,86.4,,0.0,False,False,True,False
2023-05-12 03:00:00,21.7,359.64,,0.0,False,False,True,False
2023-05-12 04:00:00,21.1,359.64,,0.0,False,False,True,False
2023-05-12 05:00:00,20.0,90.0,,0.0,False,False,True,False
2023-05-12 06:00:00,20.0,93.6,,0.0,False,False,True,False
2023-05-12 07:00:00,18.9,359.64,,0.0,False,False,True,False
2023-05-12 08:00:00,18.9,86.4,,0.0,False,False,True,False
2023-05-12 09:00:00,18.9,359.64,,0.0,False,False,True,False
2023-05-12 10:00:00,18.9,359.64,,0.0,False,False,True,False
2023-05-12 11:00:00,20.6,359.64,,0.0,False,False,True,False
2023-05-12 12:00:00,21.7,359.64,,0.0,False,False,True,False
2023-05-12 13:00:00,23.9,359.64,,0.0,False,False,True,False
2023-05-12 14:00:00,25.6,359.64,,0.0,False,False,True,False
2023-05-12 15:00:00,27.8,359.64,,0.0,False,False,True,False
2023-05-12 16:00:00,28.9,359.64,,0.0,False,False,True,False
2023-05-12 17:00:00,28.9,359.64,,0.0,False,False,True,False
2023-05-12 18:00:00,30.6,359.64,,0.0,False,False,True,False
2023-05-12 19:00:00,28.9,359.64,,0.0,False,False,True,False
2023-05-12 20:00:00,28.9,104.4,,0.0,False,False,True,False
2023-05-12 21:00:00,27.8,359.64,,0.0,False,False,True,False
2023-05-12 22:00:00,27.8,93.6,,0.0,False,False,True,False
2023-05-12 23:00:00,27.8,90.0,,0.0,False,False,True,False
2023-05-13 00:00:00,26.1,359.64,,0.0,False,False,True,False
2023-05-13 01:00:00,25.6,75.6,,0.0,False,False,True,False
2023-05-13 02:00:00,25.0,359.64,,0.0,False,False,True,False
2023-05-13 03:00:00,24.4,359.64,,0.0,False,False,True,False
2023-05-13 04:00:00,23.9,221.22,,0.0,False,False,True,False
2023-05-13 05:00:00,23.9,359.64,,0.0,False,False,True,False
2023-05-13 06:00:00,22.8,359.64,,0.0,False,False,True,False
2023-05-13 07:00:00,22.8,359.64,,0.0,False,False,True,False
2023-05-13 08:00:00,22.8,82.8,,0.0,False,False,True,False
2023-05-13 09:00:00,22.8,97.2,,0.0,False,False,True,False
2023-05-13 10:00:00,21.7,359.64,,0.0,False,False,True,False
2023-05-13 11:00:00,22.2,359.64,,0.0,False,False,True,False
2023-05-13 12:00:00,22.8,359.64,,0.0,False,False,True,False
2023-05-13 13:00:00,23.3,359.64,,0.0,False,False,True,False
2023-05-13 14:00:00,23.9,21.6,,0.0,False,False,False,False
2023-05-13 15:00:00,25.0,359.64,,0.0,False,False,True,False
2023-05-13 16:00:00,25.6,359.64,,0.0,False,False,True,False
2023-05-13 17:00:00,26.1,359.64,,0.0,False,False,True,False
2023-05-13 18:00:00,27.2,359.64,,0.0,False,False,True,False
2023-05-13 19:00:00,26.7,359.64,,0.0,False,False,True,False
2023-05-13 20:00:00,26.7,359.64,,0.0,False,False,True,False
2023-05-13 21:00:00,26.1,359.64,,0.0,False,False,True,False
2023-05-13 22:00:00,26.1,359.64,,0.0,False,False,True,False
2023-05-13 23:00:00,25.6,359.64,,0.0,False,False,True,False
2023-05-14 00:00:00,24.4,359.64,,0.0,False,False,True,False
2023-05-14 01:00:00,23.3,359.64,,0.0,False,False,True,False
2023-05-14 02:00:00,22.8,359.64,,0.0,False,False,True,False
2023-05-14 03:00:00,20.6,359.64,,0.0,False,False,True,False
2023-05-14 04:00:00,20.0,359.64,,0.0,False,False,True,False
2023-05-14 05:00:00,18.9,3.6,,0.0,False,False,False,False
2023-05-14 06:00:00,17.8,3.6,,0.0,False,False,False,False
2023-05-14 07:00:00,17.2,359.64,,0.0,False,False,True,False
2023-05-14 08:00:00,16.7,359.64,,0.0,False,False,True,False
2023-05-14 09:00:00,15.6,359.64,,0.0,False,False,True,False
2023-05-14 10:00:00,15.6,359.64,,0.0,False,False,True,False
2023-05-14 11:00:00,16.1,21.6,,0.0,False,False,False,False
2023-05-14 12:00:00,16.7,359.64,,0.0,False,False,True,False
2023-05-14 13:00:00,17.8,359.64,,0.0,False,False,True,False
2023-05-14 14:00:00,18.3,359.64,,0.0,False,False,True,False
2023-05-14 15:00:00,20.6,18.0,,0.0,False,False,False,False
2023-05-14 16:00:00,22.2,359.64,,0.0,False,False,True,False
2023-05-14 17:00:00,21.7,359.64,,0.0,False,False,True,False
2023-05-14 18:00:00,23.3,359.64,,0.0,False,False,True,False
2023-05-14 19:00:00,23.3,359.64,,0.0,False,False,True,False
2023-05-14 20:00:00,22.2,21.6,,0.0,False,False,False,False
2023-05-14 21:00:00,22.2,14.4,,0.0,False,False,False,False
2023-05-14 22:00:00,20.6,14.4,,0.0,False,False,False,False
2023-05-14 23:00:00,19.4,359.64,,0.0,False,False,True,False
2023-05-15 00:00:00,18.9,7.2,,0.0,False,False,False,False
2023-05-15 01:00:00,18.3,7.2,,0.0,False,False,False,False
2023-05-15 02:00:00,17.2,359.64,,0.0,False,False,True,False
2023-05-15 03:00:00,16.1,122.4,,0.0,False,False,True,False
2023-05-15 04:00:00,15.0,359.64,,0.0,False,False,True,False
2023-05-15 05:00:00,14.4,359.64,,0.0,False,False,True,False
2023-05-15 06:00:00,13.9,359.64,,0.0,False,False,True,False
2023-05-15 07:00:00,12.8,359.64,,0.0,False,False,True,False
2023-05-15 08:00:00,12.2,359.64,,0.0,False,False,True,False
2023-05-15 09:00:00,11.1,359.64,,0.0,False,False,True,False
2023-05-15 10:00:00,12.2,359.64,,0.0,False,False,True,False
2023-05-15 11:00:00,13.3,359.64,,0.0,False,False,True,False
2023-05-15 12:00:00,15.0,359.64,,0.0,False,False,True,False
2023-05-15 13:00:00,16.1,359.64,,0.0,False,False,True,False
2023-05-15 14:00:00,17.8,359.64,,0.0,False,False,True,False
2023-05-15 15:00:00,20.0,100.8,,0.0,False,False,True,False
2023-05-15 16:00:00,21.7,104.4,,0.0,False,False,True,False
2023-05-15 17:00:00,22.2,359.64,,0.0,False,False,True,False
2023-05-15 18:00:00,22.8,359.64,,0.0,False,False,True,False
2023-05-15 19:00:00,22.8,359.64,,0.0,False,False,True,False
2023-05-15 20:00:00,22.8,359.64,,0.0,False,False,True,False
2023-05-15 21:00:00,22.8,359.64,,0.0,False,False,True,False
2023-05-15 22:00:00,22.2,359.64,,0.0,False,False,True,False
2023-05-15 23:00:00,21.1,359.64,,0.0,False,False,True,False
2023-05-16 00:00:00,20.6,359.64,,0.0,False,False,True,False
2023-05-16 01:00:00,20.6,359.64,,0.0,False,False,True,False
2023-05-16 02:00:00,20.0,359.64,,0.0,False,False,True,False
2023-05-16 03:00:00,18.9,359.64,,0.0,False,False,True,False
2023-05-16 04:00:00,18.3,359.64,,0.0,False,False,True,False
2023-05-16 05:00:00,17.8,90.0,,0.0,False,False,True,False
2023-05-16 06:00:00,16.7,359.64,,0.0,False,False,True,False
2023-05-16 07:00:00,16.1,86.4,,0.0,False,False,True,False
2023-05-16 08:00:00,15.6,359.64,,0.0,False,False,True,False
2023-05-16 09:00:00,15.0,359.64,,0.0,False,False,True,False
2023-05-16 10:00:00,15.0,359.64,,0.0,False,False,True,False
2023-05-16 11:00:00,16.1,359.64,,0.0,False,False,True,False
2023-05-16 12:00:00,17.8,359.64,,0.0,False,False,True,False
2023-05-16 13:00:00,19.4,97.2,,0.0,False,False,True,False
2023-05-16 14:00:00,21.7,82.8,,0.0,False,False,True,False
2023-05-16 15:00:00,23.9,93.6,,0.0,False,False,True,False
2023-05-16 16:00:00,25.0,359.64,,0.0,False,False,True,False
2023-05-16 17:00:00,24.4,359.64,,0.0,False,False,True,False
2023-05-16 18:00:00,25.6,359.64,,0.0,False,False,True,False
2023-05-16 19:00:00,25.0,75.6,,0.0,False,False,True,False
2023-05-16 20:00:00,25.0,90.0,,0.0,False,False,True,False
2023-05-16 21:00:00,25.6,359.64,,0.0,False,False,True,False
2023-05-16 22:00:00,25.0,359.64,,0.0,False,False,True,False
2023-05-16 23:00:00,24.4,359.64,,0.0,False,False,True,False
2023-05-17 00:00:00,23.9,359.64,,0.0,False,False,True,False
2023-05-17 01:00:00,22.8,359.64,,0.0,False,False,True,False
2023-05-17 02:00:00,22.8,359.64,,0.0,False,False,True,False
2023-05-17 03:00:00,21.7,359.64,,0.0,False,False,True,False
2023-05-17 04:00:00,21.1,223.02,,0.0,False,False,True,False
2023-05-17 05:00:00,20.6,359.64,,0.0,False,False,True,False
2023-05-17 06:00:00,19.4,359.64,,0.0,False,False,True,False
2023-05-17 07:00:00,18.9,359.64,,0.0,False,False,True,False
2023-05-17 08:00:00,17.2,14.4,,0.0,False,False,False,False
2023-05-17 09:00:00,15.6,359.64,,0.0,False,False,True,False
2023-05-17 10:00:00,13.9,359.64,,0.0,False,False,True,False
2023-05-17 11:00:00,13.3,10.8,,0.0,False,False,False,False
2023-05-17 12:00:00,13.3,10.8,,0.0,False,False,False,False
2023-05-17 13:00:00,13.9,359.64,,0.0,False,False,True,False
2023-05-17 14:00:00,15.6,129.6,,0.0,False,False,True,False
2023-05-17 15:00:00,16.7,359.64,,0.0,False,False,True,False
2023-05-17 16:00:00,17.8,359.64,,0.0,False,False,True,False
2023-05-17 17:00:00,18.3,359.64,,0.0,False,False,True,False
2023-05-17 18:00:00,17.2,359.64,,0.0,False,False,True,False
2023-05-17 19:00:00,17.2,359.64,,0.0,False,False,True,False
2023-05-17 20:00:00,17.2,359.64,,0.0,False,False,True,False
2023-05-17 21:00:00,16.1,359.64,,0.0,False,False,True,False
2023-05-17 22:00:00,15.0,108.0,,0.0,False,False,True,False
2023-05-17 23:00:00,14.4,3.6,,0.0,False,False,False,False
2023-05-18 00:00:00,13.3,359.64,,0.0,False,False,True,False
2023-05-18 01:00:00,12.8,359.64,,0.0,False,False,True,False
2023-05-18 02:00:00,11.7,7.2,,0.0,False,False,False,False
2023-05-18 03:00:00,11.1,126.0,,0.0,False,False,True,False
2023-05-18 04:00:00,10.6,359.64,,0.0,False,False,True,False
2023-05-18 05:00:00,10.0,7.2,,0.0,False,False,False,False
2023-05-18 06:00:00,9.4,359.64,,0.0,False,False,True,False
2023-05-18 07:00:00,8.9,359.64,,0.0,False,False,True,False
2023-05-18 08:00:00,7.8,25.2,,0.0,False,False,True,False
2023-05-18 09:00:00,6.7,359.64,,0.0,False,False,True,False
2023-05-18 10:00:00,8.9,21.6,,0.0,False,False,False,False
2023-05-18 11:00:00,9.4,359.64,,0.0,False,False,True,False
2023-05-18 12:00:00,10.6,359.64,,0.0,False,False,True,False
2023-05-18 13:00:00,11.7,10.8,,0.0,False,False,False,False
2023-05-18 14:00:00,12.8,18.0,,0.0,False,False,False,False
2023-05-18 15:00:00,15.6,359.64,,0.0,False,False,True,False
2023-05-18 16:00:00,15.6,359.64,,0.0,False,False,True,False
2023-05-18 17:00:00,15.0,359.64,,0.0,False,False,True,False
2023-05-18 18:00:00,15.6,359.64,,0.0,False,False,True,False
2023-05-18 19:00:00,15.6,359.64,,0.0,False,False,True,False
2023-05-18 20:00:00,13.9,359.64,,0.0,False,False,True,False
2023-05-18 21:00:00,13.3,359.64,,0.0,False,False,True,False
2023-05-18 22:00:00,13.3,359.64,,0.0,False,False,True,False
2023-05-18 23:00:00,12.2,359.64,,0.0,False,False,True,False
2023-05-19 00:00:00,11.7,359.64,,0.0,False,False,True,False
2023-05-19 01:00:00,11.7,359.64,,0.0,False,False,True,False
2023-05-19 02:00:00,12.2,359.64,,0.0,False,False,True,False
2023-05-19 03:00:00,12.2,359.64,,0.0,False,False,True,False
2023-05-19 04:00:00,12.2,359.64,,0.0,False,False,True,False
2023-05-19 05:00:00,12.2,359.64,,0.0,False,False,True,False
2023-05-19 06:00:00,12.2,359.64,,0.0,False,False,True,False
2023-05-19 07:00:00,11.7,359.64,,0.0,False,False,True,False
2023-05-19 08:00:00,11.7,359.64,,0.0,False,False,True,False
2023-05-19 09:00:00,12.2,359.64,,0.0,False,False,True,False
2023-05-19 10:00:00,12.2,359.64,,0.0,False,False,True,False
2023-05-19 11:00:00,13.9,359.64,,0.0,False,False,True,False
2023-05-19 12:00:00,15.0,359.64,,0.0,False,False,True,False
2023-05-19 13:00:00,16.7,359.64,,0.0,False,False,True,False
2023-05-19 14:00:00,17.8,359.64,,0.0,False,False,True,False
2023-05-19 15:00:00,18.9,359.64,,0.0,False,False,True,False
2023-05-19 16:00:00,20.6,359.64,,0.0,False,False,True,False
2023-05-19 17:00:00,20.0,359.64,,0.0,False,False,True,False
2023-05-19 18:00:00,20.0,359.64,,0.0,False,False,True,False
2023-05-19 19:00:00,20.0,359.64,,0.0,False,False,True,False
2023-05-19 20:00:00,18.9,359.64,,0.0,False,False,True,False
2023-05-19 21:00:00,17.8,359.64,,0.0,False,False,True,False
2023-05-19 22:00:00,16.7,359.64,,0.0,False,False,True,False
2023-05-19 23:00:00,15.6,359.64,,0.0,False,False,True,False
2023-05-20 00:00:00,15.0,359.64,,0.0,False,False,True,False
2023-05-20 01:00:00,15.0,359.64,,0.0,False,False,True,False
2023-05-20 02:00:00,15.0,359.64,,0.0,False,False,True,False
2023-05-20 03:00:00,14.4,359.64,,0.0,False,False,True,False
2023-05-20 04:00:00,13.9,359.64,,0.0,False,False,True,False
2023-05-20 05:00:00,14.4,359.64,,0.0,False,False,True,False
2023-05-20 06:00:00,15.0,46.8,,0.0,False,False,True,False
2023-05-20 07:00:00,15.0,359.64,5.63,0.0,False,False,True,False
2023-05-20 08:00:00,14.6,249.36,4.29,0.0,False,True,True,False
2023-05-20 09:00:00,14.4,28.8,8.05,0.0,False,False,True,False
2023-05-20 10:00:00,14.4,359.64,6.44,0.0,False,False,True,False
2023-05-20 11:00:00,15.0,36.0,6.44,0.0,False,False,True,False
2023-05-20 12:00:00,15.8,359.64,4.02,0.0,False,True,True,False
2023-05-20 13:00:00,15.67,136.08,2.95,0.0,False,True,True,False
2023-05-20 14:00:00,15.68,157.54,4.99,1.6,True,True,True,False
2023-05-20 15:00:00,15.6,26.4,5.36,0.9,True,False,True,False
2023-05-20 16:00:00,15.73,136.08,4.36,4.0,True,True,True,False
2023-05-20 17:00:00,15.93,250.56,3.49,8.8,True,True,True,False
2023-05-20 18:00:00,16.9,276.03,1.91,7.5,True,True,True,False
2023-05-20 19:00:00,17.57,132.58,1.78,28.0,True,True,True,False
2023-05-20 20:00:00,18.05,208.62,4.83,15.0,True,True,True,False
2023-05-20 21:00:00,18.2,359.64,4.83,2.5,True,True,True,False
2023-05-20 22:00:00,18.3,359.64,6.44,0.0,False,False,True,False
2023-05-20 23:00:00,18.3,46.8,4.83,14.7,True,True,True,False
2023-05-21 00:00:00,18.05,359.64,2.62,0.0,False,True,True,False
2023-05-21 01:00:00,17.8,359.64,2.92,0.0,False,True,True,False
2023-05-21 02:00:00,18.24,359.64,5.15,0.0,False,False,True,False
2023-05-21 03:00:00,18.3,359.64,8.05,0.0,False,False,True,False
2023-05-21 04:00:00,18.15,359.64,8.05,19.6,True,False,True,False
2023-05-21 05:00:00,18.13,273.36,6.44,1.0,True,False,True,False
2023-05-21 06:00:00,15.03,275.76,,0.7,True,False,True,False
2023-05-21 07:00:00,14.15,235.62,,0.0,False,False,True,False
2023-05-21 08:00:00,13.9,359.64,,0.3,True,False,True,False
2023-05-21 09:00:00,13.3,359.64,,0.0,False,False,True,False
2023-05-21 10:00:00,13.3,104.4,,0.0,False,False,True,False
2023-05-21 11:00:00,13.3,100.8,,20.4,True,False,True,False
2023-05-21 12:00:00,15.0,359.64,,0.0,False,False,True,False
2023-05-21 13:00:00,16.1,111.6,,0.0,False,False,True,False
2023-05-21 14:00:00,17.2,359.64,,0.0,False,False,True,False
2023-05-21 15:00:00,19.4,359.64,,0.0,False,False,True,False
2023-05-21 16:00:00,19.4,359.64,,0.0,False,False,True,False
2023-05-21 17:00:00,20.0,108.0,,0.0,False,False,True,False
2023-05-21 18:00:00,19.4,359.64,,0.0,False,False,True,False
2023-05-21 19:00:00,20.6,126.0,,0.0,False,False,True,False
2023-05-21 20:00:00,20.6,359.64,,0.0,False,False,True,False
2023-05-21 21:00:00,20.6,359.64,,0.0,False,False,True,False
2023-05-21 22:00:00,20.6,359.64,,0.0,False,False,True,False
2023-05-21 23:00:00,19.4,359.64,,0.0,False,False,True,False
2023-05-22 00:00:00,18.3,359.64,,0.0,False,False,True,False
2023-05-22 01:00:00,18.3,104.4,,0.0,False,False,True,False
2023-05-22 02:00:00,17.8,359.64,,0.0,False,False,True,False
2023-05-22 03:00:00,18.3,359.64,,0.0,False,False,True,False
2023-05-22 04:00:00,16.1,359.64,,0.5,True,False,True,False
2023-05-22 05:00:00,15.6,359.64,,0.0,False,False,True,False
2023-05-22 06:00:00,15.0,359.64,,0.0,False,False,True,False
2023-05-22 07:00:00,15.0,359.64,,0.0,False,False,True,False
2023-05-22 08:00:00,13.9,359.64,,0.0,False,False,True,False
2023-05-22 09:00:00,13.9,359.64,,0.0,False,False,True,False
2023-05-22 10:00:00,14.4,359.64,,0.0,False,False,True,False
2023-05-22 11:00:00,16.7,359.64,,0.0,False,False,True,False
2023-05-22 12:00:00,18.3,359.64,,0.0,False,False,True,False
2023-05-22 13:00:00,19.4,359.64,,0.0,False,False,True,False
2023-05-22 14:00:00,20.0,359.64,,0.0,False,False,True,False
2023-05-22 15:00:00,21.7,25.2,,0.0,False,False,True,False
2023-05-22 16:00:00,22.8,359.64,,0.0,False,False,True,False
2023-05-22 17:00:00,23.3,359.64,,0.0,False,False,True,False
2023-05-22 18:00:00,22.8,359.64,,0.0,False,False,True,False
2023-05-22 19:00:00,21.7,359.64,,0.0,False,False,True,False
2023-05-22 20:00:00,20.6,359.64,,0.0,False,False,True,False
2023-05-22 21:00:00,19.4,359.64,,0.0,False,False,True,False
2023-05-22 22:00:00,17.8,359.64,,0.0,False,False,True,False
2023-05-22 23:00:00,16.7,359.64,,0.0,False,False,True,False
2023-05-23 00:00:00,16.1,359.64,,0.0,False,False,True,False
2023-05-23 01:00:00,15.6,43.2,,0.0,False,False,True,False
2023-05-23 02:00:00,15.0,43.2,,0.0,False,False,True,False
2023-05-23 03:00:00,14.4,359.64,,0.0,False,False,True,False
2023-05-23 04:00:00,14.4,359.64,,0.0,False,False,True,False
2023-05-23 05:00:00,13.9,43.2,,0.0,False,False,True,False
2023-05-23 06:00:00,13.3,359.64,,0.0,False,False,True,False
2023-05-23 07:00:00,13.9,21.6,,0.0,False,False,False,False
2023-05-23 08:00:00,13.9,359.64,,0.0,False,False,True,False
2023-05-23 09:00:00,13.9,359.64,,0.0,False,False,True,False
2023-05-23 10:00:00,13.9,359.64,,0.0,False,False,True,False
2023-05-23 11:00:00,14.4,18.0,,0.0,False,False,False,False
2023-05-23 12:00:00,16.1,359.64,,0.0,False,False,True,False
2023-05-23 13:00:00,16.7,359.64,,0.0,False,False,True,False
2023-05-23 14:00:00,17.8,359.64,,0.0,False,False,True,False
2023-05-23 15:00:00,20.0,359.64,,0.0,False,False,True,False
2023-05-23 16:00:00,21.1,359.64,,0.0,False,False,True,False
2023-05-23 17:00:00,19.4,359.64,,0.0,False,False,True,False
2023-05-23 18:00:00,18.9,359.64,,0.0,False,False,True,False
2023-05-23 19:00:00,18.3,359.64,,0.0,False,False,True,False
2023-05-23 20:00:00,17.8,359.64,,0.0,False,False,True,False
2023-05-23 21:00:00,17.2,359.64,,0.0,False,False,True,False
2023-05-23 22:00:00,16.1,359.64,,0.0,False,False,True,False
2023-05-23 23:00:00,15.6,359.64,,0.0,False,False,True,False
2023-05-24 00:00:00,14.4,359.64,,0.0,False,False,True,False
2023-05-24 01:00:00,13.3,359.64,,0.0,False,False,True,False
2023-05-24 02:00:00,12.8,359.64,,0.0,False,False,True,False
2023-05-24 03:00:00,12.8,359.64,,0.0,False,False,True,False
2023-05-24 04:00:00,12.2,194.22,,0.0,False,False,True,False
2023-05-24 05:00:00,12.8,359.64,,0.0,False,False,True,False
2023-05-24 06:00:00,12.2,359.64,,0.0,False,False,True,False
2023-05-24 07:00:00,12.2,359.64,,0.0,False,False,True,False
2023-05-24 08:00:00,11.7,359.64,,0.0,False,False,True,False
2023-05-24 09:00:00,11.7,359.64,,0.0,False,False,True,False
2023-05-24 10:00:00,12.8,359.64,,0.0,False,False,True,False
2023-05-24 11:00:00,14.4,359.64,,0.0,False,False,True,False
2023-05-24 12:00:00,15.6,359.64,,0.0,False,False,True,False
2023-05-24 13:00:00,16.7,100.8,,0.0,False,False,True,False
2023-05-24 14:00:00,19.4,359.64,,0.0,False,False,True,False
2023-05-24 15:00:00,21.1,359.64,,0.0,False,False,True,False
2023-05-24 16:00:00,22.8,359.64,,0.0,False,False,True,False
2023-05-24 17:00:00,23.3,79.2,,0.0,False,False,True,False
2023-05-24 18:00:00,24.4,359.64,,0.0,False,False,True,False
2023-05-24 19:00:00,24.4,359.64,,0.0,False,False,True,False
2023-05-24 20:00:00,21.7,359.64,,0.0,False,False,True,False
2023-05-24 21:00:00,20.0,359.64,,0.0,False,False,True,False
2023-05-24 22:00:00,18.9,359.64,,0.0,False,False,True,False
2023-05-24 23:00:00,16.13,125.88,5.9,4.3,True,False,True,False
2023-05-25 00:00:00,15.0,359.64,,0.5,True,False,True,False
2023-05-25 01:00:00,14.4,359.64,,0.0,False,False,True,False
2023-05-25 02:00:00,14.4,359.64,,0.8,True,False,True,False
2023-05-25 03:00:00,14.4,359.64,,0.0,False,False,True,False
2023-05-25 04:00:00,14.4,359.64,,2.0,True,False,True,False
2023-05-25 05:00:00,12.9,68.4,,0.8,True,False,True,False
2023-05-25 06:00:00,11.7,129.6,,0.0,False,False,True,False
2023-05-25 07:00:00,11.1,10.8,,0.0,False,False,False,False
2023-05-25 08:00:00,10.6,359.64,,0.0,False,False,True,False
2023-05-25 09:00:00,10.6,7.2,,0.0,False,False,False,False
2023-05-25 10:00:00,10.6,18.0,,0.0,False,False,False,False
2023-05-25 11:00:00,11.1,359.64,,2.0,True,False,True,False
2023-05-25 12:00:00,12.2,18.0,,0.0,False,False,False,False
2023-05-25 13:00:00,13.3,10.8,,0.0,False,False,False,False
2023-05-25 14:00:00,14.4,14.4,,0.0,False,False,False,False
2023-05-25 15:00:00,16.1,359.64,,0.0,False,False,True,False
2023-05-25 16:00:00,17.2,18.0,,0.0,False,False,False,False
2023-05-25 17:00:00,18.9,126.0,,0.0,False,False,True,False
2023-05-25 18:00:00,19.4,129.6,,0.0,False,False,True,False
2023-05-25 19:00:00,19.4,359.64,,0.0,False,False,True,False
2023-05-25 20:00:00,19.4,14.4,,0.0,False,False,False,False
2023-05-25 21:00:00,19.4,10.8,,0.0,False,False,False,False
2023-05-25 22:00:00,18.3,14.4,,0.0,False,False,False,False
2023-05-25 23:00:00,17.8,10.8,,0.0,False,False,False,False
2023-05-26 00:00:00,17.2,359.64,,0.0,False,False,True,False
2023-05-26 01:00:00,16.1,359.64,,0.0,False,False,True,False
2023-05-26 02:00:00,15.0,359.64,,0.0,False,False,True,False
2023-05-26 03:00:00,15.0,359.64,,0.0,False,False,True,False
2023-05-26 04:00:00,13.9,183.42,,0.0,False,False,True,False
2023-05-26 05:00:00,14.4,10.8,,0.0,False,False,False,False
2023-05-26 06:00:00,13.9,3.6,,0.0,False,False,False,False
2023-05-26 07:00:00,12.8,14.4,,0.0,False,False,False,False
2023-05-26 08:00:00,11.7,359.64,,0.0,False,False,True,False
2023-05-26 09:00:00,11.7,7.2,,0.0,False,False,False,False
2023-05-26 10:00:00,12.8,359.64,,0.0,False,False,True,False
2023-05-26 11:00:00,13.9,359.64,,0.0,False,False,True,False
2023-05-26 12:00:00,15.6,359.64,,0.0,False,False,True,False
2023-05-26 13:00:00,16.7,359.64,,0.0,False,False,True,False
2023-05-26 14:00:00,18.3,359.64,,0.0,False,False,True,False
2023-05-26 15:00:00,20.6,359.64,,0.0,False,False,True,False
2023-05-26 16:00:00,21.1,359.64,,0.0,False,False,True,False
2023-05-26 17:00:00,22.2,18.0,,0.0,False,False,False,False
2023-05-26 18:00:00,21.7,18.0,,0.0,False,False,False,False
2023-05-26 19:00:00,21.7,18.0,,0.0,False,False,False,False
2023-05-26 20:00:00,21.7,359.64,,0.0,False,False,True,False
2023-05-26 21:00:00,22.2,21.6,,0.0,False,False,False,False
2023-05-26 22:00:00,21.1,18.0,,0.0,False,False,False,False
2023-05-26 23:00:00,20.6,10.8,,0.0,False,False,False,False
2023-05-27 00:00:00,18.3,359.64,,0.0,False,False,True,False
2023-05-27 01:00:00,17.2,359.64,,0.0,False,False,True,False
2023-05-27 02:00:00,16.1,359.64,,0.0,False,False,True,False
2023-05-27 03:00:00,16.7,359.64,,0.0,False,False,True,False
2023-05-27 04:00:00,16.1,359.64,,0.0,False,False,True,False
2023-05-27 05:00:00,15.6,359.64,,0.0,False,False,True,False
2023-05-27 06:00:00,15.0,100.8,,0.0,False,False,True,False
2023-05-27 07:00:00,14.4,100.8,,0.0,False,False,True,False
2023-05-27 08:00:00,14.4,104.4,,0.0,False,False,True,False
2023-05-27 09:00:00,13.3,359.64,,0.0,False,False,True,False
2023-05-27 10:00:00,14.4,359.64,,0.0,False,False,True,False
2023-05-27 11:00:00,16.7,359.64,,0.0,False,False,True,False
2023-05-27 12:00:00,18.9,21.6,,0.0,False,False,False,False
2023-05-27 13:00:00,20.6,25.2,,0.0,False,False,True,False
2023-05-27 14:00:00,21.7,359.64,,0.0,False,False,True,False
2023-05-27 15:00:00,23.3,359.64,,0.0,False,False,True,False
2023-05-27 16:00:00,23.9,32.4,,0.0,False,False,True,False
2023-05-27 17:00:00,25.6,25.2,,0.0,False,False,True,False
2023-05-27 18:00:00,25.0,359.64,,0.0,False,False,True,False
2023-05-27 19:00:00,25.0,28.8,,0.0,False,False,True,False
2023-05-27 20:00:00,23.3,359.64,,0.0,False,False,True,False
2023-05-27 21:00:00,22.2,359.64,,0.0,False,False,True,False
2023-05-27 22:00:00,20.6,359.64,,0.0,False,False,True,False
2023-05-27 23:00:00,18.9,43.2,,0.0,False,False,True,False
2023-05-28 00:00:00,18.3,359.64,,0.0,False,False,True,False
2023-05-28 01:00:00,17.2,359.64,,0.0,False,False,True,False
2023-05-28 02:00:00,17.2,359.64,,0.0,False,False,True,False
2023-05-28 03:00:00,16.7,359.64,,0.0,False,False,True,False
2023-05-28 04:00:00,16.7,359.64,,0.0,False,False,True,False
2023-05-28 05:00:00,16.7,359.64,,0.0,False,False,True,False
2023-05-28 06:00:00,16.1,359.64,,0.0,False,False,True,False
2023-05-28 07:00:00,16.1,359.64,,0.0,False,False,True,False
2023-05-28 08:00:00,15.6,93.6,,0.0,False,False,True,False
2023-05-28 09:00:00,15.6,90.0,,0.0,False,False,True,False
2023-05-28 10:00:00,16.1,359.64,,0.0,False,False,True,False
2023-05-28 11:00:00,17.2,359.64,,0.0,False,False,True,False
2023-05-28 12:00:00,18.9,359.64,,0.0,False,False,True,False
2023-05-28 13:00:00,20.0,359.64,,0.0,False,False,True,False
2023-05-28 14:00:00,21.7,359.64,,0.0,False,False,True,False
2023-05-28 15:00:00,23.9,359.64,,0.0,False,False,True,False
2023-05-28 16:00:00,25.6,359.64,,0.0,False,False,True,False
2023-05-28 17:00:00,25.6,359.64,,0.0,False,False,True,False
2023-05-28 18:00:00,25.0,359.64,,0.0,False,False,True,False
2023-05-28 19:00:00,24.4,359.64,,0.0,False,False,True,False
2023-05-28 20:00:00,23.3,359.64,,0.0,False,False,True,False
2023-05-28 21:00:00,22.2,359.64,,0.0,False,False,True,False
2023-05-28 22:00:00,21.1,359.64,,0.0,False,False,True,False
2023-05-28 23:00:00,20.6,359.64,,0.0,False,False,True,False
2023-05-29 00:00:00,19.4,359.64,,0.0,False,False,True,False
2023-05-29 01:00:00,18.9,359.64,,0.0,False,False,True,False
2023-05-29 02:00:00,18.3,359.64,,0.0,False,False,True,False
2023-05-29 03:00:00,18.9,359.64,,0.0,False,False,True,False
2023-05-29 04:00:00,18.3,359.64,,0.0,False,False,True,False
2023-05-29 05:00:00,18.3,359.64,,0.0,False,False,True,False
2023-05-29 06:00:00,17.8,359.64,,0.0,False,False,True,False
2023-05-29 07:00:00,18.3,359.64,,0.0,False,False,True,False
2023-05-29 08:00:00,17.2,359.64,,0.0,False,False,True,False
2023-05-29 09:00:00,17.2,359.64,,0.0,False,False,True,False
2023-05-29 10:00:00,17.8,359.64,,0.0,False,False,True,False
2023-05-29 11:00:00,18.9,359.64,,0.0,False,False,True,False
2023-05-29 12:00:00,21.7,18.0,,0.0,False,False,False,False
2023-05-29 13:00:00,20.6,25.2,,0.0,False,False,True,False
2023-05-29 14:00:00,21.1,25.2,,0.0,False,False,True,False
2023-05-29 15:00:00,23.9,18.0,,0.0,False,False,False,False
2023-05-29 16:00:00,25.0,18.0,,0.0,False,False,False,False
2023-05-29 17:00:00,25.6,21.6,,0.0,False,False,False,False
2023-05-29 18:00:00,26.1,359.64,,0.0,False,False,True,False
2023-05-29 19:00:00,25.6,28.8,,0.0,False,False,True,False
2023-05-29 20:00:00,25.0,359.64,,0.0,False,False,True,False
2023-05-29 21:00:00,23.3,359.64,,0.0,False,False,True,False
2023-05-29 22:00:00,21.7,359.64,,0.0,False,False,True,False
2023-05-29 23:00:00,20.0,359.64,,0.0,False,False,True,False
2023-05-30 00:00:00,18.9,359.64,,0.0,False,False,True,False
2023-05-30 01:00:00,17.8,359.64,,0.0,False,False,True,False
2023-05-30 02:00:00,16.7,359.64,,0.0,False,False,True,False
2023-05-30 03:00:00,16.1,25.2,,0.0,False,False,True,False
2023-05-30 04:00:00,15.0,192.42,,0.0,False,False,True,False
2023-05-30 05:00:00,15.0,359.64,,0.0,False,False,True,False
2023-05-30 06:00:00,13.9,359.64,,0.0,False,False,True,False
2023-05-30 07:00:00,13.9,359.64,,0.0,False,False,True,False
2023-05-30 08:00:00,13.3,359.64,,0.0,False,False,True,False
2023-05-30 09:00:00,13.3,25.2,,0.0,False,False,True,False
2023-05-30 10:00:00,13.9,359.64,,0.0,False,False,True,False
2023-05-30 11:00:00,14.4,359.64,,0.0,False,False,True,False
2023-05-30 12:00:00,15.0,25.2,,0.0,False,False,True,False
2023-05-30 13:00:00,15.6,25.2,,0.0,False,False,True,False
2023-05-30 14:00:00,17.2,21.6,,0.0,False,False,False,False
2023-05-30 15:00:00,18.3,359.64,,0.0,False,False,True,False
2023-05-30 16:00:00,20.6,359.64,,0.0,False,False,True,False
2023-05-30 17:00:00,21.1,359.64,,0.0,False,False,True,False
2023-05-30 18:00:00,21.7,359.64,,0.0,False,False,True,False
2023-05-30 19:00:00,21.1,359.64,,0.0,False,False,True,False
2023-05-30 20:00:00,21.1,21.6,,0.0,False,False,False,False
2023-05-30 21:00:00,20.6,359.64,,0.0,False,False,True,False
2023-05-30 22:00:00,19.4,359.64,,0.0,False,False,True,False
2023-05-30 23:00:00,17.2,359.64,,0.0,False,False,True,False
2023-05-31 00:00:00,16.1,359.64,,0.0,False,False,True,False
2023-05-31 01:00:00,14.4,359.64,,0.0,False,False,True,False
2023-05-31 02:00:00,13.9,359.64,,0.0,False,False,True,False
2023-05-31 03:00:00,13.3,39.6,,0.0,False,False,True,False
2023-05-31 04:00:00,12.8,359.64,,0.0,False,False,True,False
2023-05-31 05:00:00,12.2,18.0,,0.0,False,False,False,False
2023-05-31 06:00:00,11.7,39.6,,0.0,False,False,True,False
2023-05-31 07:00:00,11.1,21.6,,0.0,False,False,False,False
2023-05-31 08:00:00,10.6,21.6,,0.0,False,False,False,False
2023-05-31 09:00:00,11.1,359.64,,0.0,False,False,True,False
2023-05-31 10:00:00,11.3,249.36,,0.0,False,False,True,False
2023-05-31 11:00:00,13.3,359.64,,0.0,False,False,True,False
2023-05-31 12:00:00,15.6,359.64,,0.0,False,False,True,False
2023-05-31 13:00:00,16.7,359.64,,0.0,False,False,True,False
2023-05-31 14:00:00,17.8,14.4,,0.0,False,False,False,False
2023-05-31 15:00:00,21.1,359.64,,0.0,False,False,True,False
2023-05-31 16:00:00,23.3,359.64,,0.0,False,False,True,False
2023-05-31 17:00:00,25.0,21.6,,0.0,False,False,False,False
2023-05-31 18:00:00,24.4,359.64,,0.0,False,False,True,False
2023-05-31 19:00:00,23.3,359.64,,0.0,False,False,True,False
2023-05-31 20:00:00,23.3,359.64,,0.0,False,False,True,False
2023-05-31 21:00:00,22.2,359.64,,0.0,False,False,True,False
2023-05-31 22:00:00,21.1,46.8,,0.0,False,False,True,False
2023-05-31 23:00:00,19.4,359.64,,0.0,False,False,True,False
2023-06-01 00:00:00,18.3,359.64,,0.0,False,False,True,False
2023-06-01 01:00:00,17.2,359.64,,0.0,False,False,True,False
2023-06-01 02:00:00,17.2,359.64,,0.0,False,False,True,False
2023-06-01 03:00:00,16.7,359.64,,0.0,False,False,True,False
2023-06-01 04:00:00,16.1,359.64,,0.0,False,False,True,False
2023-06-01 05:00:00,16.1,359.64,,0.0,False,False,True,False
2023-06-01 06:00:00,16.1,359.64,,0.0,False,False,True,False
2023-06-01 07:00:00,16.1,7.2,,0.0,False,False,False,False
2023-06-01 08:00:00,15.6,359.64,,0.0,False,False,True,False
2023-06-01 09:00:00,15.0,359.64,8.05,0.0,False,False,True,False
2023-06-01 10:00:00,16.1,359.64,,0.0,False,False,True,False
2023-06-01 11:00:00,18.3,359.64,,0.0,False,False,True,False
2023-06-01 12:00:00,20.6,104.4,,0.0,False,False,True,False
2023-06-01 13:00:00,22.2,359.64,,0.0,False,False,True,False
2023-06-01 14:00:00,25.0,115.2,,0.0,False,False,True,False
2023-06-01 15:00:00,27.2,93.6,,0.0,False,False,True,False
2023-06-01 16:00:00,28.3,21.6,,0.0,False,False,False,False
2023-06-01 17:00:00,30.0,359.64,,0.0,False,False,True,False
2023-06-01 18:00:00,29.4,359.64,,0.0,False,False,True,False
2023-06-01 19:00:00,28.9,359.64,,0.0,False,False,True,False
2023-06-01 20:00:00,27.2,46.8,,0.0,False,False,True,False
2023-06-01 21:00:00,25.6,359.64,,0.0,False,False,True,False
2023-06-01 22:00:00,24.4,359.64,,0.0,False,False,True,False
2023-06-01 23:00:00,22.8,359.64,,0.0,False,False,True,False
2023-06-02 00:00:00,22.2,359.64,,0.0,False,False,True,False
2023-06-02 01:00:00,21.1,359.64,,0.0,False,False,True,False
2023-06-02 02:00:00,20.6,359.64,,0.0,False,False,True,False
2023-06-02 03:00:00,20.0,359.64,,0.0,False,False,True,False
2023-06-02 04:00:00,21.1,359.64,,0.0,False,False,True,False
2023-06-02 05:00:00,20.0,100.8,,0.0,False,False,True,False
2023-06-02 06:00:00,19.4,359.64,,0.0,False,False,True,False
2023-06-02 07:00:00,20.0,359.64,,0.0,False,False,True,False
2023-06-02 08:00:00,18.9,359.64,,0.0,False,False,True,False
2023-06-02 09:00:00,19.4,359.64,,0.0,False,False,True,False
2023-06-02 10:00:00,21.1,359.64,,0.0,False,False,True,False
2023-06-02 11:00:00,22.8,359.64,,0.0,False,False,True,False
2023-06-02 12:00:00,24.4,359.64,,0.0,False,False,True,False
2023-06-02 13:00:00,26.7,18.0,,0.0,False,False,False,False
2023-06-02 14:00:00,28.3,359.64,,0.0,False,False,True,False
2023-06-02 15:00:00,30.6,32.4,,0.0,False,False,True,False
2023-06-02 16:00:00,30.6,39.6,,0.0,False,False,True,False
2023-06-02 17:00:00,30.6,21.6,,0.0,False,False,False,False
2023-06-02 18:00:00,31.1,359.64,,0.0,False,False,True,False
2023-06-02 19:00:00,29.4,359.64,,0.0,False,False,True,False
2023-06-02 20:00:00,27.2,359.64,,0.0,False,False,True,False
2023-06-02 21:00:00,26.1,359.64,,0.0,False,False,True,False
2023-06-02 22:00:00,20.54,228.02,1.93,17.1,True,True,True,False
2023-06-02 23:00:00,20.32,303.55,4.67,6.1,True,True,True,False
2023-06-03 00:00:00,20.0,359.64,9.66,0.0,False,False,True,False
2023-06-03 01:00:00,20.6,43.2,9.66,0.0,False,False,True,False
2023-06-03 02:00:00,19.4,359.64,,0.0,False,False,True,False
2023-06-03 03:00:00,20.0,14.4,,0.0,False,False,False,False
2023-06-03 04:00:00,19.4,359.64,,6.1,True,False,True,False
2023-06-03 05:00:00,20.6,18.0,,0.0,False,False,False,False
2023-06-03 06:00:00,19.4,21.6,,0.0,False,False,False,False
2023-06-03 07:00:00,18.9,18.0,,0.0,False,False,False,False
2023-06-03 08:00:00,19.2,192.42,,0.0,False,False,True,False
2023-06-03 09:00:00,19.4,190.62,,0.0,False,False,True,False
2023-06-03 10:00:00,19.7,192.42,,0.0,False,False,True,False
2023-06-03 11:00:00,18.9,21.6,,6.1,True,False,False,False
2023-06-03 12:00:00,18.9,18.0,,0.0,False,False,False,False
2023-06-03 13:00:00,18.3,359.64,,0.0,False,False,True,False
2023-06-03 14:00:00,18.9,23.4,,0.0,False,False,False,False
2023-06-03 15:00:00,17.8,25.2,,0.0,False,False,True,False
2023-06-03 16:00:00,17.2,359.64,9.66,0.0,False,False,True,False
2023-06-03 17:00:00,17.8,194.22,9.66,0.0,False,False,True,False
2023-06-03 18:00:00,18.9,359.64,,0.0,False,False,True,False
2023-06-03 19:00:00,17.8,359.64,,0.0,False,False,True,False
2023-06-03 20:00:00,17.8,21.6,,0.0,False,False,False,False
2023-06-03 21:00:00,17.8,359.64,,0.0,False,False,True,False
2023-06-03 22:00:00,17.13,26.4,,0.0,False,False,True,False
2023-06-03 23:00:00,16.5,25.2,,0.0,False,False,True,False
2023-06-04 00:00:00,15.6,359.64,,0.0,False,False,True,False
2023-06-04 01:00:00,15.0,190.62,,0.0,False,False,True,False
2023-06-04 02:00:00,14.4,25.2,,0.0,False,False,True,False
2023-06-04 03:00:00,13.3,187.02,,0.0,False,False,True,False
2023-06-04 04:00:00,12.8,187.02,,0.0,False,False,True,False
2023-06-04 05:00:00,11.7,18.0,,0.0,False,False,False,False
2023-06-04 06:00:00,11.4,16.2,,0.0,False,False,False,False
2023-06-04 07:00:00,10.6,10.8,,0.0,False,False,False,False
2023-06-04 08:00:00,10.0,359.64,,0.0,False,False,True,False
2023-06-04 09:00:00,9.4,359.64,,0.0,False,False,True,False
2023-06-04 10:00:00,10.6,359.64,,0.0,False,False,True,False
2023-06-04 11:00:00,11.7,359.64,,0.0,False,False,True,False
2023-06-04 12:00:00,12.2,359.64,,0.0,False,False,True,False
2023-06-04 13:00:00,14.4,359.64,,0.0,False,False,True,False
2023-06-04 14:00:00,15.6,359.64,,0.0,False,False,True,False
2023-06-04 15:00:00,17.2,14.4,,0.0,False,False,False,False
2023-06-04 16:00:00,18.9,14.4,,0.0,False,False,False,False
2023-06-04 17:00:00,18.9,14.4,,0.0,False,False,False,False
2023-06-04 18:00:00,20.0,14.4,,0.0,False,False,False,False
2023-06-04 19:00:00,20.6,18.0,,0.0,False,False,False,False
2023-06-04 20:00:00,18.9,18.0,,0.0,False,False,False,False
2023-06-04 21:00:00,18.3,7.2,,0.0,False,False,False,False
2023-06-04 22:00:00,18.3,359.64,,0.0,False,False,True,False
2023-06-04 23:00:00,17.2,28.8,,0.0,False,False,True,False
2023-06-05 00:00:00,16.1,25.2,,0.0,False,False,True,False
2023-06-05 01:00:00,16.1,359.64,,0.0,False,False,True,False
2023-06-05 02:00:00,16.1,359.64,,0.0,False,False,True,False
2023-06-05 03:00:00,15.6,359.64,,0.0,False,False,True,False
2023-06-05 04:00:00,15.0,359.64,,0.0,False,False,True,False
2023-06-05 05:00:00,13.9,359.64,,0.0,False,False,True,False
2023-06-05 06:00:00,13.3,359.64,,0.0,False,False,True,False
2023-06-05 07:00:00,13.3,359.64,,0.0,False,False,True,False
2023-06-05 08:00:00,13.3,359.64,,0.0,False,False,True,False
2023-06-05 09:00:00,13.3,359.64,,0.0,False,False,True,False
2023-06-05 10:00:00,13.3,104.4,,0.0,False,False,True,False
2023-06-05 11:00:00,14.4,100.8,,0.0,False,False,True,False
2023-06-05 12:00:00,16.1,359.64,,0.0,False,False,True,False
2023-06-05 13:00:00,17.2,359.64,,0.0,False,False,True,False
2023-06-05 14:00:00,19.4,359.64,,0.0,False,False,True,False
2023-06-05 15:00:00,21.7,359.64,,0.0,False,False,True,False
2023-06-05 16:00:00,22.8,359.64,,0.0,False,False,True,False
2023-06-05 17:00:00,23.9,18.0,,0.0,False,False,False,False
2023-06-05 18:00:00,23.9,359.64,,0.0,False,False,True,False
2023-06-05 19:00:00,23.3,359.64,,0.0,False,False,True,False
2023-06-05 20:00:00,23.3,359.64,,0.0,False,False,True,False
2023-06-05 21:00:00,22.8,359.64,,0.0,False,False,True,False
2023-06-05 22:00:00,22.2,359.64,,0.0,False,False,True,False
2023-06-05 23:00:00,21.7,359.64,,0.0,False,False,True,False
2023-06-06 00:00:00,22.2,359.64,,0.0,False,False,True,False
2023-06-06 01:00:00,21.1,359.64,,0.0,False,False,True,False
2023-06-06 02:00:00,20.6,359.64,9.66,0.0,False,False,True,False
2023-06-06 03:00:00,19.4,359.64,9.66,0.0,False,False,True,False
2023-06-06 04:00:00,18.9,359.64,8.05,0.0,False,False,True,False
2023-06-06 05:00:00,17.8,359.64,8.05,0.0,False,False,True,False
2023-06-06 06:00:00,17.8,359.64,8.05,0.0,False,False,True,False
2023-06-06 07:00:00,17.2,359.64,8.05,0.0,False,False,True,False
2023-06-06 08:00:00,16.1,100.8,8.05,0.0,False,False,True,False
2023-06-06 09:00:00,16.1,100.8,6.44,0.0,False,False,True,False
2023-06-06 10:00:00,15.6,359.64,6.44,0.0,False,False,True,False
2023-06-06 11:00:00,17.2,93.6,6.44,0.0,False,False,True,False
2023-06-06 12:00:00,17.8,97.2,8.05,0.0,False,False,True,False
2023-06-06 13:00:00,17.2,359.64,8.05,0.0,False,False,True,False
2023-06-06 14:00:00,20.0,82.8,8.05,0.0,False,False,True,False
2023-06-06 15:00:00,22.8,359.64,6.44,0.0,False,False,True,False
2023-06-06 16:00:00,25.0,359.64,6.44,0.0,False,False,True,False
2023-06-06 17:00:00,24.4,111.6,6.44,0.0,False,False,True,False
2023-06-06 18:00:00,24.4,359.64,6.44,0.0,False,False,True,False
2023-06-06 19:00:00,25.6,359.64,6.44,0.0,False,False,True,False
2023-06-06 20:00:00,21.7,25.2,6.44,0.0,False,False,True,False
2023-06-06 21:00:00,21.7,359.64,6.44,0.0,False,False,True,False
2023-06-06 22:00:00,22.13,281.76,3.62,0.0,False,True,True,False
2023-06-06 23:00:00,21.27,190.68,4.29,0.0,False,True,True,False
2023-06-07 00:00:00,20.3,232.02,4.83,0.0,False,True,True,False
2023-06-07 01:00:00,19.4,359.64,4.83,0.0,False,True,True,False
2023-06-07 02:00:00,18.3,359.64,4.83,0.0,False,True,True,False
2023-06-07 03:00:00,17.8,359.64,4.83,0.0,False,True,True,False
2023-06-07 04:00:00,17.2,233.82,4.83,0.0,False,True,True,False
2023-06-07 05:00:00,16.1,359.64,4.83,0.0,False,True,True,False
2023-06-07 06:00:00,16.1,100.8,6.44,0.0,False,False,True,False
2023-06-07 07:00:00,15.6,359.64,6.44,0.0,False,False,True,False
2023-06-07 08:00:00,14.4,359.64,6.44,0.0,False,False,True,False
2023-06-07 09:00:00,14.4,359.64,4.83,0.0,False,True,True,False
2023-06-07 10:00:00,14.4,359.64,4.83,0.0,False,True,True,False
2023-06-07 11:00:00,15.0,359.64,4.83,0.0,False,True,True,False
2023-06-07 12:00:00,16.7,359.64,4.83,0.0,False,True,True,False
2023-06-07 13:00:00,17.8,111.6,4.83,0.0,False,True,True,False
2023-06-07 14:00:00,18.9,359.64,4.83,0.0,False,True,True,False
2023-06-07 15:00:00,20.4,165.51,3.32,0.0,False,True,True,False
2023-06-07 16:00:00,20.0,194.28,1.48,0.0,False,True,True,False
2023-06-07 17:00:00,19.07,273.36,1.21,0.0,False,True,True,False
2023-06-07 18:00:00,18.9,359.64,1.21,0.0,False,True,True,False
2023-06-07 19:00:00,18.9,276.96,1.61,0.0,False,True,True,False
2023-06-07 20:00:00,19.1,359.64,2.41,0.0,False,True,True,False
2023-06-07 21:00:00,19.4,359.64,2.28,0.0,False,True,True,False
2023-06-07 22:00:00,19.4,359.64,2.01,0.0,False,True,True,False
2023-06-07 23:00:00,18.9,100.8,2.01,0.0,False,True,True,False
2023-06-08 00:00:00,18.05,359.64,3.22,0.0,False,True,True,False
2023-06-08 01:00:00,17.2,97.2,3.22,0.0,False,True,True,False
2023-06-08 02:00:00,16.7,359.64,3.22,0.0,False,True,True,False
2023-06-08 03:00:00,16.1,118.8,4.02,0.0,False,True,True,False
2023-06-08 04:00:00,14.4,359.64,4.02,0.0,False,True,True,False
2023-06-08 05:00:00,14.15,359.64,4.83,0.0,False,True,True,False
2023-06-08 06:00:00,13.9,359.64,4.83,0.0,False,True,True,False
2023-06-08 07:00:00,13.3,359.64,4.43,0.0,False,True,True,False
2023-06-08 08:00:00,13.9,108.0,4.02,0.0,False,True,True,False
2023-06-08 09:00:00,13.1,108.0,3.52,0.0,False,True,True,False
2023-06-08 10:00:00,13.9,359.64,2.82,0.0,False,True,True,False
2023-06-08 11:00:00,14.4,359.64,2.82,0.0,False,True,True,False
2023-06-08 12:00:00,14.8,359.64,3.08,0.0,False,True,True,False
2023-06-08 13:00:00,16.7,359.64,4.02,0.0,False,True,True,False
2023-06-08 14:00:00,17.75,50.4,4.83,0.0,False,True,True,False
2023-06-08 15:00:00,20.6,359.64,6.44,0.0,False,False,True,False
2023-06-08 16:00:00,21.7,359.64,6.44,0.0,False,False,True,False
2023-06-08 17:00:00,21.1,359.64,9.66,0.0,False,False,True,False
2023-06-08 18:00:00,21.1,359.64,8.05,0.0,False,False,True,False
2023-06-08 19:00:00,20.0,359.64,6.44,0.0,False,False,True,False
2023-06-08 20:00:00,19.4,359.64,6.44,0.0,False,False,True,False
2023-06-08 21:00:00,19.4,359.64,6.44,0.0,False,False,True,False
2023-06-08 22:00:00,18.9,359.64,6.44,0.0,False,False,True,False
2023-06-08 23:00:00,18.9,359.64,8.05,0.0,False,False,True,False
2023-06-09 00:00:00,18.3,7.2,9.66,0.0,False,False,False,False
2023-06-09 01:00:00,17.8,126.0,,0.0,False,False,True,False
2023-06-09 02:00:00,17.2,359.64,,0.0,False,False,True,False
2023-06-09 03:00:00,17.2,359.64,,0.0,False,False,True,False
2023-06-09 04:00:00,16.1,359.64,,0.0,False,False,True,False
2023-06-09 05:00:00,16.1,104.4,,0.0,False,False,True,False
2023-06-09 06:00:00,15.6,108.0,,0.0,False,False,True,False
2023-06-09 07:00:00,15.6,359.64,,0.0,False,False,True,False
2023-06-09 08:00:00,15.0,359.64,,0.0,False,False,True,False
2023-06-09 09:00:00,14.4,108.0,,0.0,False,False,True,False
2023-06-09 10:00:00,14.4,359.64,,0.0,False,False,True,False
2023-06-09 11:00:00,15.0,359.64,,0.0,False,False,True,False
2023-06-09 12:00:00,16.7,115.2,,0.0,False,False,True,False
2023-06-09 13:00:00,17.2,359.64,,0.0,False,False,True,False
2023-06-09 14:00:00,18.9,3.6,,0.0,False,False,False,False
2023-06-09 15:00:00,21.1,359.64,,0.0,False,False,True,False
2023-06-09 16:00:00,19.4,359.64,,0.0,False,False,True,False
2023-06-09 17:00:00,20.6,359.64,,0.0,False,False,True,False
2023-06-09 18:00:00,22.2,359.64,,0.0,False,False,True,False
2023-06-09 19:00:00,21.1,359.64,,0.0,False,False,True,False
2023-06-09 20:00:00,21.1,18.0,,0.0,False,False,False,False
2023-06-09 21:00:00,20.6,359.64,,0.0,False,False,True,False
2023-06-09 22:00:00,20.6,359.64,,0.0,False,False,True,False
2023-06-09 23:00:00,19.4,86.4,,0.0,False,False,True,False
2023-06-10 00:00:00,18.3,359.64,,0.0,False,False,True,False
2023-06-10 01:00:00,18.3,359.64,,0.0,False,False,True,False
2023-06-10 02:00:00,17.8,122.4,,0.0,False,False,True,False
2023-06-10 03:00:00,17.2,359.64,,0.0,False,False,True,False
2023-06-10 04:00:00,16.7,230.22,,0.0,False,False,True,False
2023-06-10 05:00:00,16.1,108.0,,0.0,False,False,True,False
2023-06-10 06:00:00,15.6,108.0,,0.0,False,False,True,False
2023-06-10 07:00:00,15.0,104.4,,0.0,False,False,True,False
2023-06-10 08:00:00,14.4,108.0,,0.0,False,False,True,False
2023-06-10 09:00:00,14.4,359.64,,0.0,False,False,True,False
2023-06-10 10:00:00,15.0,359.64,,0.0,False,False,True,False
2023-06-10 11:00:00,15.6,359.64,,0.0,False,False,True,False
2023-06-10 12:00:00,17.2,359.64,,0.0,False,False,True,False
2023-06-10 13:00:00,18.9,359.64,,0.0,False,False,True,False
2023-06-10 14:00:00,20.6,359.64,,0.0,False,False,True,False
2023-06-10 15:00:00,22.8,359.64,,0.0,False,False,True,False
2023-06-10 16:00:00,23.9,359.64,,0.0,False,False,True,False
2023-06-10 17:00:00,23.9,359.64,,0.0,False,False,True,False
2023-06-10 18:00:00,23.9,359.64,,0.0,False,False,True,False
2023-06-10 19:00:00,23.9,108.0,,0.0,False,False,True,False
2023-06-10 20:00:00,25.0,359.64,,0.0,False,False,True,False
2023-06-10 21:00:00,25.0,108.0,,0.0,False,False,True,False
2023-06-10 22:00:00,23.9,359.64,,0.0,False,False,True,False
2023-06-10 23:00:00,22.2,359.64,,0.0,False,False,True,False
2023-06-11 00:00:00,21.7,359.64,,0.0,False,False,True,False
2023-06-11 01:00:00,21.1,359.64,,0.0,False,False,True,False
2023-06-11 02:00:00,21.1,359.64,,0.0,False,False,True,False
2023-06-11 03:00:00,19.4,359.64,,0.0,False,False,True,False
2023-06-11 04:00:00,20.0,359.64,,0.0,False,False,True,False
2023-06-11 05:00:00,18.9,359.64,,0.6,True,False,True,False
2023-06-11 06:00:00,18.3,359.64,,0.0,False,False,True,False
2023-06-11 07:00:00,18.3,359.64,,0.0,False,False,True,False
2023-06-11 08:00:00,18.9,359.64,,0.0,False,False,True,False
2023-06-11 09:00:00,18.3,359.64,9.66,0.0,False,False,True,False
2023-06-11 10:00:00,19.4,359.64,9.66,0.0,False,False,True,False
2023-06-11 11:00:00,20.6,359.64,9.66,0.3,True,False,True,False
2023-06-11 12:00:00,21.7,359.64,9.66,0.0,False,False,True,False
2023-06-11 13:00:00,23.3,359.64,8.05,0.0,False,False,True,False
2023-06-11 14:00:00,25.0,359.64,9.66,0.0,False,False,True,False
2023-06-11 15:00:00,27.2,359.64,,0.0,False,False,True,False
2023-06-11 16:00:00,27.2,359.64,9.66,0.0,False,False,True,False
2023-06-11 17:00:00,27.2,359.64,,0.0,False,False,True,False
2023-06-11 18:00:00,26.1,359.64,,0.0,False,False,True,False
2023-06-11 19:00:00,24.4,359.64,,0.0,False,False,True,False
2023-06-11 20:00:00,24.4,359.64,9.66,0.0,False,False,True,False
2023-06-11 21:00:00,24.4,359.64,,0.0,False,False,True,False
2023-06-11 22:00:00,22.8,359.64,9.66,0.0,False,False,True,False
2023-06-11 23:00:00,22.2,359.64,9.66,0.0,False,False,True,False
2023-06-12 00:00:00,21.7,359.64,,0.0,False,False,True,False
2023-06-12 01:00:00,21.7,359.64,,0.0,False,False,True,False
2023-06-12 02:00:00,21.1,359.64,,0.0,False,False,True,False
2023-06-12 03:00:00,22.2,359.64,,0.0,False,False,True,False
2023-06-12 04:00:00,22.2,359.64,,0.3,True,False,True,False
2023-06-12 05:00:00,21.7,359.64,,0.0,False,False,True,False
2023-06-12 06:00:00,21.7,359.64,,0.0,False,False,True,False
2023-06-12 07:00:00,21.1,359.64,,0.0,False,False,True,False
2023-06-12 08:00:00,20.6,359.64,,0.0,False,False,True,False
2023-06-12 09:00:00,20.0,359.64,9.66,0.0,False,False,True,False
2023-06-12 10:00:00,20.0,359.64,8.05,0.0,False,False,True,False
2023-06-12 11:00:00,20.6,359.64,8.05,0.0,False,False,True,False
2023-06-12 12:00:00,21.1,359.64,8.05,0.0,False,False,True,False
2023-06-12 13:00:00,22.2,43.2,8.05,0.0,False,False,True,False
2023-06-12 14:00:00,22.8,359.64,9.66,0.0,False,False,True,False
2023-06-12 15:00:00,23.3,359.64,9.66,0.0,False,False,True,False
2023-06-12 16:00:00,23.5,359.64,9.66,0.0,False,False,True,False
2023-06-12 17:00:00,24.4,359.64,9.66,0.0,False,False,True,False
2023-06-12 18:00:00,24.4,359.64,9.66,0.0,False,False,True,False
2023-06-12 19:00:00,24.4,203.22,,0.0,False,False,True,False
2023-06-12 20:00:00,23.6,199.62,,0.0,False,False,True,False
2023-06-12 21:00:00,22.2,359.64,9.66,0.0,False,False,True,False
2023-06-12 22:00:00,21.7,359.64,9.66,0.0,False,False,True,False
2023-06-12 23:00:00,21.4,359.64,6.84,1.8,True,False,True,False
2023-06-13 00:00:00,19.32,296.35,2.74,10.5,True,True,True,False
2023-06-13 01:00:00,19.3,359.64,3.52,6.5,True,True,True,False
2023-06-13 02:00:00,20.0,359.64,2.95,7.9,True,True,True,False
2023-06-13 03:00:00,20.0,304.27,3.38,0.0,False,True,True,False
2023-06-13 04:00:00,19.8,359.64,7.24,7.6,True,False,True,False
2023-06-13 05:00:00,18.9,223.02,,7.4,True,False,True,False
2023-06-13 06:00:00,18.3,104.4,,0.0,False,False,True,False
2023-06-13 07:00:00,18.9,100.8,,0.0,False,False,True,False
2023-06-13 08:00:00,17.8,359.64,,0.0,False,False,True,False
2023-06-13 09:00:00,17.8,100.8,,0.0,False,False,True,False
2023-06-13 10:00:00,17.8,359.64,,0.0,False,False,True,False
2023-06-13 11:00:00,18.3,359.64,,7.6,True,False,True,False
2023-06-13 12:00:00,18.9,102.0,,0.0,False,False,True,False
2023-06-13 13:00:00,20.0,108.0,,0.0,False,False,True,False
2023-06-13 14:00:00,21.1,359.64,,0.0,False,False,True,False
2023-06-13 15:00:00,22.2,359.64,,0.0,False,False,True,False
2023-06-13 16:00:00,22.2,359.64,,0.0,False,False,True,False
2023-06-13 17:00:00,24.4,104.4,,0.0,False,False,True,False
2023-06-13 18:00:00,25.0,359.64,,0.0,False,False,True,False
2023-06-13 19:00:00,25.0,359.64,,0.0,False,False,True,False
2023-06-13 20:00:00,25.6,359.64,,0.0,False,False,True,False
2023-06-13 21:00:00,24.4,359.64,,0.0,False,False,True,False
2023-06-13 22:00:00,23.9,359.64,,0.0,False,False,True,False
2023-06-13 23:00:00,22.8,359.64,,0.0,False,False,True,False
2023-06-14 00:00:00,22.8,359.64,,0.0,False,False,True,False
2023-06-14 01:00:00,21.7,359.64,,0.0,False,False,True,False
2023-06-14 02:00:00,21.1,359.64,,0.0,False,False,True,False
2023-06-14 03:00:00,20.6,359.64,,0.0,False,False,True,False
2023-06-14 04:00:00,19.4,359.64,,0.0,False,False,True,False
2023-06-14 05:00:00,19.4,359.64,,0.0,False,False,True,False
2023-06-14 06:00:00,18.9,359.64,,0.0,False,False,True,False
2023-06-14 07:00:00,18.3,359.64,,0.0,False,False,True,False
2023-06-14 08:00:00,18.3,359.64,,0.0,False,False,True,False
2023-06-14 09:00:00,18.3,359.64,,0.0,False,False,True,False
2023-06-14 10:00:00,19.4,359.64,,0.0,False,False,True,False
2023-06-14 11:00:00,20.0,359.64,,0.0,False,False,True,False
2023-06-14 12:00:00,21.1,359.64,,0.0,False,False,True,False
2023-06-14 13:00:00,22.2,359.64,,0.0,False,False,True,False
2023-06-14 14:00:00,22.8,359.64,,0.0,False,False,True,False
2023-06-14 15:00:00,23.9,359.64,,0.0,False,False,True,False
2023-06-14 16:00:00,22.2,359.64,,0.0,False,False,True,False
2023-06-14 17:00:00,18.02,303.55,2.41,8.9,True,True,True,False
2023-06-14 18:00:00,17.8,97.2,,0.0,False,False,True,False
2023-06-14 19:00:00,20.6,359.64,,0.0,False,False,True,False
2023-06-14 20:00:00,21.1,359.64,,0.0,False,False,True,False
2023-06-14 21:00:00,18.45,224.82,2.62,4.2,True,True,True,False
2023-06-14 22:00:00,20.0,100.8,,0.0,False,False,True,False
2023-06-14 23:00:00,20.0,100.8,,1.8,True,False,True,False
2023-06-15 00:00:00,19.4,100.8,,0.0,False,False,True,False
2023-06-15 01:00:00,18.9,359.64,,0.0,False,False,True,False
2023-06-15 02:00:00,18.3,359.64,,0.0,False,False,True,False
2023-06-15 03:00:00,17.8,359.64,,0.0,False,False,True,False
2023-06-15 04:00:00,17.2,359.64,,3.6,True,False,True,False
2023-06-15 05:00:00,17.2,359.64,,0.0,False,False,True,False
2023-06-15 06:00:00,16.7,359.64,,0.0,False,False,True,False
2023-06-15 07:00:00,16.1,359.64,,0.0,False,False,True,False
2023-06-15 08:00:00,16.1,359.64,,0.0,False,False,True,False
2023-06-15 09:00:00,16.1,359.64,,0.0,False,False,True,False
2023-06-15 10:00:00,16.7,93.6,,0.0,False,False,True,False
2023-06-15 11:00:00,17.8,359.64,,3.6,True,False,True,False
2023-06-15 12:00:00,18.9,100.8,,0.0,False,False,True,False
2023-06-15 13:00:00,20.0,359.64,,0.0,False,False,True,False
2023-06-15 14:00:00,21.1,359.64,,0.0,False,False,True,False
2023-06-15 15:00:00,21.7,100.8,,0.0,False,False,True,False
2023-06-15 16:00:00,21.7,359.64,,0.0,False,False,True,False
2023-06-15 17:00:00,22.8,359.64,,0.0,False,False,True,False
2023-06-15 18:00:00,23.9,359.64,,0.0,False,False,True,False
2023-06-15 19:00:00,24.4,359.64,,0.0,False,False,True,False
2023-06-15 20:00:00,24.4,93.6,,0.0,False,False,True,False
2023-06-15 21:00:00,24.4,97.2,,0.0,False,False,True,False
2023-06-15 22:00:00,25.0,100.8,,0.0,False,False,True,False
2023-06-15 23:00:00,24.4,359.64,,0.0,False,False,True,False
2023-06-16 00:00:00,23.3,100.8,,0.0,False,False,True,False
2023-06-16 01:00:00,22.8,359.64,,0.0,False,False,True,False
2023-06-16 02:00:00,22.2,359.64,,0.0,False,False,True,False
2023-06-16 03:00:00,21.1,100.8,,0.0,False,False,True,False
2023-06-16 04:00:00,20.6,359.64,,0.0,False,False,True,False
2023-06-16 05:00:00,20.6,359.64,,0.0,False,False,True,False
2023-06-16 06:00:00,20.0,359.64,,0.0,False,False,True,False
2023-06-16 07:00:00,20.6,359.64,,0.0,False,False,True,False
2023-06-16 08:00:00,18.9,359.64,,0.0,False,False,True,False
2023-06-16 09:00:00,18.9,359.64,,0.0,False,False,True,False
2023-06-16 10:00:00,20.0,359.64,,0.0,False,False,True,False
2023-06-16 11:00:00,20.6,359.64,,0.0,False,False,True,False
2023-06-16 12:00:00,22.2,359.64,,0.0,False,False,True,False
2023-06-16 13:00:00,23.9,86.4,,0.0,False,False,True,False
2023-06-16 14:00:00,25.0,359.64,,0.0,False,False,True,False
2023-06-16 15:00:00,25.6,359.64,,0.0,False,False,True,False
2023-06-16 16:00:00,24.4,72.0,,0.0,False,False,True,False
2023-06-16 17:00:00,18.3,72.0,4.02,2.6,True,True,True,False
2023-06-16 18:00:00,17.8,199.62,1.81,5.3,True,True,True,False
2023-06-16 19:00:00,17.32,292.75,4.99,3.1,True,True,True,False
2023-06-16 20:00:00,18.9,359.64,,4.6,True,False,True,False
2023-06-16 21:00:00,20.0,36.0,,0.0,False,False,True,False
2023-06-16 22:00:00,19.4,359.64,,0.0,False,False,True,False
2023-06-16 23:00:00,19.4,359.64,,4.6,True,False,True,False
2023-06-17 00:00:00,19.15,23.4,,0.0,False,False,False,False
2023-06-17 01:00:00,18.3,188.82,,0.0,False,False,True,False
2023-06-17 02:00:00,18.9,25.2,,0.0,False,False,True,False
2023-06-17 03:00:00,17.8,18.0,,0.0,False,False,False,False
2023-06-17 04:00:00,17.8,359.64,,5.8,True,False,True,False
2023-06-17 05:00:00,17.8,242.82,,0.0,False,False,True,False
2023-06-17 06:00:00,17.2,233.82,,0.0,False,False,True,False
2023-06-17 07:00:00,16.7,359.64,,0.0,False,False,True,False
2023-06-17 08:00:00,16.7,108.0,,0.0,False,False,True,False
2023-06-17 09:00:00,17.2,359.64,,0.0,False,False,True,False
2023-06-17 10:00:00,17.2,359.64,,0.0,False,False,True,False
2023-06-17 11:00:00,17.8,108.0,,5.8,True,False,True,False
2023-06-17 12:00:00,18.3,359.64,,0.0,False,False,True,False
2023-06-17 13:00:00,20.0,359.64,,0.0,False,False,True,False
2023-06-17 14:00:00,21.1,359.64,,0.0,False,False,True,False
2023-06-17 15:00:00,22.2,359.64,,0.0,False,False,True,False
2023-06-17 16:00:00,23.9,359.64,,0.0,False,False,True,False
2023-06-17 17:00:00,24.4,111.6,,0.0,False,False,True,False
2023-06-17 18:00:00,25.0,359.64,,0.0,False,False,True,False
2023-06-17 19:00:00,23.9,111.6,,0.0,False,False,True,False
2023-06-17 20:00:00,23.9,90.0,,0.0,False,False,True,False
2023-06-17 21:00:00,22.2,7.2,,0.0,False,False,False,False
2023-06-17 22:00:00,19.4,359.64,6.44,0.0,False,False,True,False
2023-06-17 23:00:00,19.4,359.64,8.05,0.0,False,False,True,False
2023-06-18 00:00:00,19.4,104.4,9.66,0.0,False,False,True,False
2023-06-18 01:00:00,19.4,359.64,8.05,0.0,False,False,True,False
2023-06-18 02:00:00,19.4,359.64,8.05,0.0,False,False,True,False
2023-06-18 03:00:00,19.4,359.64,9.66,0.0,False,False,True,False
2023-06-18 04:00:00,19.4,232.02,8.05,0.0,False,False,True,False
2023-06-18 05:00:00,18.9,359.64,9.66,0.0,False,False,True,False
2023-06-18 06:00:00,18.3,359.64,9.66,0.0,False,False,True,False
2023-06-18 07:00:00,17.8,97.2,,0.0,False,False,True,False
2023-06-18 08:00:00,17.2,359.64,,0.0,False,False,True,False
2023-06-18 09:00:00,17.2,359.64,,0.0,False,False,True,False
2023-06-18 10:00:00,17.8,359.64,,0.0,False,False,True,False
2023-06-18 11:00:00,18.9,359.64,,0.0,False,False,True,False
2023-06-18 12:00:00,20.6,359.64,,0.0,False,False,True,False
2023-06-18 13:00:00,21.7,359.64,,0.0,False,False,True,False
2023-06-18 14:00:00,22.8,108.0,,0.0,False,False,True,False
2023-06-18 15:00:00,23.9,359.64,,0.0,False,False,True,False
2023-06-18 16:00:00,25.0,359.64,,0.0,False,False,True,False
2023-06-18 17:00:00,23.9,97.2,,0.0,False,False,True,False
2023-06-18 18:00:00,25.6,359.64,,0.0,False,False,True,False
2023-06-18 19:00:00,26.1,108.0,,0.0,False,False,True,False
2023-06-18 20:00:00,26.7,359.64,,0.0,False,False,True,False
2023-06-18 21:00:00,26.1,359.64,,0.0,False,False,True,False
2023-06-18 22:00:00,25.0,359.64,,0.0,False,False,True,False
2023-06-18 23:00:00,25.0,359.64,,0.0,False,False,True,False
2023-06-19 00:00:00,23.9,359.64,,0.0,False,False,True,False
2023-06-19 01:00:00,22.2,359.64,,0.0,False,False,True,False
2023-06-19 02:00:00,22.8,359.64,,0.0,False,False,True,False
2023-06-19 03:00:00,22.2,359.64,,0.0,False,False,True,False
2023-06-19 04:00:00,21.1,233.82,,0.0,False,False,True,False
2023-06-19 05:00:00,20.0,7.2,,0.0,False,False,False,False
2023-06-19 06:00:00,20.6,359.64,,0.0,False,False,True,False
2023-06-19 07:00:00,19.4,359.64,,0.0,False,False,True,False
2023-06-19 08:00:00,19.4,359.64,,0.0,False,False,True,False
2023-06-19 09:00:00,18.9,21.6,,0.0,False,False,False,False
2023-06-19 10:00:00,18.9,359.64,,0.0,False,False,True,False
2023-06-19 11:00:00,20.0,359.64,,0.0,False,False,True,False
2023-06-19 12:00:00,21.1,25.2,,0.0,False,False,True,False
2023-06-19 13:00:00,21.7,18.0,,0.0,False,False,False,False
2023-06-19 14:00:00,22.8,359.64,,0.0,False,False,True,False
2023-06-19 15:00:00,24.4,18.0,,0.0,False,False,False,False
2023-06-19 16:00:00,25.6,36.0,,0.0,False,False,True,False
2023-06-19 17:00:00,26.1,32.4,,0.0,False,False,True,False
2023-06-19 18:00:00,27.2,359.64,,0.0,False,False,True,False
2023-06-19 19:00:00,25.0,359.64,,0.0,False,False,True,False
2023-06-19 20:00:00,24.4,359.64,,0.0,False,False,True,False
2023-06-19 21:00:00,24.4,359.64,,0.0,False,False,True,False
2023-06-19 22:00:00,22.8,359.64,,0.0,False,False,True,False
2023-06-19 23:00:00,22.8,359.64,,0.0,False,False,True,False
2023-06-20 00:00:00,21.1,359.64,,0.0,False,False,True,False
2023-06-20 01:00:00,20.0,359.64,,0.0,False,False,True,False
2023-06-20 02:00:00,20.0,359.64,,0.0,False,False,True,False
2023-06-20 03:00:00,19.4,359.64,,0.0,False,False,True,False
2023-06-20 04:00:00,19.4,359.64,,0.0,False,False,True,False
2023-06-20 05:00:00,19.23,250.56,,0.0,False,False,True,False
2023-06-20 06:00:00,18.3,25.2,,0.0,False,False,True,False
2023-06-20 07:00:00,18.3,25.2,,0.0,False,False,True,False
2023-06-20 08:00:00,17.8,18.0,,0.0,False,False,False,False
2023-06-20 09:00:00,17.8,359.64,,0.0,False,False,True,False
2023-06-20 10:00:00,17.8,359.64,,0.0,False,False,True,False
2023-06-20 11:00:00,18.3,18.0,,0.0,False,False,False,False
2023-06-20 12:00:00,19.15,188.82,,0.0,False,False,True,False
2023-06-20 13:00:00,19.4,32.4,,0.0,False,False,True,False
2023-06-20 14:00:00,21.1,359.64,,0.0,False,False,True,False
2023-06-20 15:00:00,22.9,359.64,,0.0,False,False,True,False
2023-06-20 16:00:00,23.6,187.02,,0.0,False,False,True,False
2023-06-20 17:00:00,24.7,190.62,,0.0,False,False,True,False
2023-06-20 18:00:00,25.0,359.64,,0.0,False,False,True,False
2023-06-20 19:00:00,24.4,359.64,,0.0,False,False,True,False
2023-06-20 20:00:00,23.3,359.64,,0.0,False,False,True,False
2023-06-20 21:00:00,23.3,359.64,,0.0,False,False,True,False
2023-06-20 22:00:00,22.8,359.64,,0.0,False,False,True,False
2023-06-20 23:00:00,21.7,36.0,,0.0,False,False,True,False
2023-06-21 00:00:00,21.1,359.64,,0.0,False,False,True,False
2023-06-21 01:00:00,20.6,21.6,,0.0,False,False,False,False
2023-06-21 02:00:00,19.4,21.6,,0.0,False,False,False,False
2023-06-21 03:00:00,18.3,25.2,,0.0,False,False,True,False
2023-06-21 04:00:00,17.8,192.42,,0.0,False,False,True,False
2023-06-21 05:00:00,17.2,21.6,,0.0,False,False,False,False
2023-06-21 06:00:00,17.2,25.2,,0.0,False,False,True,False
2023-06-21 07:00:00,16.7,21.6,,0.0,False,False,False,False
2023-06-21 08:00:00,16.7,21.6,,0.0,False,False,False,False
2023-06-21 09:00:00,16.7,25.2,,0.0,False,False,True,False
2023-06-21 10:00:00,16.7,21.6,,0.0,False,False,False,False
2023-06-21 11:00:00,16.7,25.2,,0.0,False,False,True,False
2023-06-21 12:00:00,17.2,18.0,,0.0,False,False,False,False
2023-06-21 13:00:00,18.3,23.4,,0.0,False,False,False,False
2023-06-21 14:00:00,19.4,18.0,,0.0,False,False,False,False
2023-06-21 15:00:00,20.0,21.6,,0.0,False,False,False,False
2023-06-21 16:00:00,20.6,18.0,,0.0,False,False,False,False
2023-06-21 17:00:00,20.6,21.6,,0.0,False,False,False,False
2023-06-21 18:00:00,21.1,25.2,,0.0,False,False,True,False
2023-06-21 19:00:00,22.2,21.6,,0.0,False,False,False,False
2023-06-21 20:00:00,21.7,359.64,,0.0,False,False,True,False
2023-06-21 21:00:00,21.7,21.6,,0.0,False,False,False,False
2023-06-21 22:00:00,21.1,18.0,,0.0,False,False,False,False
2023-06-21 23:00:00,20.6,21.6,,0.0,False,False,False,False
2023-06-22 00:00:00,19.4,359.64,,0.0,False,False,True,False
2023-06-22 01:00:00,19.4,21.6,,0.0,False,False,False,False
2023-06-22 02:00:00,18.9,359.64,,0.0,False,False,True,False
2023-06-22 03:00:00,18.3,359.64,,0.0,False,False,True,False
2023-06-22 04:00:00,17.8,359.64,,0.0,False,False,True,False
2023-06-22 05:00:00,17.8,21.6,,0.0,False,False,False,False
2023-06-22 06:00:00,17.2,25.2,,0.0,False,False,True,False
2023-06-22 07:00:00,17.2,21.6,,0.0,False,False,False,False
2023-06-22 08:00:00,15.85,19.8,9.66,0.0,False,False,False,False
2023-06-22 09:00:00,15.85,23.4,,0.0,False,False,False,False
2023-06-22 10:00:00,16.1,135.48,8.85,0.0,False,False,True,False
2023-06-22 11:00:00,15.88,86.33,6.84,0.0,False,False,True,False
2023-06-22 12:00:00,16.85,19.8,,0.0,False,False,False,False
2023-06-22 13:00:00,16.1,21.6,9.66,0.0,False,False,False,False
2023-06-22 14:00:00,16.82,192.42,,0.0,False,False,True,False
2023-06-22 15:00:00,17.2,190.62,,0.0,False,False,True,False
2023-06-22 16:00:00,17.8,19.8,,0.0,False,False,False,False
2023-06-22 17:00:00,18.9,25.2,,0.0,False,False,True,False
2023-06-22 18:00:00,19.1,22.8,,0.0,False,False,False,False
2023-06-22 19:00:00,20.3,25.2,,0.0,False,False,True,False
2023-06-22 20:00:00,21.1,25.2,,0.0,False,False,True,False
2023-06-22 21:00:00,21.4,190.62,,0.0,False,False,True,False
2023-06-22 22:00:00,21.85,187.02,,0.0,False,False,True,False
2023-06-22 23:00:00,21.05,192.42,,0.0,False,False,True,False
2023-06-23 00:00:00,20.6,18.0,,0.0,False,False,False,False
2023-06-23 01:00:00,20.0,359.64,,0.0,False,False,True,False
2023-06-23 02:00:00,19.4,359.64,,0.0,False,False,True,False
2023-06-23 03:00:00,19.4,21.6,,0.0,False,False,False,False
2023-06-23 04:00:00,19.4,199.62,,0.0,False,False,True,False
2023-06-23 05:00:00,19.4,359.64,,0.0,False,False,True,False
2023-06-23 06:00:00,18.9,359.64,,0.0,False,False,True,False
2023-06-23 07:00:00,18.9,359.64,,0.0,False,False,True,False
2023-06-23 08:00:00,18.3,359.64,,0.0,False,False,True,False
2023-06-23 09:00:00,18.9,359.64,,0.0,False,False,True,False
2023-06-23 10:00:00,18.92,277.83,,0.0,False,False,True,False
2023-06-23 11:00:00,19.15,201.42,,0.0,False,False,True,False
2023-06-23 12:00:00,19.4,359.64,,0.0,False,False,True,False
2023-06-23 13:00:00,20.0,359.64,,0.0,False,False,True,False
2023-06-23 14:00:00,19.45,278.73,3.92,2.3,True,True,True,False
2023-06-23 15:00:00,19.3,359.64,7.64,0.8,True,False,True,False
2023-06-23 16:00:00,19.2,359.64,,0.0,False,False,True,False
2023-06-23 17:00:00,20.0,359.64,9.66,1.0,True,False,True,False
2023-06-23 18:00:00,20.6,21.6,9.66,0.0,False,False,False,False
2023-06-23 19:00:00,20.36,224.42,3.94,0.0,False,True,True,False
2023-06-23 20:00:00,20.6,199.62,8.85,0.0,False,False,True,False
2023-06-23 21:00:00,21.1,359.64,9.66,0.0,False,False,True,False
2023-06-23 22:00:00,21.7,359.64,,0.0,False,False,True,False
2023-06-23 23:00:00,21.35,359.64,,0.0,False,False,True,False
2023-06-24 00:00:00,21.4,359.64,,0.0,False,False,True,False
2023-06-24 01:00:00,21.1,359.64,,0.0,False,False,True,False
2023-06-24 02:00:00,21.1,359.64,,0.0,False,False,True,False
2023-06-24 03:00:00,21.1,359.64,,0.0,False,False,True,False
2023-06-24 04:00:00,20.6,359.64,,1.0,True,False,True,False
2023-06-24 05:00:00,20.6,359.64,,0.0,False,False,True,False
2023-06-24 06:00:00,20.6,359.64,,0.0,False,False,True,False
2023-06-24 07:00:00,20.6,359.64,9.12,0.0,False,False,True,False
2023-06-24 08:00:00,20.6,359.64,7.51,0.6,True,False,True,False
2023-06-24 09:00:00,20.6,359.64,4.83,0.5,True,True,True,False
2023-06-24 10:00:00,20.73,359.64,4.56,0.5,True,True,True,False
2023-06-24 11:00:00,21.1,359.64,4.83,3.0,True,True,True,False
2023-06-24 12:00:00,21.58,359.64,5.23,2.4,True,False,True,False
2023-06-24 13:00:00,21.95,359.64,7.24,0.0,False,False,True,False
2023-06-24 14:00:00,22.8,359.64,,0.8,True,False,True,False
2023-06-24 15:00:00,23.15,359.64,,0.0,False,False,True,False
2023-06-24 16:00:00,25.6,72.0,,0.0,False,False,True,False
2023-06-24 17:00:00,24.1,359.64,,0.8,True,False,True,False
2023-06-24 18:00:00,24.45,359.64,,0.0,False,False,True,False
2023-06-24 19:00:00,25.0,359.64,,0.0,False,False,True,False
2023-06-24 20:00:00,25.6,359.64,,0.0,False,False,True,False
2023-06-24 21:00:00,25.0,359.64,,0.0,False,False,True,False
2023-06-24 22:00:00,25.0,359.64,,0.0,False,False,True,False
2023-06-24 23:00:00,23.9,359.64,,0.0,False,False,True,False
2023-06-25 00:00:00,23.3,359.64,,0.0,False,False,True,False
2023-06-25 01:00:00,23.3,359.64,,0.0,False,False,True,False
2023-06-25 02:00:00,23.3,359.64,,0.0,False,False,True,False
2023-06-25 03:00:00,22.8,21.6,,0.0,False,False,False,False
2023-06-25 04:00:00,23.3,223.02,,1.8,True,False,True,False
2023-06-25 05:00:00,23.3,359.64,,0.0,False,False,True,False
2023-06-25 06:00:00,22.8,86.4,,0.0,False,False,True,False
2023-06-25 07:00:00,22.2,359.64,,0.0,False,False,True,False
2023-06-25 08:00:00,21.7,359.64,,0.0,False,False,True,False
2023-06-25 09:00:00,21.7,359.64,,0.0,False,False,True,False
2023-06-25 10:00:00,22.8,359.64,,0.0,False,False,True,False
2023-06-25 11:00:00,23.9,21.6,,0.8,True,False,False,False
2023-06-25 12:00:00,24.4,18.0,8.05,0.0,False,False,False,False
2023-06-25 13:00:00,25.6,18.0,,0.0,False,False,False,False
2023-06-25 14:00:00,27.2,14.4,,0.0,False,False,False,False
2023-06-25 15:00:00,26.7,21.6,,0.0,False,False,False,False
2023-06-25 16:00:00,28.9,359.64,,0.0,False,False,True,False
2023-06-25 17:00:00,25.6,359.64,,0.0,False,False,True,False
2023-06-25 18:00:00,25.0,359.64,,0.0,False,False,True,False
2023-06-25 19:00:00,27.2,359.64,,0.0,False,False,True,False
2023-06-25 20:00:00,26.7,359.64,,0.0,False,False,True,False
2023-06-25 21:00:00,25.6,359.64,,0.0,False,False,True,False
2023-06-25 22:00:00,25.6,359.64,,0.0,False,False,True,False
2023-06-25 23:00:00,24.4,359.64,,0.0,False,False,True,False
2023-06-26 00:00:00,23.9,359.64,,0.0,False,False,True,False
2023-06-26 01:00:00,22.8,359.64,,0.0,False,False,True,False
2023-06-26 02:00:00,22.2,359.64,,0.0,False,False,True,False
2023-06-26 03:00:00,22.2,359.64,,0.0,False,False,True,False
2023-06-26 04:00:00,21.7,359.64,9.66,0.0,False,False,True,False
2023-06-26 05:00:00,21.1,359.64,8.05,0.0,False,False,True,False
2023-06-26 06:00:00,21.1,359.64,8.05,0.0,False,False,True,False
2023-06-26 07:00:00,21.1,359.64,9.66,0.0,False,False,True,False
2023-06-26 08:00:00,21.1,359.64,6.44,0.0,False,False,True,False
2023-06-26 09:00:00,21.7,18.0,8.05,0.0,False,False,False,False
2023-06-26 10:00:00,21.7,16.2,7.24,0.0,False,False,False,False
2023-06-26 11:00:00,22.33,359.64,8.05,0.0,False,False,True,False
2023-06-26 12:00:00,23.05,190.62,9.66,0.0,False,False,True,False
2023-06-26 13:00:00,25.0,359.64,,0.0,False,False,True,False
2023-06-26 14:00:00,22.6,219.42,2.41,3.1,True,True,True,False
2023-06-26 15:00:00,22.75,276.93,3.82,15.9,True,True,True,False
2023-06-26 16:00:00,24.4,359.64,,0.0,False,False,True,False
2023-06-26 17:00:00,23.5,359.64,4.83,9.6,True,True,True,False
2023-06-26 18:00:00,25.6,43.2,,0.0,False,False,True,False
2023-06-26 19:00:00,24.4,359.64,,0.0,False,False,True,False
2023-06-26 20:00:00,24.4,359.64,,0.3,True,False,True,False
2023-06-26 21:00:00,23.3,359.64,9.66,0.0,False,False,True,False
2023-06-26 22:00:00,22.23,275.76,,0.0,False,False,True,False
2023-06-26 23:00:00,21.7,359.64,,0.3,True,False,True,False
2023-06-27 00:00:00,21.7,25.2,,0.0,False,False,True,False
2023-06-27 01:00:00,21.95,23.4,,0.0,False,False,False,False
2023-06-27 02:00:00,22.13,251.76,,0.0,False,False,True,False
2023-06-27 03:00:00,20.58,108.81,5.73,4.7,True,False,True,False
2023-06-27 04:00:00,20.7,249.62,3.22,16.8,True,True,True,False
2023-06-27 05:00:00,20.3,302.1,3.49,16.7,True,True,True,False
2023-06-27 06:00:00,20.0,190.62,4.43,0.0,False,True,True,False
2023-06-27 07:00:00,19.55,359.64,5.33,0.0,False,False,True,False
2023-06-27 08:00:00,19.4,100.8,,0.0,False,False,True,False
2023-06-27 09:00:00,19.4,359.64,6.44,0.0,False,False,True,False
2023-06-27 10:00:00,19.52,291.31,4.83,0.0,False,True,True,False
2023-06-27 11:00:00,20.3,270.63,6.44,13.2,True,False,True,False
2023-06-27 12:00:00,20.93,242.16,5.63,0.0,False,False,True,False
2023-06-27 13:00:00,21.7,359.64,7.24,0.0,False,False,True,False
2023-06-27 14:00:00,21.7,249.36,6.44,0.0,False,False,True,False
2023-06-27 15:00:00,21.7,359.64,6.44,0.3,True,False,True,False
2023-06-27 16:00:00,21.3,359.64,4.69,3.2,True,True,True,False
2023-06-27 17:00:00,22.8,36.0,9.66,1.5,True,False,True,False
2023-06-27 18:00:00,23.9,359.64,,0.0,False,False,True,False
2023-06-27 19:00:00,23.9,359.64,,0.0,False,False,True,False
2023-06-27 20:00:00,24.4,359.64,,0.0,False,False,True,False
2023-06-27 21:00:00,24.4,359.64,,0.0,False,False,True,False
2023-06-27 22:00:00,23.3,359.64,,0.0,False,False,True,False
2023-06-27 23:00:00,22.2,359.64,,0.0,False,False,True,False
2023-06-28 00:00:00,22.2,359.64,,0.0,False,False,True,False
2023-06-28 01:00:00,21.1,359.64,,0.0,False,False,True,False
2023-06-28 02:00:00,20.6,359.64,,0.6,True,False,True,False
2023-06-28 03:00:00,20.0,359.64,,0.0,False,False,True,False
2023-06-28 04:00:00,20.6,359.64,,2.0,True,False,True,False
2023-06-28 05:00:00,20.0,359.64,,0.3,True,False,True,False
2023-06-28 06:00:00,19.4,108.0,,0.0,False,False,True,False
2023-06-28 07:00:00,19.4,111.6,6.44,0.0,False,False,True,False
2023-06-28 08:00:00,19.4,359.64,9.66,0.0,False,False,True,False
2023-06-28 09:00:00,19.2,233.82,4.02,0.0,False,True,True,False
2023-06-28 10:00:00,19.4,294.93,4.43,0.0,False,True,True,False
2023-06-28 11:00:00,20.6,359.64,,1.8,True,False,True,False
2023-06-28 12:00:00,21.7,359.64,,0.0,False,False,True,False
2023-06-28 13:00:00,22.2,359.64,,0.0,False,False,True,False
2023-06-28 14:00:00,23.9,359.64,,0.0,False,False,True,False
2023-06-28 15:00:00,24.63,359.64,,0.0,False,False,True,False
2023-06-28 16:00:00,27.2,359.64,,0.0,False,False,True,False
2023-06-28 17:00:00,26.1,359.64,,0.0,False,False,True,False
2023-06-28 18:00:00,27.2,359.64,,0.0,False,False,True,False
2023-06-28 19:00:00,26.1,97.2,,0.0,False,False,True,False
2023-06-28 20:00:00,26.7,108.0,,0.0,False,False,True,False
2023-06-28 21:00:00,26.1,100.8,,0.0,False,False,True,False
2023-06-28 22:00:00,26.1,100.8,,0.0,False,False,True,False
2023-06-28 23:00:00,25.0,104.4,,0.0,False,False,True,False
2023-06-29 00:00:00,25.0,108.0,,0.0,False,False,True,False
2023-06-29 01:00:00,23.9,359.64,,0.0,False,False,True,False
2023-06-29 02:00:00,22.8,359.64,,0.0,False,False,True,False
2023-06-29 03:00:00,22.2,359.64,,0.0,False,False,True,False
2023-06-29 04:00:00,21.1,233.82,,0.0,False,False,True,False
2023-06-29 05:00:00,20.6,104.4,,0.0,False,False,True,False
2023-06-29 06:00:00,19.4,359.64,,0.0,False,False,True,False
2023-06-29 07:00:00,18.9,97.2,,0.0,False,False,True,False
2023-06-29 08:00:00,18.3,104.4,,0.0,False,False,True,False
2023-06-29 09:00:00,18.9,359.64,9.66,0.0,False,False,True,False
2023-06-29 10:00:00,19.23,275.76,9.66,0.0,False,False,True,False
2023-06-29 11:00:00,20.6,359.64,9.66,0.0,False,False,True,False
2023-06-29 12:00:00,21.7,359.64,9.66,0.0,False,False,True,False
2023-06-29 13:00:00,22.8,21.6,,0.0,False,False,False,False
2023-06-29 14:00:00,24.4,359.64,,0.0,False,False,True,False
2023-06-29 15:00:00,26.1,115.2,,0.0,False,False,True,False
2023-06-29 16:00:00,26.1,359.64,,0.0,False,False,True,False
2023-06-29 17:00:00,26.7,359.64,9.66,0.0,False,False,True,False
2023-06-29 18:00:00,27.2,359.64,6.44,0.0,False,False,True,False
2023-06-29 19:00:00,27.2,359.64,6.44,0.0,False,False,True,False
2023-06-29 20:00:00,26.7,359.64,6.44,0.0,False,False,True,False
2023-06-29 21:00:00,27.2,359.64,6.44,0.0,False,False,True,False
2023-06-29 22:00:00,25.0,359.64,6.44,0.0,False,False,True,False
2023-06-29 23:00:00,24.4,359.64,6.44,0.0,False,False,True,False
2023-06-30 00:00:00,23.3,359.64,8.05,0.0,False,False,True,False
2023-06-30 01:00:00,23.3,359.64,8.05,0.0,False,False,True,False
2023-06-30 02:00:00,22.8,359.64,8.05,0.0,False,False,True,False
2023-06-30 03:00:00,22.2,359.64,6.44,0.0,False,False,True,False
2023-06-30 04:00:00,21.7,359.64,6.44,0.0,False,False,True,False
2023-06-30 05:00:00,21.1,359.64,6.44,0.0,False,False,True,False
2023-06-30 06:00:00,21.1,359.64,6.44,0.0,False,False,True,False
2023-06-30 07:00:00,21.7,359.64,6.44,0.0,False,False,True,False
2023-06-30 08:00:00,21.1,359.64,4.83,0.0,False,True,True,False
2023-06-30 09:00:00,21.1,359.64,4.02,0.0,False,True,True,False
2023-06-30 10:00:00,21.7,359.64,4.02,0.0,False,True,True,False
2023-06-30 11:00:00,22.8,359.64,4.83,0.0,False,True,True,False
2023-06-30 12:00:00,23.85,359.64,4.02,0.0,False,True,True,False
2023-06-30 13:00:00,25.6,359.64,4.02,0.0,False,True,True,False
2023-06-30 14:00:00,25.6,359.64,3.22,0.0,False,True,True,False
2023-06-30 15:00:00,27.2,359.64,4.02,0.0,False,True,True,False
2023-06-30 16:00:00,27.3,359.64,4.63,0.0,False,True,True,False
2023-06-30 17:00:00,28.3,359.64,4.83,0.0,False,True,True,False
2023-06-30 18:00:00,27.2,359.64,4.83,0.0,False,True,True,False
2023-06-30 19:00:00,28.3,359.64,4.02,0.0,False,True,True,False
2023-06-30 20:00:00,26.7,359.64,4.02,0.0,False,True,True,False
2023-06-30 21:00:00,26.4,359.64,4.83,0.0,False,True,True,False
2023-06-30 22:00:00,25.6,359.64,6.44,0.0,False,False,True,False
2023-06-30 23:00:00,24.4,359.64,8.05,0.0,False,False,True,False
2023-07-01 00:00:00,23.9,359.64,9.66,0.0,False,False,True,False
2023-07-01 01:00:00,23.3,359.64,9.66,0.0,False,False,True,False
2023-07-01 02:00:00,23.3,359.64,9.66,0.0,False,False,True,False
2023-07-01 03:00:00,22.8,82.8,9.66,0.0,False,False,True,False
2023-07-01 04:00:00,22.8,264.96,9.66,0.0,False,False,True,False
2023-07-01 05:00:00,22.2,359.64,9.66,0.0,False,False,True,False
2023-07-01 06:00:00,21.7,359.64,9.66,0.0,False,False,True,False
2023-07-01 07:00:00,21.1,79.2,9.66,0.0,False,False,True,False
2023-07-01 08:00:00,21.1,75.6,,0.0,False,False,True,False
2023-07-01 09:00:00,20.6,359.64,9.66,0.0,False,False,True,False
2023-07-01 10:00:00,21.1,359.64,9.66,0.0,False,False,True,False
2023-07-01 11:00:00,23.3,359.64,,0.0,False,False,True,False
2023-07-01 12:00:00,23.9,359.64,,0.0,False,False,True,False
2023-07-01 13:00:00,23.9,359.64,,0.0,False,False,True,False
2023-07-01 14:00:00,25.0,359.64,,0.0,False,False,True,False
2023-07-01 15:00:00,26.7,359.64,,0.0,False,False,True,False
2023-07-01 16:00:00,27.2,359.64,9.66,0.0,False,False,True,False
2023-07-01 17:00:00,27.8,359.64,8.05,0.0,False,False,True,False
2023-07-01 18:00:00,27.2,359.64,6.44,0.0,False,False,True,False
2023-07-01 19:00:00,26.1,359.64,6.44,0.0,False,False,True,False
2023-07-01 20:00:00,25.6,359.64,6.44,0.0,False,False,True,False
2023-07-01 21:00:00,25.0,50.4,6.44,0.0,False,False,True,False
2023-07-01 22:00:00,23.9,359.64,8.05,0.0,False,False,True,False
2023-07-01 23:00:00,23.3,359.64,8.05,0.0,False,False,True,False
2023-07-02 00:00:00,22.2,359.64,,0.0,False,False,True,False
2023-07-02 01:00:00,22.2,359.64,,0.0,False,False,True,False
2023-07-02 02:00:00,22.2,359.64,,0.0,False,False,True,False
2023-07-02 03:00:00,22.8,359.64,,0.0,False,False,True,False
2023-07-02 04:00:00,22.2,359.64,,0.0,False,False,True,False
2023-07-02 05:00:00,22.2,359.64,,0.0,False,False,True,False
2023-07-02 06:00:00,22.8,359.64,6.44,0.5,True,False,True,False
2023-07-02 07:00:00,21.7,359.64,6.97,1.0,True,False,True,False
2023-07-02 08:00:00,21.5,359.64,9.12,0.5,True,False,True,False
2023-07-02 09:00:00,21.5,359.64,9.12,0.0,False,False,True,False
2023-07-02 10:00:00,22.2,359.64,9.66,0.0,False,False,True,False
2023-07-02 11:00:00,22.5,359.64,9.66,1.0,True,False,True,False
2023-07-02 12:00:00,23.35,359.64,9.66,0.0,False,False,True,False
2023-07-02 13:00:00,25.0,359.64,8.85,0.0,False,False,True,False
2023-07-02 14:00:00,25.6,359.64,8.05,0.0,False,False,True,False
2023-07-02 15:00:00,26.7,90.0,9.66,0.0,False,False,True,False
2023-07-02 16:00:00,28.6,359.64,9.66,0.0,False,False,True,False
2023-07-02 17:00:00,29.4,359.64,,0.0,False,False,True,False
2023-07-02 18:00:00,28.9,359.64,,0.0,False,False,True,False
2023-07-02 19:00:00,28.3,359.64,8.05,0.0,False,False,True,False
2023-07-02 20:00:00,28.9,359.64,8.05,0.0,False,False,True,False
2023-07-02 21:00:00,26.1,359.64,,0.0,False,False,True,False
2023-07-02 22:00:00,25.2,214.02,1.01,4.1,True,True,True,False
2023-07-02 23:00:00,24.07,359.64,5.36,8.5,True,False,True,False
2023-07-03 00:00:00,23.9,359.64,8.05,0.0,False,False,True,False
2023-07-03 01:00:00,23.9,359.64,4.83,0.0,False,True,True,False
2023-07-03 02:00:00,23.9,216.72,2.31,14.6,True,True,True,False
2023-07-03 03:00:00,23.85,359.64,5.63,0.7,True,False,True,False
2023-07-03 04:00:00,22.9,359.64,2.92,36.1,True,True,True,False
2023-07-03 05:00:00,22.8,359.64,,10.2,True,False,True,False
2023-07-03 06:00:00,22.8,359.64,,0.0,False,False,True,False
2023-07-03 07:00:00,22.8,359.64,,0.0,False,False,True,False
2023-07-03 08:00:00,23.3,100.8,,0.0,False,False,True,False
2023-07-03 09:00:00,22.8,359.64,,0.0,False,False,True,False
2023-07-03 10:00:00,23.3,359.64,,0.0,False,False,True,False
2023-07-03 11:00:00,23.9,359.64,,14.2,True,False,True,False
2023-07-03 12:00:00,23.9,359.64,,0.3,True,False,True,False
2023-07-03 13:00:00,25.6,359.64,,0.0,False,False,True,False
2023-07-03 14:00:00,27.2,359.64,,0.3,True,False,True,False
2023-07-03 15:00:00,27.8,93.6,,0.0,False,False,True,False
2023-07-03 16:00:00,30.0,359.64,,0.0,False,False,True,False
2023-07-03 17:00:00,30.6,359.64,,0.3,True,False,True,False
2023-07-03 18:00:00,30.6,359.64,,0.0,False,False,True,False
2023-07-03 19:00:00,30.0,359.64,,0.0,False,False,True,False
2023-07-03 20:00:00,29.4,359.64,,0.0,False,False,True,False
2023-07-03 21:00:00,29.4,359.64,,0.0,False,False,True,False
2023-07-03 22:00:00,28.9,359.64,,0.0,False,False,True,False
2023-07-03 23:00:00,28.3,359.64,,0.0,False,False,True,False
2023-07-04 00:00:00,24.85,214.02,4.12,19.1,True,True,True,False
2023-07-04 01:00:00,25.0,126.0,,0.0,False,False,True,False
2023-07-04 02:00:00,23.9,115.2,,6.1,True,False,True,False
2023-07-04 03:00:00,23.9,359.64,,0.0,False,False,True,False
2023-07-04 04:00:00,23.15,359.64,1.61,16.5,True,True,True,False
2023-07-04 05:00:00,23.3,152.5,4.02,26.2,True,True,True,False
2023-07-04 06:00:00,23.2,359.64,4.29,0.0,False,True,True,False
2023-07-04 07:00:00,23.3,359.64,6.44,0.0,False,False,True,False
2023-07-04 08:00:00,23.3,359.64,9.66,0.0,False,False,True,False
2023-07-04 09:00:00,22.8,359.64,,0.0,False,False,True,False
2023-07-04 10:00:00,23.3,359.64,,0.0,False,False,True,False
2023-07-04 11:00:00,24.4,359.64,,11.4,True,False,True,False
2023-07-04 12:00:00,25.4,359.64,,0.0,False,False,True,False
2023-07-04 13:00:00,25.55,359.64,,0.0,False,False,True,False
2023-07-04 14:00:00,26.1,359.64,,0.0,False,False,True,False
2023-07-04 15:00:00,23.92,222.42,1.21,25.0,True,True,True,False
2023-07-04 16:00:00,24.42,359.64,5.23,0.0,False,False,True,False
2023-07-04 17:00:00,27.8,359.64,,16.0,True,False,True,False
2023-07-04 18:00:00,23.9,86.4,9.66,0.0,False,False,True,False
2023-07-04 19:00:00,24.4,359.64,,0.0,False,False,True,False
2023-07-04 20:00:00,25.6,359.64,,0.0,False,False,True,False
2023-07-04 21:00:00,25.6,359.64,,0.0,False,False,True,False
2023-07-04 22:00:00,25.6,359.64,,0.0,False,False,True,False
2023-07-04 23:00:00,26.1,359.64,,0.0,False,False,True,False
2023-07-05 00:00:00,25.6,10.8,,0.0,False,False,False,False
2023-07-05 01:00:00,25.0,359.64,,0.0,False,False,True,False
2023-07-05 02:00:00,24.4,359.64,4.83,0.0,False,True,True,False
2023-07-05 03:00:00,23.9,359.64,3.62,0.0,False,True,True,False
2023-07-05 04:00:00,23.93,359.64,2.95,16.0,True,True,True,False
2023-07-05 05:00:00,24.17,168.21,4.43,0.0,False,True,True,False
2023-07-05 06:00:00,23.4,273.36,3.22,0.0,False,True,True,False
2023-07-05 07:00:00,22.8,359.64,2.41,0.0,False,True,True,False
2023-07-05 08:00:00,22.85,359.64,3.52,0.0,False,True,True,False
2023-07-05 09:00:00,22.33,246.96,3.76,0.0,False,True,True,False
2023-07-05 10:00:00,23.05,359.64,6.44,0.0,False,False,True,False
2023-07-05 11:00:00,25.0,10.8,,16.0,True,False,False,False
2023-07-05 12:00:00,26.7,25.2,,0.0,False,False,True,False
2023-07-05 13:00:00,27.8,359.64,,0.0,False,False,True,False
2023-07-05 14:00:00,28.9,359.64,,0.0,False,False,True,False
2023-07-05 15:00:00,30.6,359.64,,0.0,False,False,True,False
2023-07-05 16:00:00,31.7,359.64,,0.0,False,False,True,False
2023-07-05 17:00:00,33.3,359.64,,0.0,False,False,True,False
2023-07-05 18:00:00,33.3,359.64,,0.0,False,False,True,False
2023-07-05 19:00:00,32.2,359.64,,0.0,False,False,True,False
2023-07-05 20:00:00,33.3,359.64,,0.0,False,False,True,False
2023-07-05 21:00:00,30.6,359.64,,0.0,False,False,True,False
2023-07-05 22:00:00,29.4,359.64,,0.0,False,False,True,False
2023-07-05 23:00:00,28.9,359.64,,0.0,False,False,True,False
2023-07-06 00:00:00,27.8,359.64,,0.0,False,False,True,False
2023-07-06 01:00:00,27.8,359.64,,0.0,False,False,True,False
2023-07-06 02:00:00,27.8,359.64,,0.0,False,False,True,False
2023-07-06 03:00:00,26.7,359.64,,0.0,False,False,True,False
2023-07-06 04:00:00,26.7,359.64,,0.0,False,False,True,False
2023-07-06 05:00:00,26.1,359.64,,0.0,False,False,True,False
2023-07-06 06:00:00,26.1,90.0,,0.0,False,False,True,False
2023-07-06 07:00:00,26.1,359.64,,0.0,False,False,True,False
2023-07-06 08:00:00,25.6,359.64,,0.0,False,False,True,False
2023-07-06 09:00:00,25.6,359.64,,0.0,False,False,True,False
2023-07-06 10:00:00,26.1,111.6,,0.0,False,False,True,False
2023-07-06 11:00:00,27.2,359.64,,0.0,False,False,True,False
2023-07-06 12:00:00,28.9,359.64,,0.0,False,False,True,False
2023-07-06 13:00:00,30.0,359.64,,0.0,False,False,True,False
2023-07-06 14:00:00,29.4,359.64,,0.0,False,False,True,False
2023-07-06 15:00:00,30.6,359.64,,0.0,False,False,True,False
2023-07-06 16:00:00,31.7,359.64,,0.0,False,False,True,False
2023-07-06 17:00:00,31.1,359.64,,0.0,False,False,True,False
2023-07-06 18:00:00,31.1,359.64,,0.0,False,False,True,False
2023-07-06 19:00:00,30.0,359.64,,0.0,False,False,True,False
2023-07-06 20:00:00,30.0,359.64,,0.0,False,False,True,False
2023-07-06 21:00:00,28.9,359.64,,0.0,False,False,True,False
2023-07-06 22:00:00,27.8,359.64,,0.0,False,False,True,False
2023-07-06 23:00:00,26.7,359.64,,0.0,False,False,True,False
2023-07-07 00:00:00,25.0,359.64,,0.0,False,False,True,False
2023-07-07 01:00:00,24.4,359.64,,0.0,False,False,True,False
2023-07-07 02:00:00,24.4,359.64,,0.0,False,False,True,False
2023-07-07 03:00:00,24.4,359.64,,0.0,False,False,True,False
2023-07-07 04:00:00,23.9,359.64,,0.0,False,False,True,False
2023-07-07 05:00:00,23.9,359.64,,0.0,False,False,True,False
2023-07-07 06:00:00,23.9,359.64,,0.0,False,False,True,False
2023-07-07 07:00:00,24.07,359.64,,0.0,False,False,True,False
2023-07-07 08:00:00,23.92,294.93,,0.0,False,False,True,False
2023-07-07 09:00:00,24.15,359.64,,0.0,False,False,True,False
2023-07-07 10:00:00,24.4,359.64,,0.0,False,False,True,False
2023-07-07 11:00:00,24.7,359.64,,0.0,False,False,True,False
2023-07-07 12:00:00,25.95,359.64,,0.0,False,False,True,False
2023-07-07 13:00:00,27.2,97.2,,0.0,False,False,True,False
2023-07-07 14:00:00,27.8,359.64,,0.0,False,False,True,False
2023-07-07 15:00:00,28.85,359.64,,0.0,False,False,True,False
2023-07-07 16:00:00,29.4,359.64,,0.0,False,False,True,False
2023-07-07 17:00:00,30.0,359.64,,0.0,False,False,True,False
2023-07-07 18:00:00,30.0,359.64,,0.0,False,False,True,False
2023-07-07 19:00:00,28.9,359.64,,0.0,False,False,True,False
2023-07-07 20:00:00,27.2,359.64,,0.0,False,False,True,False
2023-07-07 21:00:00,26.7,359.64,,0.0,False,False,True,False
2023-07-07 22:00:00,26.1,359.64,,0.0,False,False,True,False
2023-07-07 23:00:00,25.6,359.64,,0.0,False,False,True,False
2023-07-08 00:00:00,25.6,359.64,,0.0,False,False,True,False
2023-07-08 01:00:00,25.0,359.64,,0.0,False,False,True,False
2023-07-08 02:00:00,24.4,359.64,,0.0,False,False,True,False
2023-07-08 03:00:00,24.4,359.64,,0.0,False,False,True,False
2023-07-08 04:00:00,24.4,205.02,,0.0,False,False,True,False
2023-07-08 05:00:00,24.4,36.0,,0.0,False,False,True,False
2023-07-08 06:00:00,24.2,359.64,,0.0,False,False,True,False
2023-07-08 07:00:00,25.0,359.64,,0.0,False,False,True,False
2023-07-08 08:00:00,25.0,359.64,,0.0,False,False,True,False
2023-07-08 09:00:00,25.0,359.64,,0.0,False,False,True,False
2023-07-08 10:00:00,25.2,359.64,,0.0,False,False,True,False
2023-07-08 11:00:00,26.1,27.0,,0.0,False,False,True,False
2023-07-08 12:00:00,26.95,19.8,,0.0,False,False,False,False
2023-07-08 13:00:00,27.8,359.64,,0.0,False,False,True,False
2023-07-08 14:00:00,28.3,359.64,,0.0,False,False,True,False
2023-07-08 15:00:00,27.2,359.64,,0.0,False,False,True,False
2023-07-08 16:00:00,28.9,359.64,,0.0,False,False,True,False
2023-07-08 17:00:00,31.1,359.64,,0.0,False,False,True,False
2023-07-08 18:00:00,28.3,359.64,,0.0,False,False,True,False
2023-07-08 19:00:00,27.8,359.64,,0.0,False,False,True,False
2023-07-08 20:00:00,26.7,359.64,,0.0,False,False,True,False
2023-07-08 21:00:00,26.7,359.64,,0.0,False,False,True,False
2023-07-08 22:00:00,26.1,359.64,,0.0,False,False,True,False
2023-07-08 23:00:00,26.1,359.64,,0.0,False,False,True,False
2023-07-09 00:00:00,26.1,359.64,,0.0,False,False,True,False
2023-07-09 01:00:00,25.6,50.4,,0.0,False,False,True,False
2023-07-09 02:00:00,25.0,359.64,,0.0,False,False,True,False
2023-07-09 03:00:00,25.0,359.64,,0.0,False,False,True,False
2023-07-09 04:00:00,24.4,359.64,,0.0,False,False,True,False
2023-07-09 05:00:00,25.0,359.64,,0.0,False,False,True,False
2023-07-09 06:00:00,25.0,359.64,,0.0,False,False,True,False
2023-07-09 07:00:00,25.0,359.64,,0.0,False,False,True,False
2023-07-09 08:00:00,25.0,359.64,,0.0,False,False,True,False
2023-07-09 09:00:00,25.0,359.64,,0.0,False,False,True,False
2023-07-09 10:00:00,25.0,359.64,,0.0,False,False,True,False
2023-07-09 11:00:00,25.4,359.64,,0.0,False,False,True,False
2023-07-09 12:00:00,25.9,359.64,,0.0,False,False,True,False
2023-07-09 13:00:00,26.5,359.64,,0.0,False,False,True,False
2023-07-09 14:00:00,26.4,359.64,,0.0,False,False,True,False
2023-07-09 15:00:00,26.7,359.64,,0.0,False,False,True,False
2023-07-09 16:00:00,26.1,359.64,,0.0,False,False,True,False
2023-07-09 17:00:00,27.2,359.64,,0.0,False,False,True,False
2023-07-09 18:00:00,26.1,359.64,,0.0,False,False,True,False
2023-07-09 19:00:00,25.85,359.64,2.01,1.3,True,True,True,False
2023-07-09 20:00:00,23.9,359.64,4.02,3.7,True,True,True,False
2023-07-09 21:00:00,25.0,197.82,,0.0,False,False,True,False
2023-07-09 22:00:00,24.2,294.19,3.49,3.9,True,True,True,False
2023-07-09 23:00:00,22.46,313.92,5.23,15.6,True,False,True,False
2023-07-10 00:00:00,22.9,359.64,3.42,2.3,True,True,True,False
2023-07-10 01:00:00,22.8,359.64,3.82,50.9,True,True,True,False
2023-07-10 02:00:00,23.17,141.48,5.23,23.8,True,False,True,False
2023-07-10 03:00:00,23.71,359.64,9.45,1.2,True,False,True,False
2023-07-10 04:00:00,23.3,359.64,9.66,24.9,True,False,True,False
2023-07-10 05:00:00,23.15,359.64,6.44,19.3,True,False,True,False
2023-07-10 06:00:00,23.03,359.64,,0.0,False,False,True,False
2023-07-10 07:00:00,22.6,359.64,,0.0,False,False,True,False
2023-07-10 08:00:00,22.2,104.4,,0.0,False,False,True,False
2023-07-10 09:00:00,22.2,166.41,,0.0,False,False,True,False
2023-07-10 10:00:00,22.2,295.83,,0.0,False,False,True,False
2023-07-10 11:00:00,21.97,280.56,,24.9,True,False,True,False
2023-07-10 12:00:00,22.87,275.76,,0.0,False,False,True,False
2023-07-10 13:00:00,23.9,359.64,,0.0,False,False,True,False
2023-07-10 14:00:00,24.4,359.64,,0.0,False,False,True,False
2023-07-10 15:00:00,25.0,233.82,,0.0,False,False,True,False
2023-07-10 16:00:00,26.7,359.64,,0.0,False,False,True,False
2023-07-10 17:00:00,25.6,359.64,,0.0,False,False,True,False
2023-07-10 18:00:00,26.7,359.64,,0.0,False,False,True,False
2023-07-10 19:00:00,27.2,359.64,,0.0,False,False,True,False
2023-07-10 20:00:00,28.3,359.64,,0.0,False,False,True,False
2023-07-10 21:00:00,28.3,108.0,,0.0,False,False,True,False
2023-07-10 22:00:00,28.3,359.64,,0.0,False,False,True,False
2023-07-10 23:00:00,28.3,359.64,,0.0,False,False,True,False
2023-07-11 00:00:00,26.7,359.64,,0.0,False,False,True,False
2023-07-11 01:00:00,25.6,359.64,,0.0,False,False,True,False
2023-07-11 02:00:00,23.9,104.4,,0.0,False,False,True,False
2023-07-11 03:00:00,23.9,359.64,,0.0,False,False,True,False
2023-07-11 04:00:00,22.8,359.64,,0.0,False,False,True,False
2023-07-11 05:00:00,22.2,359.64,,0.0,False,False,True,False
2023-07-11 06:00:00,22.2,359.64,,0.0,False,False,True,False
2023-07-11 07:00:00,21.1,97.2,,0.0,False,False,True,False
2023-07-11 08:00:00,21.1,359.64,,0.0,False,False,True,False
2023-07-11 09:00:00,20.6,104.4,,0.0,False,False,True,False
2023-07-11 10:00:00,21.1,359.64,,0.0,False,False,True,False
2023-07-11 11:00:00,22.2,359.64,,0.0,False,False,True,False
2023-07-11 12:00:00,23.3,104.4,,0.0,False,False,True,False
2023-07-11 13:00:00,24.4,359.64,,0.0,False,False,True,False
2023-07-11 14:00:00,26.7,104.4,,0.0,False,False,True,False
2023-07-11 15:00:00,28.3,100.8,,0.0,False,False,True,False
2023-07-11 16:00:00,30.0,359.64,,0.0,False,False,True,False
2023-07-11 17:00:00,31.1,359.64,,0.0,False,False,True,False
2023-07-11 18:00:00,30.6,359.64,,0.0,False,False,True,False
2023-07-11 19:00:00,30.6,359.64,,0.0,False,False,True,False
2023-07-11 20:00:00,29.4,359.64,,0.0,False,False,True,False
2023-07-11 21:00:00,29.4,359.64,,0.0,False,False,True,False
2023-07-11 22:00:00,29.4,359.64,,0.0,False,False,True,False
2023-07-11 23:00:00,28.9,359.64,,0.0,False,False,True,False
2023-07-12 00:00:00,27.8,359.64,,0.0,False,False,True,False
2023-07-12 01:00:00,27.2,359.64,,0.0,False,False,True,False
2023-07-12 02:00:00,27.2,359.64,,0.0,False,False,True,False
2023-07-12 03:00:00,26.7,82.8,,0.0,False,False,True,False
2023-07-12 04:00:00,26.1,359.64,,0.0,False,False,True,False
2023-07-12 05:00:00,25.6,90.0,,0.0,False,False,True,False
2023-07-12 06:00:00,25.6,86.4,,0.0,False,False,True,False
2023-07-12 07:00:00,25.0,359.64,,0.0,False,False,True,False
2023-07-12 08:00:00,25.0,359.64,,0.0,False,False,True,False
2023-07-12 09:00:00,24.4,97.2,,0.0,False,False,True,False
2023-07-12 10:00:00,24.4,359.64,,0.0,False,False,True,False
2023-07-12 11:00:00,25.0,104.4,,0.0,False,False,True,False
2023-07-12 12:00:00,26.1,359.64,,0.0,False,False,True,False
2023-07-12 13:00:00,27.8,108.0,,0.0,False,False,True,False
2023-07-12 14:00:00,29.4,359.64,,0.0,False,False,True,False
2023-07-12 15:00:00,30.6,359.64,,0.0,False,False,True,False
2023-07-12 16:00:00,31.7,86.4,,0.0,False,False,True,False
2023-07-12 17:00:00,31.7,359.64,,0.0,False,False,True,False
2023-07-12 18:00:00,31.7,359.64,,0.0,False,False,True,False
2023-07-12 19:00:00,31.7,359.64,,0.0,False,False,True,False
2023-07-12 20:00:00,31.1,359.64,,0.0,False,False,True,False
2023-07-12 21:00:00,31.1,359.64,,0.0,False,False,True,False
2023-07-12 22:00:00,29.4,359.64,,0.0,False,False,True,False
2023-07-12 23:00:00,30.0,97.2,,0.0,False,False,True,False
2023-07-13 00:00:00,29.4,359.64,,0.0,False,False,True,False
2023-07-13 01:00:00,28.9,359.64,,0.0,False,False,True,False
2023-07-13 02:00:00,28.3,86.4,,0.0,False,False,True,False
2023-07-13 03:00:00,28.3,359.64,,0.0,False,False,True,False
2023-07-13 04:00:00,26.7,224.82,,0.0,False,False,True,False
2023-07-13 05:00:00,26.7,79.2,,0.0,False,False,True,False
2023-07-13 06:00:00,26.1,86.4,,0.0,False,False,True,False
2023-07-13 07:00:00,26.1,359.64,,0.0,False,False,True,False
2023-07-13 08:00:00,25.0,359.64,,0.0,False,False,True,False
2023-07-13 09:00:00,25.0,82.8,,0.0,False,False,True,False
2023-07-13 10:00:00,25.6,82.8,,0.0,False,False,True,False
2023-07-13 11:00:00,26.7,75.6,,0.0,False,False,True,False
2023-07-13 12:00:00,27.2,359.64,,0.0,False,False,True,False
2023-07-13 13:00:00,27.8,359.64,,0.0,False,False,True,False
2023-07-13 14:00:00,28.3,359.64,,0.0,False,False,True,False
2023-07-13 15:00:00,30.6,359.64,,0.0,False,False,True,False
2023-07-13 16:00:00,28.9,359.64,,0.0,False,False,True,False
2023-07-13 17:00:00,31.1,359.64,,0.0,False,False,True,False
2023-07-13 18:00:00,30.0,359.64,,0.0,False,False,True,False
2023-07-13 19:00:00,29.4,359.64,,0.0,False,False,True,False
2023-07-13 20:00:00,29.4,359.64,,0.0,False,False,True,False
2023-07-13 21:00:00,28.9,359.64,,0.0,False,False,True,False
2023-07-13 22:00:00,28.9,359.64,,0.0,False,False,True,False
2023-07-13 23:00:00,29.4,359.64,,0.0,False,False,True,False
2023-07-14 00:00:00,28.3,359.64,,0.0,False,False,True,False
2023-07-14 01:00:00,28.3,359.64,,0.0,False,False,True,False
2023-07-14 02:00:00,28.3,359.64,,0.0,False,False,True,False
2023-07-14 03:00:00,27.2,359.64,,0.0,False,False,True,False
2023-07-14 04:00:00,27.2,359.64,,0.0,False,False,True,False
2023-07-14 05:00:00,26.95,359.64,,0.0,False,False,True,False
2023-07-14 06:00:00,25.0,188.82,,0.0,False,False,True,False
2023-07-14 07:00:00,24.47,245.76,,0.0,False,False,True,False
2023-07-14 08:00:00,23.9,359.64,,0.0,False,False,True,False
2023-07-14 09:00:00,23.3,359.64,,0.0,False,False,True,False
2023-07-14 10:00:00,24.1,136.68,,0.0,False,False,True,False
2023-07-14 11:00:00,23.25,232.92,2.68,5.5,True,True,True,False
2023-07-14 12:00:00,21.87,245.76,5.63,13.1,True,False,True,False
2023-07-14 13:00:00,23.3,28.8,,0.0,False,False,True,False
2023-07-14 14:00:00,23.45,107.01,,5.6,True,False,True,False
2023-07-14 15:00:00,25.6,196.02,,0.0,False,False,True,False
2023-07-14 16:00:00,28.3,359.64,,0.0,False,False,True,False
2023-07-14 17:00:00,27.9,359.64,,5.6,True,False,True,False
2023-07-14 18:00:00,27.8,28.8,,0.0,False,False,True,False
2023-07-14 19:00:00,28.3,359.64,,0.0,False,False,True,False
2023-07-14 20:00:00,27.8,25.2,,0.0,False,False,True,False
2023-07-14 21:00:00,27.2,359.64,,0.0,False,False,True,False
2023-07-14 22:00:00,26.1,54.0,,0.0,False,False,True,False
2023-07-14 23:00:00,25.6,359.64,,0.0,False,False,True,False
2023-07-15 00:00:00,25.6,359.64,,0.0,False,False,True,False
2023-07-15 01:00:00,24.4,359.64,,0.0,False,False,True,False
2023-07-15 02:00:00,23.9,97.2,,0.0,False,False,True,False
2023-07-15 03:00:00,22.42,308.59,4.18,22.9,True,True,True,False
2023-07-15 04:00:00,22.2,359.64,,12.2,True,False,True,False
2023-07-15 05:00:00,22.2,359.64,,6.1,True,False,True,False
2023-07-15 06:00:00,22.2,359.64,8.05,0.0,False,False,True,False
2023-07-15 07:00:00,22.2,7.2,9.66,0.0,False,False,False,False
2023-07-15 08:00:00,22.8,359.64,8.05,0.0,False,False,True,False
2023-07-15 09:00:00,22.2,25.2,4.02,0.0,False,True,True,False
2023-07-15 10:00:00,22.15,23.4,4.43,0.0,False,True,False,False
2023-07-15 11:00:00,23.3,18.0,9.66,11.7,True,False,False,False
2023-07-15 12:00:00,25.6,359.64,,0.0,False,False,True,False
2023-07-15 13:00:00,26.1,359.64,,0.0,False,False,True,False
2023-07-15 14:00:00,27.67,275.76,,0.0,False,False,True,False
2023-07-15 15:00:00,28.3,359.64,,0.0,False,False,True,False
2023-07-15 16:00:00,29.4,359.64,,0.0,False,False,True,False
2023-07-15 17:00:00,30.6,359.64,,0.0,False,False,True,False
2023-07-15 18:00:00,28.9,359.64,,0.0,False,False,True,False
2023-07-15 19:00:00,28.9,46.8,,0.0,False,False,True,False
2023-07-15 20:00:00,28.3,359.64,,0.0,False,False,True,False
2023-07-15 21:00:00,26.7,359.64,,0.0,False,False,True,False
2023-07-15 22:00:00,26.85,242.82,,0.0,False,False,True,False
2023-07-15 23:00:00,25.93,359.64,6.17,1.7,True,False,True,False
2023-07-16 00:00:00,25.0,359.64,7.24,0.8,True,False,True,False
2023-07-16 01:00:00,25.0,359.64,8.85,0.0,False,False,True,False
2023-07-16 02:00:00,25.6,359.64,8.05,0.5,True,False,True,False
2023-07-16 03:00:00,25.6,359.64,9.66,0.0,False,False,True,False
2023-07-16 04:00:00,25.6,359.64,,1.0,True,False,True,False
2023-07-16 05:00:00,25.8,359.64,,0.5,True,False,True,False
2023-07-16 06:00:00,25.6,359.64,,0.0,False,False,True,False
2023-07-16 07:00:00,25.8,359.64,,0.0,False,False,True,False
2023-07-16 08:00:00,25.8,359.64,,0.0,False,False,True,False
2023-07-16 09:00:00,25.6,359.64,,0.0,False,False,True,False
2023-07-16 10:00:00,25.0,359.64,4.56,5.2,True,True,True,False
2023-07-16 11:00:00,24.4,261.36,4.83,5.0,True,True,True,False
2023-07-16 12:00:00,24.4,245.3,3.42,4.2,True,True,True,False
2023-07-16 13:00:00,24.32,302.11,5.07,14.3,True,False,True,False
2023-07-16 14:00:00,24.07,359.64,3.52,10.7,True,True,True,False
2023-07-16 15:00:00,24.76,247.46,6.52,40.2,True,False,True,False
2023-07-16 16:00:00,24.1,359.64,1.27,40.0,True,True,True,False
2023-07-16 17:00:00,24.43,359.64,4.83,36.5,True,True,True,False
2023-07-16 18:00:00,25.6,359.64,,0.0,False,False,True,False
2023-07-16 19:00:00,25.6,359.64,,0.0,False,False,True,False
2023-07-16 20:00:00,25.0,359.64,,0.0,False,False,True,False
2023-07-16 21:00:00,25.0,359.64,,0.0,False,False,True,False
2023-07-16 22:00:00,24.8,359.64,,0.0,False,False,True,False
2023-07-16 23:00:00,25.0,86.4,,0.0,False,False,True,False
2023-07-17 00:00:00,25.0,82.8,,0.0,False,False,True,False
2023-07-17 01:00:00,25.0,75.6,,0.0,False,False,True,False
2023-07-17 02:00:00,25.0,359.64,,0.0,False,False,True,False
2023-07-17 03:00:00,24.4,359.64,,0.0,False,False,True,False
2023-07-17 04:00:00,24.4,268.56,,33.5,True,False,True,False
2023-07-17 05:00:00,24.4,359.64,,0.0,False,False,True,False
2023-07-17 06:00:00,23.9,359.64,,0.0,False,False,True,False
2023-07-17 07:00:00,23.9,223.02,,0.0,False,False,True,False
2023-07-17 08:00:00,23.9,359.64,,0.0,False,False,True,False
2023-07-17 09:00:00,23.3,228.42,9.66,0.0,False,False,True,False
2023-07-17 10:00:00,23.6,359.64,,0.0,False,False,True,False
2023-07-17 11:00:00,24.4,359.64,,31.5,True,False,True,False
2023-07-17 12:00:00,25.53,130.68,,0.0,False,False,True,False
2023-07-17 13:00:00,26.7,359.64,,0.0,False,False,True,False
2023-07-17 14:00:00,27.8,21.6,9.66,0.0,False,False,False,False
2023-07-17 15:00:00,29.4,90.0,,0.0,False,False,True,False
2023-07-17 16:00:00,30.6,359.64,,0.0,False,False,True,False
2023-07-17 17:00:00,31.1,359.64,,0.0,False,False,True,False
2023-07-17 18:00:00,30.6,359.64,8.05,0.0,False,False,True,False
2023-07-17 19:00:00,30.6,359.64,8.05,0.0,False,False,True,False
2023-07-17 20:00:00,29.4,82.8,8.05,0.0,False,False,True,False
2023-07-17 21:00:00,29.4,359.64,8.05,0.0,False,False,True,False
2023-07-17 22:00:00,28.3,359.64,,0.0,False,False,True,False
2023-07-17 23:00:00,26.7,359.64,,0.0,False,False,True,False
2023-07-18 00:00:00,26.7,359.64,,0.0,False,False,True,False
2023-07-18 01:00:00,26.7,359.64,,0.0,False,False,True,False
2023-07-18 02:00:00,26.7,359.64,,0.0,False,False,True,False
2023-07-18 03:00:00,26.7,359.64,,0.0,False,False,True,False
2023-07-18 04:00:00,26.7,221.22,,0.0,False,False,True,False
2023-07-18 05:00:00,26.1,359.64,,0.0,False,False,True,False
2023-07-18 06:00:00,25.0,359.64,,0.0,False,False,True,False
2023-07-18 07:00:00,25.0,359.64,,0.0,False,False,True,False
2023-07-18 08:00:00,25.0,359.64,,0.0,False,False,True,False
2023-07-18 09:00:00,24.4,359.64,,0.0,False,False,True,False
2023-07-18 10:00:00,25.6,359.64,9.66,0.0,False,False,True,False
2023-07-18 11:00:00,26.1,359.64,,0.0,False,False,True,False
2023-07-18 12:00:00,26.7,359.64,9.66,0.0,False,False,True,False
2023-07-18 13:00:00,27.8,46.8,9.66,0.0,False,False,True,False
2023-07-18 14:00:00,28.3,359.64,,0.0,False,False,True,False
2023-07-18 15:00:00,27.8,359.64,,0.0,False,False,True,False
2023-07-18 16:00:00,23.92,304.27,2.98,16.1,True,True,True,False
2023-07-18 17:00:00,23.38,229.46,4.02,6.2,True,True,True,False
2023-07-18 18:00:00,23.6,359.64,6.44,0.0,False,False,True,False
2023-07-18 19:00:00,24.4,359.64,,0.3,True,False,True,False
2023-07-18 20:00:00,24.4,359.64,,0.3,True,False,True,False
2023-07-18 21:00:00,26.1,359.64,,0.0,False,False,True,False
2023-07-18 22:00:00,26.1,359.64,,0.0,False,False,True,False
2023-07-18 23:00:00,25.6,359.64,,0.3,True,False,True,False
2023-07-19 00:00:00,25.6,359.64,,0.0,False,False,True,False
2023-07-19 01:00:00,25.0,359.64,,0.0,False,False,True,False
2023-07-19 02:00:00,25.0,359.64,,0.0,False,False,True,False
2023-07-19 03:00:00,24.4,359.64,,0.0,False,False,True,False
2023-07-19 04:00:00,25.0,359.64,9.66,5.6,True,False,True,False
2023-07-19 05:00:00,24.4,100.8,9.66,0.0,False,False,True,False
2023-07-19 06:00:00,23.9,359.64,9.66,0.0,False,False,True,False
2023-07-19 07:00:00,22.8,359.64,9.66,0.0,False,False,True,False
2023-07-19 08:00:00,22.8,100.8,8.05,0.0,False,False,True,False
2023-07-19 09:00:00,22.8,359.64,8.05,0.0,False,False,True,False
2023-07-19 10:00:00,23.3,359.64,8.05,0.0,False,False,True,False
2023-07-19 11:00:00,22.8,359.64,6.44,5.6,True,False,True,False
2023-07-19 12:00:00,23.9,359.64,6.44,0.0,False,False,True,False
2023-07-19 13:00:00,24.4,43.2,8.05,0.0,False,False,True,False
2023-07-19 14:00:00,23.9,359.64,8.05,0.0,False,False,True,False
2023-07-19 15:00:00,24.4,21.6,9.66,0.0,False,False,False,False
2023-07-19 16:00:00,22.8,359.64,6.44,0.0,False,False,True,False
2023-07-19 17:00:00,24.4,359.64,8.05,0.0,False,False,True,False
2023-07-19 18:00:00,23.6,359.64,8.85,0.0,False,False,True,False
2023-07-19 19:00:00,25.8,224.82,9.66,0.0,False,False,True,False
2023-07-19 20:00:00,26.1,90.0,9.66,0.0,False,False,True,False
2023-07-19 21:00:00,26.1,359.64,9.66,0.0,False,False,True,False
2023-07-19 22:00:00,26.1,359.64,9.66,0.0,False,False,True,False
2023-07-19 23:00:00,25.0,359.64,8.58,0.0,False,False,True,False
2023-07-20 00:00:00,24.4,359.64,9.66,0.0,False,False,True,False
2023-07-20 01:00:00,23.9,359.64,9.66,0.0,False,False,True,False
2023-07-20 02:00:00,23.3,359.64,8.05,0.0,False,False,True,False
2023-07-20 03:00:00,23.3,359.64,8.05,0.0,False,False,True,False
2023-07-20 04:00:00,23.3,359.64,8.05,0.0,False,False,True,False
2023-07-20 05:00:00,22.8,97.2,6.44,0.0,False,False,True,False
2023-07-20 06:00:00,22.8,359.64,6.44,0.0,False,False,True,False
2023-07-20 07:00:00,22.8,359.64,4.83,0.0,False,True,True,False
2023-07-20 08:00:00,22.9,359.64,4.02,0.0,False,True,True,False
2023-07-20 09:00:00,22.7,184.32,4.63,0.0,False,True,True,False
2023-07-20 10:00:00,22.4,282.96,3.35,0.0,False,True,True,False
2023-07-20 11:00:00,23.6,359.64,4.83,0.0,False,True,True,False
2023-07-20 12:00:00,25.0,359.64,9.66,0.0,False,False,True,False
2023-07-20 13:00:00,26.1,21.6,,0.0,False,False,False,False
2023-07-20 14:00:00,26.7,359.64,,0.0,False,False,True,False
2023-07-20 15:00:00,28.9,359.64,,0.0,False,False,True,False
2023-07-20 16:00:00,29.4,18.0,,0.0,False,False,False,False
2023-07-20 17:00:00,30.0,18.0,,0.0,False,False,False,False
2023-07-20 18:00:00,27.8,359.64,,0.0,False,False,True,False
2023-07-20 19:00:00,27.2,359.64,,0.0,False,False,True,False
2023-07-20 20:00:00,27.2,359.64,,0.0,False,False,True,False
2023-07-20 21:00:00,26.7,359.64,,0.0,False,False,True,False
2023-07-20 22:00:00,26.7,359.64,,0.0,False,False,True,False
2023-07-20 23:00:00,25.6,359.64,,0.0,False,False,True,False
2023-07-21 00:00:00,25.0,359.64,,0.0,False,False,True,False
2023-07-21 01:00:00,25.0,359.64,,0.0,False,False,True,False
2023-07-21 02:00:00,24.4,359.64,,0.0,False,False,True,False
2023-07-21 03:00:00,24.4,359.64,,0.0,False,False,True,False
2023-07-21 04:00:00,23.3,359.64,,0.0,False,False,True,False
2023-07-21 05:00:00,23.3,359.64,,0.0,False,False,True,False
2023-07-21 06:00:00,23.3,359.64,,0.0,False,False,True,False
2023-07-21 07:00:00,23.9,359.64,,0.0,False,False,True,False
2023-07-21 08:00:00,23.6,359.64,,0.0,False,False,True,False
2023-07-21 09:00:00,23.9,359.64,,0.0,False,False,True,False
2023-07-21 10:00:00,23.1,359.64,3.14,14.0,True,True,True,False
2023-07-21 11:00:00,22.9,359.64,3.22,7.2,True,True,True,False
2023-07-21 12:00:00,22.18,290.43,6.17,0.7,True,False,True,False
2023-07-21 13:00:00,23.3,359.64,,0.0,False,False,True,False
2023-07-21 14:00:00,25.0,97.2,,0.3,True,False,True,False
2023-07-21 15:00:00,26.7,100.8,,0.0,False,False,True,False
2023-07-21 16:00:00,26.1,359.64,,0.0,False,False,True,False
2023-07-21 17:00:00,27.8,359.64,,0.3,True,False,True,False
2023-07-21 18:00:00,28.9,90.0,,0.0,False,False,True,False
2023-07-21 19:00:00,28.3,104.4,,0.0,False,False,True,False
2023-07-21 20:00:00,28.3,359.64,,0.0,False,False,True,False
2023-07-21 21:00:00,27.8,359.64,,0.0,False,False,True,False
2023-07-21 22:00:00,27.8,359.64,,0.0,False,False,True,False
2023-07-21 23:00:00,26.1,359.64,,0.0,False,False,True,False
2023-07-22 00:00:00,26.1,359.64,,0.0,False,False,True,False
2023-07-22 01:00:00,26.1,359.64,,0.0,False,False,True,False
2023-07-22 02:00:00,25.6,359.64,,0.0,False,False,True,False
2023-07-22 03:00:00,25.0,359.64,,0.0,False,False,True,False
2023-07-22 04:00:00,24.4,233.82,,3.8,True,False,True,False
2023-07-22 05:00:00,23.3,359.64,,0.0,False,False,True,False
2023-07-22 06:00:00,22.8,359.64,,0.0,False,False,True,False
2023-07-22 07:00:00,22.2,359.64,,0.0,False,False,True,False
2023-07-22 08:00:00,21.7,104.4,,0.0,False,False,True,False
2023-07-22 09:00:00,21.1,359.64,,0.0,False,False,True,False
2023-07-22 10:00:00,21.1,359.64,,0.0,False,False,True,False
2023-07-22 11:00:00,21.7,359.64,,0.3,True,False,True,False
2023-07-22 12:00:00,22.8,359.64,,0.0,False,False,True,False
2023-07-22 13:00:00,23.3,359.64,,0.0,False,False,True,False
2023-07-22 14:00:00,23.9,359.64,,0.0,False,False,True,False
2023-07-22 15:00:00,26.7,359.64,,0.0,False,False,True,False
2023-07-22 16:00:00,27.8,359.64,,0.0,False,False,True,False
2023-07-22 17:00:00,28.3,359.64,,0.0,False,False,True,False
2023-07-22 18:00:00,27.8,359.64,,0.0,False,False,True,False
2023-07-22 19:00:00,27.8,359.64,,0.0,False,False,True,False
2023-07-22 20:00:00,27.8,108.0,,0.0,False,False,True,False
2023-07-22 21:00:00,27.8,359.64,,0.0,False,False,True,False
2023-07-22 22:00:00,27.8,359.64,,0.0,False,False,True,False
2023-07-22 23:00:00,27.8,359.64,,0.0,False,False,True,False
2023-07-23 00:00:00,25.0,359.64,,0.0,False,False,True,False
2023-07-23 01:00:00,25.0,359.64,,0.0,False,False,True,False
2023-07-23 02:00:00,25.0,359.64,,0.0,False,False,True,False
2023-07-23 03:00:00,23.9,359.64,,0.0,False,False,True,False
2023-07-23 04:00:00,23.9,233.82,,0.0,False,False,True,False
2023-07-23 05:00:00,22.2,359.64,,0.0,False,False,True,False
2023-07-23 06:00:00,22.2,108.0,,0.0,False,False,True,False
2023-07-23 07:00:00,21.1,359.64,,0.0,False,False,True,False
2023-07-23 08:00:00,20.6,359.64,,0.0,False,False,True,False
2023-07-23 09:00:00,21.1,359.64,,0.0,False,False,True,False
2023-07-23 10:00:00,21.7,359.64,,0.0,False,False,True,False
2023-07-23 11:00:00,22.8,359.64,,0.0,False,False,True,False
2023-07-23 12:00:00,24.4,359.64,,0.0,False,False,True,False
2023-07-23 13:00:00,25.0,359.64,,0.0,False,False,True,False
2023-07-23 14:00:00,26.7,359.64,,0.0,False,False,True,False
2023-07-23 15:00:00,28.3,359.64,,0.0,False,False,True,False
2023-07-23 16:00:00,30.0,359.64,,0.0,False,False,True,False
2023-07-23 17:00:00,29.4,359.64,,0.0,False,False,True,False
2023-07-23 18:00:00,28.9,359.64,,0.0,False,False,True,False
2023-07-23 19:00:00,28.3,359.64,,0.0,False,False,True,False
2023-07-23 20:00:00,28.3,359.64,,0.0,False,False,True,False
2023-07-23 21:00:00,27.2,359.64,,0.0,False,False,True,False
2023-07-23 22:00:00,26.7,359.64,,0.0,False,False,True,False
2023-07-23 23:00:00,26.7,359.64,,0.0,False,False,True,False
2023-07-24 00:00:00,25.6,359.64,,0.0,False,False,True,False
2023-07-24 01:00:00,25.6,359.64,,0.0,False,False,True,False
2023-07-24 02:00:00,25.6,359.64,,0.0,False,False,True,False
2023-07-24 03:00:00,25.0,359.64,,0.0,False,False,True,False
2023-07-24 04:00:00,25.0,359.64,,0.0,False,False,True,False
2023-07-24 05:00:00,24.4,82.8,,0.0,False,False,True,False
2023-07-24 06:00:00,24.4,359.64,,0.0,False,False,True,False
2023-07-24 07:00:00,23.9,359.64,,0.0,False,False,True,False
2023-07-24 08:00:00,23.9,359.64,,0.0,False,False,True,False
2023-07-24 09:00:00,23.9,359.64,,0.0,False,False,True,False
2023-07-24 10:00:00,23.9,359.64,,0.0,False,False,True,False
2023-07-24 11:00:00,24.4,79.2,,0.0,False,False,True,False
2023-07-24 12:00:00,25.0,359.64,,0.0,False,False,True,False
2023-07-24 13:00:00,25.6,359.64,,0.0,False,False,True,False
2023-07-24 14:00:00,25.6,359.64,,0.0,False,False,True,False
2023-07-24 15:00:00,27.2,359.64,,0.0,False,False,True,False
2023-07-24 16:00:00,28.9,82.8,,0.0,False,False,True,False
2023-07-24 17:00:00,29.4,86.4,,0.0,False,False,True,False
2023-07-24 18:00:00,29.4,359.64,,0.0,False,False,True,False
2023-07-24 19:00:00,28.3,359.64,,0.0,False,False,True,False
2023-07-24 20:00:00,27.8,359.64,,0.0,False,False,True,False
2023-07-24 21:00:00,27.2,359.64,,0.0,False,False,True,False
2023-07-24 22:00:00,26.1,359.64,,0.0,False,False,True,False
2023-07-24 23:00:00,25.6,359.64,,0.0,False,False,True,False
2023-07-25 00:00:00,25.0,359.64,,0.0,False,False,True,False
2023-07-25 01:00:00,25.0,359.64,,0.0,False,False,True,False
2023-07-25 02:00:00,25.0,359.64,,0.0,False,False,True,False
2023-07-25 03:00:00,24.4,359.64,,0.0,False,False,True,False
2023-07-25 04:00:00,24.4,219.42,,0.0,False,False,True,False
2023-07-25 05:00:00,24.4,359.64,,0.0,False,False,True,False
2023-07-25 06:00:00,23.9,359.64,,0.0,False,False,True,False
2023-07-25 07:00:00,23.9,75.6,,0.0,False,False,True,False
2023-07-25 08:00:00,23.9,359.64,,0.0,False,False,True,False
2023-07-25 09:00:00,23.3,359.64,,0.0,False,False,True,False
2023-07-25 10:00:00,23.9,359.64,,0.0,False,False,True,False
2023-07-25 11:00:00,23.9,100.8,,0.0,False,False,True,False
2023-07-25 12:00:00,26.1,359.64,,0.0,False,False,True,False
2023-07-25 13:00:00,26.7,359.64,,0.0,False,False,True,False
2023-07-25 14:00:00,27.8,359.64,,0.0,False,False,True,False
2023-07-25 15:00:00,28.3,359.64,,0.0,False,False,True,False
2023-07-25 16:00:00,28.9,359.64,,0.0,False,False,True,False
2023-07-25 17:00:00,29.4,359.64,,0.0,False,False,True,False
2023-07-25 18:00:00,26.7,72.0,,0.0,False,False,True,False
2023-07-25 19:00:00,22.18,161.91,2.31,7.5,True,True,True,False
2023-07-25 20:00:00,20.9,294.19,4.35,24.9,True,True,True,False
2023-07-25 21:00:00,21.1,251.76,4.83,1.5,True,True,True,False
2023-07-25 22:00:00,21.7,359.64,4.83,0.0,False,True,True,False
2023-07-25 23:00:00,20.6,359.64,,0.0,False,False,True,False
2023-07-26 00:00:00,21.1,359.64,,0.0,False,False,True,False
2023-07-26 01:00:00,20.77,242.16,,0.0,False,False,True,False
2023-07-26 02:00:00,20.6,359.64,,0.0,False,False,True,False
2023-07-26 03:00:00,20.6,359.64,,0.0,False,False,True,False
2023-07-26 04:00:00,20.6,359.64,,7.1,True,False,True,False
2023-07-26 05:00:00,20.6,359.64,,0.0,False,False,True,False
2023-07-26 06:00:00,20.0,359.64,,0.0,False,False,True,False
2023-07-26 07:00:00,20.6,359.64,,0.0,False,False,True,False
2023-07-26 08:00:00,20.0,359.64,,0.0,False,False,True,False
2023-07-26 09:00:00,20.0,359.64,,0.0,False,False,True,False
2023-07-26 10:00:00,20.6,359.64,,0.0,False,False,True,False
2023-07-26 11:00:00,22.2,108.0,,7.1,True,False,True,False
2023-07-26 12:00:00,22.8,100.8,,0.0,False,False,True,False
2023-07-26 13:00:00,24.4,97.2,,0.0,False,False,True,False
2023-07-26 14:00:00,26.1,108.0,,0.0,False,False,True,False
2023-07-26 15:00:00,28.9,359.64,,0.0,False,False,True,False
2023-07-26 16:00:00,29.4,359.64,,0.0,False,False,True,False
2023-07-26 17:00:00,30.0,75.6,,0.0,False,False,True,False
2023-07-26 18:00:00,30.0,359.64,,0.0,False,False,True,False
2023-07-26 19:00:00,30.0,359.64,,0.0,False,False,True,False
2023-07-26 20:00:00,29.4,79.2,,0.0,False,False,True,False
2023-07-26 21:00:00,28.3,359.64,,0.0,False,False,True,False
2023-07-26 22:00:00,27.8,359.64,,0.0,False,False,True,False
2023-07-26 23:00:00,26.7,359.64,,0.0,False,False,True,False
2023-07-27 00:00:00,26.1,359.64,,0.0,False,False,True,False
2023-07-27 01:00:00,26.1,359.64,,0.0,False,False,True,False
2023-07-27 02:00:00,25.6,359.64,,0.0,False,False,True,False
2023-07-27 03:00:00,25.0,359.64,,0.0,False,False,True,False
2023-07-27 04:00:00,24.4,359.64,,0.0,False,False,True,False
2023-07-27 05:00:00,24.4,359.64,,0.0,False,False,True,False
2023-07-27 06:00:00,23.9,82.8,,0.0,False,False,True,False
2023-07-27 07:00:00,23.9,75.6,,0.0,False,False,True,False
2023-07-27 08:00:00,23.9,359.64,,0.0,False,False,True,False
2023-07-27 09:00:00,25.0,359.64,,0.0,False,False,True,False
2023-07-27 10:00:00,24.8,175.08,,0.0,False,False,True,False
2023-07-27 11:00:00,25.8,359.64,,0.0,False,False,True,False
2023-07-27 12:00:00,26.7,359.64,,0.0,False,False,True,False
2023-07-27 13:00:00,27.8,359.64,,0.0,False,False,True,False
2023-07-27 14:00:00,30.0,359.64,,0.0,False,False,True,False
2023-07-27 15:00:00,32.2,359.64,,0.0,False,False,True,False
2023-07-27 16:00:00,32.2,359.64,,0.0,False,False,True,False
2023-07-27 17:00:00,31.7,359.64,,0.0,False,False,True,False
2023-07-27 18:00:00,32.8,359.64,,0.0,False,False,True,False
2023-07-27 19:00:00,31.7,86.4,,0.0,False,False,True,False
2023-07-27 20:00:00,32.2,90.0,,0.0,False,False,True,False
2023-07-27 21:00:00,32.2,82.8,,0.0,False,False,True,False
2023-07-27 22:00:00,31.7,359.64,,0.0,False,False,True,False
2023-07-27 23:00:00,31.7,90.0,,0.0,False,False,True,False
2023-07-28 00:00:00,30.6,359.64,,0.0,False,False,True,False
2023-07-28 01:00:00,25.53,240.96,3.35,2.8,True,True,True,False
2023-07-28 02:00:00,25.0,359.64,4.43,9.8,True,True,True,False
2023-07-28 03:00:00,25.0,359.64,6.44,0.0,False,False,True,False
2023-07-28 04:00:00,24.4,359.64,,3.8,True,False,True,False
2023-07-28 05:00:00,24.4,359.64,9.66,3.8,True,False,True,False
2023-07-28 06:00:00,24.4,111.6,,0.0,False,False,True,False
2023-07-28 07:00:00,24.4,104.4,,0.0,False,False,True,False
2023-07-28 08:00:00,23.9,359.64,,0.0,False,False,True,False
2023-07-28 09:00:00,24.4,359.64,,0.0,False,False,True,False
2023-07-28 10:00:00,24.4,359.64,,0.0,False,False,True,False
2023-07-28 11:00:00,25.0,108.0,,3.8,True,False,True,False
2023-07-28 12:00:00,25.6,100.8,,0.0,False,False,True,False
2023-07-28 13:00:00,26.7,359.64,,0.0,False,False,True,False
2023-07-28 14:00:00,28.3,100.8,,0.0,False,False,True,False
2023-07-28 15:00:00,30.6,359.64,,0.0,False,False,True,False
2023-07-28 16:00:00,32.2,359.64,,0.0,False,False,True,False
2023-07-28 17:00:00,32.2,359.64,,0.0,False,False,True,False
2023-07-28 18:00:00,32.2,359.64,,0.0,False,False,True,False
2023-07-28 19:00:00,32.8,359.64,,0.0,False,False,True,False
2023-07-28 20:00:00,32.8,359.64,,0.0,False,False,True,False
2023-07-28 21:00:00,32.2,359.64,,0.0,False,False,True,False
2023-07-28 22:00:00,31.7,359.64,,0.0,False,False,True,False
2023-07-28 23:00:00,30.0,359.64,,0.0,False,False,True,False
2023-07-29 00:00:00,30.0,104.4,,0.0,False,False,True,False
2023-07-29 01:00:00,30.0,359.64,,0.0,False,False,True,False
2023-07-29 02:00:00,30.0,359.64,,0.0,False,False,True,False
2023-07-29 03:00:00,28.9,75.6,,0.0,False,False,True,False
2023-07-29 04:00:00,27.8,359.64,,0.0,False,False,True,False
2023-07-29 05:00:00,27.2,86.4,,0.0,False,False,True,False
2023-07-29 06:00:00,26.7,359.64,,0.0,False,False,True,False
2023-07-29 07:00:00,26.1,359.64,,0.0,False,False,True,False
2023-07-29 08:00:00,25.6,359.64,,0.0,False,False,True,False
2023-07-29 09:00:00,25.0,359.64,,0.0,False,False,True,False
2023-07-29 10:00:00,25.6,359.64,,0.0,False,False,True,False
2023-07-29 11:00:00,25.6,359.64,,0.0,False,False,True,False
2023-07-29 12:00:00,25.0,93.6,,0.3,True,False,True,False
2023-07-29 13:00:00,26.1,359.64,,0.0,False,False,True,False
2023-07-29 14:00:00,27.8,359.64,,0.3,True,False,True,False
2023-07-29 15:00:00,30.0,359.64,,0.0,False,False,True,False
2023-07-29 16:00:00,30.0,359.64,,0.0,False,False,True,False
2023-07-29 17:00:00,30.6,86.4,,0.3,True,False,True,False
2023-07-29 18:00:00,30.0,359.64,,0.0,False,False,True,False
2023-07-29 19:00:00,30.6,359.64,,0.0,False,False,True,False
2023-07-29 20:00:00,31.1,75.6,,0.0,False,False,True,False
2023-07-29 21:00:00,31.1,359.64,,0.0,False,False,True,False
2023-07-29 22:00:00,30.6,82.8,,0.0,False,False,True,False
2023-07-29 23:00:00,26.25,107.1,2.21,5.0,True,True,True,False
2023-07-30 00:00:00,25.6,359.64,,0.0,False,False,True,False
2023-07-30 01:00:00,25.6,242.82,,0.0,False,False,True,False
2023-07-30 02:00:00,24.45,183.42,,0.0,False,False,True,False
2023-07-30 03:00:00,22.8,359.64,,0.0,False,False,True,False
2023-07-30 04:00:00,21.7,242.82,,1.5,True,False,True,False
2023-07-30 05:00:00,21.1,359.64,,0.0,False,False,True,False
2023-07-30 06:00:00,20.6,359.64,,0.0,False,False,True,False
2023-07-30 07:00:00,20.6,359.64,,0.0,False,False,True,False
2023-07-30 08:00:00,20.0,359.64,,0.0,False,False,True,False
2023-07-30 09:00:00,19.4,359.64,,0.0,False,False,True,False
2023-07-30 10:00:00,18.9,359.64,,0.0,False,False,True,False
2023-07-30 11:00:00,18.9,359.64,,1.5,True,False,True,False
2023-07-30 12:00:00,20.0,359.64,,0.0,False,False,True,False
2023-07-30 13:00:00,20.6,359.64,,0.0,False,False,True,False
2023-07-30 14:00:00,22.2,129.6,,0.0,False,False,True,False
2023-07-30 15:00:00,23.9,359.64,,0.0,False,False,True,False
2023-07-30 16:00:00,24.4,108.0,,0.0,False,False,True,False
2023-07-30 17:00:00,24.4,104.4,,0.0,False,False,True,False
2023-07-30 18:00:00,25.0,359.64,,0.0,False,False,True,False
2023-07-30 19:00:00,25.0,359.64,,0.0,False,False,True,False
2023-07-30 20:00:00,26.1,111.6,,0.0,False,False,True,False
2023-07-30 21:00:00,26.1,359.64,,0.0,False,False,True,False
2023-07-30 22:00:00,25.0,359.64,,0.0,False,False,True,False
2023-07-30 23:00:00,24.4,108.0,,0.0,False,False,True,False
2023-07-31 00:00:00,23.9,359.64,,0.0,False,False,True,False
2023-07-31 01:00:00,22.8,359.64,,0.0,False,False,True,False
2023-07-31 02:00:00,22.2,359.64,,0.0,False,False,True,False
2023-07-31 03:00:00,22.2,111.6,,0.0,False,False,True,False
2023-07-31 04:00:00,20.6,230.22,,0.0,False,False,True,False
2023-07-31 05:00:00,20.6,359.64,,0.0,False,False,True,False
2023-07-31 06:00:00,19.4,359.64,,0.0,False,False,True,False
2023-07-31 07:00:00,19.4,93.6,,0.0,False,False,True,False
2023-07-31 08:00:00,18.9,108.0,,0.0,False,False,True,False
2023-07-31 09:00:00,18.9,359.64,,0.0,False,False,True,False
2023-07-31 10:00:00,19.4,359.64,,0.0,False,False,True,False
2023-07-31 11:00:00,20.6,108.0,,0.0,False,False,True,False
2023-07-31 12:00:00,22.2,359.64,,0.0,False,False,True,False
2023-07-31 13:00:00,23.3,359.64,,0.0,False,False,True,False
2023-07-31 14:00:00,25.0,359.64,,0.0,False,False,True,False
2023-07-31 15:00:00,26.7,359.64,,0.0,False,False,True,False
2023-07-31 16:00:00,28.3,359.64,,0.0,False,False,True,False
2023-07-31 17:00:00,27.2,359.64,,0.0,False,False,True,False
2023-07-31 18:00:00,28.3,359.64,,0.0,False,False,True,False
2023-07-31 19:00:00,28.9,359.64,,0.0,False,False,True,False
2023-07-31 20:00:00,26.1,359.64,,0.0,False,False,True,False
2023-07-31 21:00:00,26.1,359.64,,0.0,False,False,True,False
2023-07-31 22:00:00,26.1,359.64,,0.0,False,False,True,False
2023-07-31 23:00:00,26.7,108.0,,0.0,False,False,True,False
2023-08-01 00:00:00,25.0,14.4,,0.0,False,False,False,False
2023-08-01 01:00:00,24.4,359.64,,0.0,False,False,True,False
2023-08-01 02:00:00,22.8,359.64,,0.0,False,False,True,False
2023-08-01 03:00:00,23.3,359.64,,0.0,False,False,True,False
2023-08-01 04:00:00,22.8,359.64,,0.0,False,False,True,False
2023-08-01 05:00:00,18.9,359.64,,0.0,False,False,True,False
2023-08-01 06:00:00,18.9,359.64,,0.0,False,False,True,False
2023-08-01 07:00:00,20.6,359.64,,0.0,False,False,True,False
2023-08-01 08:00:00,20.0,359.64,,0.0,False,False,True,False
2023-08-01 09:00:00,20.6,359.64,,0.0,False,False,True,False
2023-08-01 10:00:00,20.0,359.64,,0.0,False,False,True,False
2023-08-01 11:00:00,20.6,359.64,,0.0,False,False,True,False
2023-08-01 12:00:00,21.7,18.0,,0.0,False,False,False,False
2023-08-01 13:00:00,22.8,359.64,,0.0,False,False,True,False
2023-08-01 14:00:00,23.9,14.4,,0.0,False,False,False,False
2023-08-01 15:00:00,25.0,359.64,,0.0,False,False,True,False
2023-08-01 16:00:00,25.6,359.64,,0.0,False,False,True,False
2023-08-01 17:00:00,26.7,359.64,,0.0,False,False,True,False
2023-08-01 18:00:00,26.1,359.64,,0.0,False,False,True,False
2023-08-01 19:00:00,26.1,359.64,,0.0,False,False,True,False
2023-08-01 20:00:00,25.6,129.6,,0.0,False,False,True,False
2023-08-01 21:00:00,25.6,14.4,,0.0,False,False,False,False
2023-08-01 22:00:00,25.0,3.6,,0.0,False,False,False,False
2023-08-01 23:00:00,23.9,359.64,,0.0,False,False,True,False
2023-08-02 00:00:00,22.8,359.64,,0.0,False,False,True,False
2023-08-02 01:00:00,22.8,359.64,,0.0,False,False,True,False
2023-08-02 02:00:00,22.2,359.64,,0.0,False,False,True,False
2023-08-02 03:00:00,21.7,10.8,,0.0,False,False,False,False
2023-08-02 04:00:00,20.0,183.42,,0.0,False,False,True,False
2023-08-02 05:00:00,19.4,359.64,,0.0,False,False,True,False
2023-08-02 06:00:00,18.9,359.64,,0.0,False,False,True,False
2023-08-02 07:00:00,18.3,14.4,,0.0,False,False,False,False
2023-08-02 08:00:00,18.3,14.4,,0.0,False,False,False,False
2023-08-02 09:00:00,17.8,7.2,,0.0,False,False,False,False
2023-08-02 10:00:00,18.3,359.64,,0.0,False,False,True,False
2023-08-02 11:00:00,20.0,129.6,,0.0,False,False,True,False
2023-08-02 12:00:00,21.7,14.4,,0.0,False,False,False,False
2023-08-02 13:00:00,22.8,359.64,,0.0,False,False,True,False
2023-08-02 14:00:00,23.9,359.64,,0.0,False,False,True,False
2023-08-02 15:00:00,25.0,359.64,,0.0,False,False,True,False
2023-08-02 16:00:00,25.6,104.4,,0.0,False,False,True,False
2023-08-02 17:00:00,25.6,359.64,,0.0,False,False,True,False
2023-08-02 18:00:00,26.7,14.4,,0.0,False,False,False,False
2023-08-02 19:00:00,26.7,359.64,,0.0,False,False,True,False
2023-08-02 20:00:00,26.1,359.64,,0.0,False,False,True,False
2023-08-02 21:00:00,25.6,359.64,,0.0,False,False,True,False
2023-08-02 22:00:00,23.9,72.0,,0.0,False,False,True,False
2023-08-02 23:00:00,22.8,359.64,,0.0,False,False,True,False
2023-08-03 00:00:00,21.7,359.64,,0.0,False,False,True,False
2023-08-03 01:00:00,21.1,359.64,,0.0,False,False,True,False
2023-08-03 02:00:00,21.1,359.64,,0.0,False,False,True,False
2023-08-03 03:00:00,21.1,359.64,,0.0,False,False,True,False
2023-08-03 04:00:00,20.6,215.82,,0.0,False,False,True,False
2023-08-03 05:00:00,20.0,359.64,,0.0,False,False,True,False
2023-08-03 06:00:00,20.0,359.64,,0.0,False,False,True,False
2023-08-03 07:00:00,20.0,359.64,,0.0,False,False,True,False
2023-08-03 08:00:00,19.4,86.4,,0.0,False,False,True,False
2023-08-03 09:00:00,19.4,86.4,,0.0,False,False,True,False
2023-08-03 10:00:00,20.0,359.64,,0.0,False,False,True,False
2023-08-03 11:00:00,21.1,359.64,,0.0,False,False,True,False
2023-08-03 12:00:00,22.8,359.64,,0.0,False,False,True,False
2023-08-03 13:00:00,23.3,359.64,,0.0,False,False,True,False
2023-08-03 14:00:00,23.9,72.0,,0.0,False,False,True,False
2023-08-03 15:00:00,25.0,359.64,,0.0,False,False,True,False
2023-08-03 16:00:00,26.1,359.64,,0.0,False,False,True,False
2023-08-03 17:00:00,26.1,359.64,,0.0,False,False,True,False
2023-08-03 18:00:00,25.6,359.64,,0.0,False,False,True,False
2023-08-03 19:00:00,24.4,359.64,,0.0,False,False,True,False
2023-08-03 20:00:00,24.4,359.64,,0.0,False,False,True,False
2023-08-03 21:00:00,23.9,359.64,,0.0,False,False,True,False
2023-08-03 22:00:00,23.3,359.64,,0.0,False,False,True,False
2023-08-03 23:00:00,22.8,359.64,,0.0,False,False,True,False
2023-08-04 00:00:00,22.8,359.64,,0.0,False,False,True,False
2023-08-04 01:00:00,22.8,68.4,,0.0,False,False,True,False
2023-08-04 02:00:00,22.2,64.8,,0.0,False,False,True,False
2023-08-04 03:00:00,22.2,359.64,,0.0,False,False,True,False
2023-08-04 04:00:00,22.2,359.64,,0.0,False,False,True,False
2023-08-04 05:00:00,21.7,359.64,,0.0,False,False,True,False
2023-08-04 06:00:00,21.7,359.64,,0.0,False,False,True,False
2023-08-04 07:00:00,22.2,359.64,,0.0,False,False,True,False
2023-08-04 08:00:00,21.7,217.62,,0.0,False,False,True,False
2023-08-04 09:00:00,21.7,359.64,,0.0,False,False,True,False
2023-08-04 10:00:00,21.95,212.22,,0.0,False,False,True,False
2023-08-04 11:00:00,22.1,359.64,,0.0,False,False,True,False
2023-08-04 12:00:00,22.8,359.64,,0.0,False,False,True,False
2023-08-04 13:00:00,23.3,359.64,,0.0,False,False,True,False
2023-08-04 14:00:00,23.5,166.68,,0.0,False,False,True,False
2023-08-04 15:00:00,23.75,359.64,,0.0,False,False,True,False
2023-08-04 16:00:00,23.3,68.4,,0.0,False,False,True,False
2023-08-04 17:00:00,23.3,359.64,,0.0,False,False,True,False
2023-08-04 18:00:00,23.9,359.64,,0.0,False,False,True,False
2023-08-04 19:00:00,23.95,217.62,,0.0,False,False,True,False
2023-08-04 20:00:00,24.4,359.64,,0.0,False,False,True,False
2023-08-04 21:00:00,24.07,359.64,,0.0,False,False,True,False
2023-08-04 22:00:00,24.1,359.64,,0.0,False,False,True,False
2023-08-04 23:00:00,23.6,359.64,,0.0,False,False,True,False
2023-08-05 00:00:00,22.8,64.8,,0.0,False,False,True,False
2023-08-05 01:00:00,22.8,70.2,,0.0,False,False,True,False
2023-08-05 02:00:00,22.2,359.64,,0.0,False,False,True,False
2023-08-05 03:00:00,22.13,359.64,,0.0,False,False,True,False
2023-08-05 04:00:00,22.2,359.64,,0.0,False,False,True,False
2023-08-05 05:00:00,22.2,359.64,,0.0,False,False,True,False
2023-08-05 06:00:00,22.2,359.64,,0.0,False,False,True,False
2023-08-05 07:00:00,22.2,359.64,,0.0,False,False,True,False
2023-08-05 08:00:00,21.87,359.64,,0.0,False,False,True,False
2023-08-05 09:00:00,22.2,232.02,,0.0,False,False,True,False
2023-08-05 10:00:00,22.4,359.64,,0.0,False,False,True,False
2023-08-05 11:00:00,23.05,359.64,,0.0,False,False,True,False
2023-08-05 12:00:00,23.9,359.64,,0.0,False,False,True,False
2023-08-05 13:00:00,25.0,359.64,,0.0,False,False,True,False
2023-08-05 14:00:00,26.1,359.64,,0.0,False,False,True,False
2023-08-05 15:00:00,27.8,359.64,,0.0,False,False,True,False
2023-08-05 16:00:00,28.9,359.64,,0.0,False,False,True,False
2023-08-05 17:00:00,29.4,359.64,,0.0,False,False,True,False
2023-08-05 18:00:00,29.4,18.0,,0.0,False,False,False,False
2023-08-05 19:00:00,28.9,359.64,,0.0,False,False,True,False
2023-08-05 20:00:00,28.3,359.64,,0.0,False,False,True,False
2023-08-05 21:00:00,27.8,359.64,,0.0,False,False,True,False
2023-08-05 22:00:00,27.2,359.64,,0.0,False,False,True,False
2023-08-05 23:00:00,27.2,359.64,,0.0,False,False,True,False
2023-08-06 00:00:00,25.0,359.64,,0.0,False,False,True,False
2023-08-06 01:00:00,25.0,14.4,,0.0,False,False,False,False
2023-08-06 02:00:00,24.4,14.4,,0.0,False,False,False,False
2023-08-06 03:00:00,23.9,359.64,,0.0,False,False,True,False
2023-08-06 04:00:00,25.0,359.64,,0.0,False,False,True,False
2023-08-06 05:00:00,23.9,359.64,,0.0,False,False,True,False
2023-08-06 06:00:00,22.8,359.64,,0.0,False,False,True,False
2023-08-06 07:00:00,23.3,359.64,,0.0,False,False,True,False
2023-08-06 08:00:00,22.2,359.64,,0.0,False,False,True,False
2023-08-06 09:00:00,20.6,359.64,,0.0,False,False,True,False
2023-08-06 10:00:00,21.1,359.64,,0.0,False,False,True,False
2023-08-06 11:00:00,21.95,188.82,,0.0,False,False,True,False
2023-08-06 12:00:00,23.9,7.2,,0.0,False,False,False,False
2023-08-06 13:00:00,25.0,359.64,,0.0,False,False,True,False
2023-08-06 14:00:00,26.7,359.64,,0.0,False,False,True,False
2023-08-06 15:00:00,28.3,359.64,,0.0,False,False,True,False
2023-08-06 16:00:00,29.4,359.64,,0.0,False,False,True,False
2023-08-06 17:00:00,30.0,75.6,,0.0,False,False,True,False
2023-08-06 18:00:00,30.6,359.64,,0.0,False,False,True,False
2023-08-06 19:00:00,29.4,359.64,,0.0,False,False,True,False
2023-08-06 20:00:00,28.3,359.64,,0.0,False,False,True,False
2023-08-06 21:00:00,27.2,359.64,,0.0,False,False,True,False
2023-08-06 22:00:00,26.7,359.64,,0.0,False,False,True,False
2023-08-06 23:00:00,25.6,359.64,,0.0,False,False,True,False
2023-08-07 00:00:00,24.4,359.64,,0.0,False,False,True,False
2023-08-07 01:00:00,24.4,359.64,,0.0,False,False,True,False
2023-08-07 02:00:00,24.4,64.8,,0.0,False,False,True,False
2023-08-07 03:00:00,23.9,359.64,,0.0,False,False,True,False
2023-08-07 04:00:00,23.9,359.64,,0.0,False,False,True,False
2023-08-07 05:00:00,23.9,359.64,,0.0,False,False,True,False
2023-08-07 06:00:00,24.4,359.64,,0.0,False,False,True,False
2023-08-07 07:00:00,22.8,359.64,9.66,0.3,True,False,True,False
2023-08-07 08:00:00,22.13,359.64,9.66,0.8,True,False,True,False
2023-08-07 09:00:00,21.32,310.5,2.68,15.2,True,True,True,False
2023-08-07 10:00:00,20.56,359.64,2.66,45.5,True,True,True,False
2023-08-07 11:00:00,20.8,359.64,3.62,86.8,True,True,True,False
2023-08-07 12:00:00,21.1,359.64,4.02,0.0,False,True,True,False
2023-08-07 13:00:00,21.5,359.64,4.56,0.3,True,True,True,False
2023-08-07 14:00:00,22.25,359.64,4.83,0.3,True,True,True,False
2023-08-07 15:00:00,24.3,359.64,9.66,0.0,False,False,True,False
2023-08-07 16:00:00,25.85,359.64,,0.0,False,False,True,False
2023-08-07 17:00:00,26.1,359.64,,0.3,True,False,True,False
2023-08-07 18:00:00,26.7,359.64,,0.0,False,False,True,False
2023-08-07 19:00:00,26.1,359.64,,0.0,False,False,True,False
2023-08-07 20:00:00,25.6,160.68,,0.0,False,False,True,False
2023-08-07 21:00:00,25.73,359.64,,0.0,False,False,True,False
2023-08-07 22:00:00,25.4,359.64,,0.0,False,False,True,False
2023-08-07 23:00:00,25.0,359.64,,0.0,False,False,True,False
2023-08-08 00:00:00,24.6,260.16,5.77,2.0,True,False,True,False
2023-08-08 01:00:00,22.23,359.64,4.83,10.0,True,True,True,False
2023-08-08 02:00:00,21.7,359.64,,4.6,True,False,True,False
2023-08-08 03:00:00,21.7,359.64,,0.0,False,False,True,False
2023-08-08 04:00:00,21.1,212.22,,28.4,True,False,True,False
2023-08-08 05:00:00,21.1,359.64,,4.6,True,False,True,False
2023-08-08 06:00:00,21.7,359.64,,0.0,False,False,True,False
2023-08-08 07:00:00,21.7,359.64,,0.0,False,False,True,False
2023-08-08 08:00:00,22.2,359.64,,0.0,False,False,True,False
2023-08-08 09:00:00,22.2,359.64,,0.0,False,False,True,False
2023-08-08 10:00:00,22.2,359.64,,0.0,False,False,True,False
2023-08-08 11:00:00,22.8,359.64,,4.8,True,False,True,False
2023-08-08 12:00:00,23.9,359.64,,0.0,False,False,True,False
2023-08-08 13:00:00,22.8,359.64,,0.0,False,False,True,False
2023-08-08 14:00:00,22.94,359.64,4.02,1.4,True,True,True,False
2023-08-08 15:00:00,25.6,359.64,,0.0,False,False,True,False
2023-08-08 16:00:00,24.4,100.8,,0.0,False,False,True,False
2023-08-08 17:00:00,26.1,359.64,,0.3,True,False,True,False
2023-08-08 18:00:00,25.6,359.64,,0.0,False,False,True,False
2023-08-08 19:00:00,25.0,359.64,,0.0,False,False,True,False
2023-08-08 20:00:00,25.0,97.2,,0.0,False,False,True,False
2023-08-08 21:00:00,24.4,100.8,,0.0,False,False,True,False
2023-08-08 22:00:00,24.4,100.8,,0.0,False,False,True,False
2023-08-08 23:00:00,23.3,100.8,,0.0,False,False,True,False
2023-08-09 00:00:00,22.8,100.8,,0.0,False,False,True,False
2023-08-09 01:00:00,22.8,97.2,,0.0,False,False,True,False
2023-08-09 02:00:00,22.8,100.8,,0.0,False,False,True,False
2023-08-09 03:00:00,22.8,97.2,,0.0,False,False,True,False
2023-08-09 04:00:00,22.8,359.64,,0.3,True,False,True,False
2023-08-09 05:00:00,22.2,97.2,,0.0,False,False,True,False
2023-08-09 06:00:00,22.2,104.4,,0.0,False,False,True,False
2023-08-09 07:00:00,21.7,359.64,,0.0,False,False,True,False
2023-08-09 08:00:00,21.7,100.8,,0.0,False,False,True,False
2023-08-09 09:00:00,21.1,100.8,,0.0,False,False,True,False
2023-08-09 10:00:00,20.6,359.64,,0.0,False,False,True,False
2023-08-09 11:00:00,21.7,97.2,,0.3,True,False,True,False
2023-08-09 12:00:00,22.8,108.0,,0.0,False,False,True,False
2023-08-09 13:00:00,23.9,100.8,,0.0,False,False,True,False
2023-08-09 14:00:00,25.6,108.0,,0.0,False,False,True,False
2023-08-09 15:00:00,27.8,359.64,,0.0,False,False,True,False
2023-08-09 16:00:00,28.3,359.64,,0.0,False,False,True,False
2023-08-09 17:00:00,29.4,111.6,,0.0,False,False,True,False
2023-08-09 18:00:00,30.0,111.6,,0.0,False,False,True,False
2023-08-09 19:00:00,29.4,104.4,,0.0,False,False,True,False
2023-08-09 20:00:00,30.0,359.64,,0.0,False,False,True,False
2023-08-09 21:00:00,28.9,359.64,,0.0,False,False,True,False
2023-08-09 22:00:00,27.8,97.2,,0.0,False,False,True,False
2023-08-09 23:00:00,26.7,359.64,,0.0,False,False,True,False
2023-08-10 00:00:00,25.6,97.2,,0.0,False,False,True,False
2023-08-10 01:00:00,24.4,359.64,,0.0,False,False,True,False
2023-08-10 02:00:00,24.4,104.4,,0.0,False,False,True,False
2023-08-10 03:00:00,23.3,359.64,,0.0,False,False,True,False
2023-08-10 04:00:00,22.8,359.64,,0.0,False,False,True,False
2023-08-10 05:00:00,22.8,359.64,,0.0,False,False,True,False
2023-08-10 06:00:00,22.2,79.2,,0.0,False,False,True,False
2023-08-10 07:00:00,23.3,86.4,,0.0,False,False,True,False
2023-08-10 08:00:00,23.3,97.2,,0.0,False,False,True,False
2023-08-10 09:00:00,22.8,359.64,,0.0,False,False,True,False
2023-08-10 10:00:00,23.3,359.64,,0.0,False,False,True,False
2023-08-10 11:00:00,23.9,359.64,,0.0,False,False,True,False
2023-08-10 12:00:00,25.0,359.64,,0.0,False,False,True,False
2023-08-10 13:00:00,26.1,359.64,,0.0,False,False,True,False
2023-08-10 14:00:00,26.7,359.64,,0.0,False,False,True,False
2023-08-10 15:00:00,26.7,359.64,,0.0,False,False,True,False
2023-08-10 16:00:00,25.6,359.64,,0.0,False,False,True,False
2023-08-10 17:00:00,24.2,359.64,9.66,1.0,True,False,True,False
2023-08-10 18:00:00,23.9,359.64,9.66,0.3,True,False,True,False
2023-08-10 19:00:00,22.2,359.64,2.68,5.7,True,True,True,False
2023-08-10 20:00:00,22.2,359.64,2.01,13.3,True,True,True,False
2023-08-10 21:00:00,22.08,279.63,3.52,12.9,True,True,True,False
2023-08-10 22:00:00,21.22,359.64,5.31,0.0,False,False,True,False
2023-08-10 23:00:00,21.5,359.64,4.56,15.2,True,True,True,False
2023-08-11 00:00:00,21.4,297.63,4.63,0.0,False,True,True,False
2023-08-11 01:00:00,21.06,205.06,4.99,0.0,False,True,True,False
2023-08-11 02:00:00,21.08,255.38,4.51,0.0,False,True,True,False
2023-08-11 03:00:00,21.1,273.36,5.36,0.0,False,False,True,False
2023-08-11 04:00:00,21.1,359.64,,12.2,True,False,True,False
2023-08-11 05:00:00,20.6,104.4,,0.0,False,False,True,False
2023-08-11 06:00:00,20.0,359.64,9.66,0.0,False,False,True,False
2023-08-11 07:00:00,19.4,359.64,,0.0,False,False,True,False
2023-08-11 08:00:00,19.4,359.64,,0.0,False,False,True,False
2023-08-11 09:00:00,19.4,93.6,,0.0,False,False,True,False
2023-08-11 10:00:00,19.4,359.64,,0.0,False,False,True,False
2023-08-11 11:00:00,20.0,359.64,,12.2,True,False,True,False
2023-08-11 12:00:00,21.7,359.64,,0.0,False,False,True,False
2023-08-11 13:00:00,22.2,359.64,,0.0,False,False,True,False
2023-08-11 14:00:00,23.9,359.64,,0.0,False,False,True,False
2023-08-11 15:00:00,26.1,359.64,,0.0,False,False,True,False
2023-08-11 16:00:00,27.8,359.64,,0.0,False,False,True,False
2023-08-11 17:00:00,28.9,104.4,,0.0,False,False,True,False
2023-08-11 18:00:00,28.9,359.64,,0.0,False,False,True,False
2023-08-11 19:00:00,28.3,359.64,,0.0,False,False,True,False
2023-08-11 20:00:00,28.3,359.64,,0.0,False,False,True,False
2023-08-11 21:00:00,27.8,359.64,,0.0,False,False,True,False
2023-08-11 22:00:00,27.8,359.64,,0.0,False,False,True,False
2023-08-11 23:00:00,26.7,359.64,,0.0,False,False,True,False
2023-08-12 00:00:00,25.6,359.64,,0.0,False,False,True,False
2023-08-12 01:00:00,25.6,359.64,,0.0,False,False,True,False
2023-08-12 02:00:00,25.0,104.4,,0.0,False,False,True,False
2023-08-12 03:00:00,24.4,359.64,,0.0,False,False,True,False
2023-08-12 04:00:00,23.9,359.64,,0.0,False,False,True,False
2023-08-12 05:00:00,22.8,359.64,,0.0,False,False,True,False
2023-08-12 06:00:00,22.8,359.64,,0.0,False,False,True,False
2023-08-12 07:00:00,21.7,28.8,,0.0,False,False,True,False
2023-08-12 08:00:00,21.1,359.64,,0.0,False,False,True,False
2023-08-12 09:00:00,21.1,359.64,,0.0,False,False,True,False
2023-08-12 10:00:00,21.7,359.64,,0.0,False,False,True,False
2023-08-12 11:00:00,22.2,28.8,,0.0,False,False,True,False
2023-08-12 12:00:00,23.9,18.0,,0.0,False,False,False,False
2023-08-12 13:00:00,25.6,359.64,,0.0,False,False,True,False
2023-08-12 14:00:00,27.2,359.64,,0.0,False,False,True,False
2023-08-12 15:00:00,25.0,359.64,,0.0,False,False,True,False
2023-08-12 16:00:00,28.3,359.64,,0.0,False,False,True,False
2023-08-12 17:00:00,29.4,359.64,,0.0,False,False,True,False
2023-08-12 18:00:00,27.8,359.64,,0.0,False,False,True,False
2023-08-12 19:00:00,27.2,359.64,,0.0,False,False,True,False
2023-08-12 20:00:00,27.2,68.4,,0.0,False,False,True,False
2023-08-12 21:00:00,26.7,359.64,,0.0,False,False,True,False
2023-08-12 22:00:00,26.7,359.64,,0.0,False,False,True,False
2023-08-12 23:00:00,26.7,359.64,,0.0,False,False,True,False
2023-08-13 00:00:00,26.1,359.64,,0.0,False,False,True,False
2023-08-13 01:00:00,26.1,359.64,,0.0,False,False,True,False
2023-08-13 02:00:00,25.6,68.4,,0.0,False,False,True,False
2023-08-13 03:00:00,26.1,359.64,,0.0,False,False,True,False
2023-08-13 04:00:00,24.4,190.62,,0.0,False,False,True,False
2023-08-13 05:00:00,22.2,359.64,8.05,1.0,True,False,True,False
2023-08-13 06:00:00,21.4,232.02,2.82,16.7,True,True,True,False
2023-08-13 07:00:00,20.6,359.64,8.05,1.3,True,False,True,False
2023-08-13 08:00:00,20.6,359.64,,17.0,True,False,True,False
2023-08-13 09:00:00,21.1,359.64,,0.0,False,False,True,False
2023-08-13 10:00:00,21.1,359.64,,0.0,False,False,True,False
2023-08-13 11:00:00,22.2,359.64,,34.5,True,False,True,False
2023-08-13 12:00:00,22.8,359.64,,0.0,False,False,True,False
2023-08-13 13:00:00,25.0,359.64,,0.0,False,False,True,False
2023-08-13 14:00:00,25.6,97.2,,0.0,False,False,True,False
2023-08-13 15:00:00,28.3,359.64,,0.0,False,False,True,False
2023-08-13 16:00:00,29.4,359.64,,0.0,False,False,True,False
2023-08-13 17:00:00,30.0,108.0,,0.0,False,False,True,False
2023-08-13 18:00:00,30.0,359.64,,0.0,False,False,True,False
2023-08-13 19:00:00,30.0,97.2,,0.0,False,False,True,False
2023-08-13 20:00:00,29.4,359.64,,0.0,False,False,True,False
2023-08-13 21:00:00,28.9,97.2,,0.0,False,False,True,False
2023-08-13 22:00:00,28.3,359.64,,0.0,False,False,True,False
2023-08-13 23:00:00,27.8,100.8,,0.0,False,False,True,False
2023-08-14 00:00:00,27.8,359.64,,0.0,False,False,True,False
2023-08-14 02:00:00,25.6,93.6,,0.0,False,False,True,False
2023-08-14 03:00:00,25.6,359.64,,0.0,False,False,True,False
2023-08-14 04:00:00,25.0,230.22,,17.5,True,False,True,False
2023-08-14 05:00:00,24.4,100.8,,0.0,False,False,True,False
2023-08-14 06:00:00,23.3,359.64,,0.0,False,False,True,False
2023-08-14 07:00:00,23.3,359.64,,0.0,False,False,True,False
2023-08-14 08:00:00,22.8,359.64,,0.0,False,False,True,False
2023-08-14 09:00:00,22.8,359.64,,0.0,False,False,True,False
2023-08-14 10:00:00,22.8,359.64,,0.0,False,False,True,False
2023-08-14 11:00:00,23.3,359.64,,0.0,False,False,True,False
2023-08-14 12:00:00,24.4,104.4,,0.0,False,False,True,False
2023-08-14 13:00:00,25.6,90.0,,0.0,False,False,True,False
2023-08-14 14:00:00,26.1,108.0,,0.0,False,False,True,False
2023-08-14 15:00:00,26.7,359.64,,0.0,False,False,True,False
2023-08-14 16:00:00,27.8,359.64,,0.0,False,False,True,False
2023-08-14 17:00:00,29.4,359.64,,0.0,False,False,True,False
2023-08-14 18:00:00,29.4,359.64,,0.0,False,False,True,False
2023-08-14 19:00:00,29.4,359.64,,0.0,False,False,True,False
2023-08-14 20:00:00,29.4,359.64,,0.0,False,False,True,False
2023-08-14 21:00:00,28.3,359.64,,0.0,False,False,True,False
2023-08-14 22:00:00,26.7,359.64,,0.0,False,False,True,False
2023-08-14 23:00:00,26.7,359.64,,0.0,False,False,True,False
2023-08-15 00:00:00,26.1,359.64,,0.0,False,False,True,False
2023-08-15 01:00:00,25.6,359.64,,0.0,False,False,True,False
2023-08-15 02:00:00,25.6,359.64,,0.0,False,False,True,False
2023-08-15 03:00:00,25.6,359.64,,0.0,False,False,True,False
2023-08-15 04:00:00,23.9,199.62,,1.0,True,False,True,False
2023-08-15 05:00:00,22.97,166.99,2.01,23.1,True,True,True,False
2023-08-15 06:00:00,22.02,186.12,4.83,2.5,True,True,True,False
2023-08-15 07:00:00,21.83,188.82,6.64,3.6,True,False,True,False
2023-08-15 08:00:00,21.8,246.96,5.63,13.5,True,False,True,False
2023-08-15 09:00:00,21.07,136.68,6.17,0.0,False,False,True,False
2023-08-15 10:00:00,21.5,359.64,6.71,0.5,True,False,True,False
2023-08-15 11:00:00,21.7,131.88,5.63,34.1,True,False,True,False
2023-08-15 12:00:00,22.13,359.64,5.63,0.0,False,False,True,False
2023-08-15 13:00:00,22.2,207.22,4.83,0.0,False,True,True,False
2023-08-15 14:00:00,22.2,359.64,,0.0,False,False,True,False
2023-08-15 15:00:00,22.8,359.64,,0.0,False,False,True,False
2023-08-15 16:00:00,23.95,239.22,,0.0,False,False,True,False
2023-08-15 17:00:00,24.1,130.68,,0.0,False,False,True,False
2023-08-15 18:00:00,25.0,25.2,,0.0,False,False,True,False
2023-08-15 19:00:00,26.1,187.02,,0.0,False,False,True,False
2023-08-15 20:00:00,26.4,359.64,,0.0,False,False,True,False
2023-08-15 21:00:00,25.3,16.2,,0.0,False,False,False,False
2023-08-15 22:00:00,24.2,192.42,,0.0,False,False,True,False
2023-08-15 23:00:00,23.5,26.4,,0.0,False,False,True,False
2023-08-16 00:00:00,23.3,135.48,,0.0,False,False,True,False
2023-08-16 01:00:00,23.3,359.64,,0.0,False,False,True,False
2023-08-16 02:00:00,23.13,139.08,,0.0,False,False,True,False
2023-08-16 03:00:00,23.3,23.4,,0.0,False,False,False,False
2023-08-16 04:00:00,22.8,190.62,,19.6,True,False,True,False
2023-08-16 05:00:00,22.8,359.64,,0.0,False,False,True,False
2023-08-16 06:00:00,22.2,359.64,,0.0,False,False,True,False
2023-08-16 07:00:00,21.82,155.38,0.89,31.1,True,True,True,False
2023-08-16 08:00:00,21.08,303.3,3.06,110.3,True,True,True,False
2023-08-16 09:00:00,21.08,230.9,5.31,3.4,True,False,True,False
2023-08-16 10:00:00,20.9,246.96,9.66,0.0,False,False,True,False
2023-08-16 11:00:00,21.1,359.64,,67.6,True,False,True,False
2023-08-16 12:00:00,21.64,220.82,,0.0,False,False,True,False
2023-08-16 13:00:00,22.9,18.0,,0.0,False,False,False,False
2023-08-16 14:00:00,24.2,188.82,,0.0,False,False,True,False
2023-08-16 15:00:00,24.4,359.64,,0.0,False,False,True,False
2023-08-16 16:00:00,25.6,28.8,,0.0,False,False,True,False
2023-08-16 17:00:00,26.7,359.64,,0.0,False,False,True,False
2023-08-16 18:00:00,25.6,21.6,,0.0,False,False,False,False
2023-08-16 19:00:00,26.95,359.64,,0.0,False,False,True,False
2023-08-16 20:00:00,26.7,359.64,,0.0,False,False,True,False
2023-08-16 21:00:00,25.6,359.64,,0.0,False,False,True,False
2023-08-16 22:00:00,25.0,359.64,,0.0,False,False,True,False
2023-08-16 23:00:00,23.9,359.64,,0.0,False,False,True,False
2023-08-17 00:00:00,23.3,359.64,,0.0,False,False,True,False
2023-08-17 01:00:00,22.8,359.64,,0.0,False,False,True,False
2023-08-17 02:00:00,23.05,196.02,,0.0,False,False,True,False
2023-08-17 03:00:00,23.3,359.64,,0.0,False,False,True,False
2023-08-17 04:00:00,23.3,194.22,,33.8,True,False,True,False
2023-08-17 05:00:00,22.8,359.64,,0.0,False,False,True,False
2023-08-17 06:00:00,22.8,359.64,,0.0,False,False,True,False
2023-08-17 07:00:00,22.8,197.82,,0.0,False,False,True,False
2023-08-17 08:00:00,22.8,18.0,,0.0,False,False,False,False
2023-08-17 09:00:00,22.8,359.64,,0.0,False,False,True,False
2023-08-17 10:00:00,22.9,190.62,,0.0,False,False,True,False
2023-08-17 11:00:00,22.8,25.2,,0.0,False,False,True,False
2023-08-17 12:00:00,23.05,194.22,9.66,0.0,False,False,True,False
2023-08-17 13:00:00,24.15,30.6,,0.0,False,False,True,False
2023-08-17 14:00:00,25.6,21.6,,0.0,False,False,False,False
2023-08-17 15:00:00,25.8,359.64,,0.0,False,False,True,False
2023-08-17 16:00:00,25.3,359.64,,0.0,False,False,True,False
2023-08-17 17:00:00,25.0,359.64,,0.0,False,False,True,False
2023-08-17 18:00:00,25.0,359.64,,0.0,False,False,True,False
2023-08-17 19:00:00,25.0,359.64,,0.0,False,False,True,False
2023-08-17 20:00:00,23.9,43.2,,0.0,False,False,True,False
2023-08-17 21:00:00,23.9,36.0,,0.0,False,False,True,False
2023-08-17 22:00:00,23.9,43.2,,0.0,False,False,True,False
2023-08-17 23:00:00,23.3,359.64,,0.0,False,False,True,False
2023-08-18 00:00:00,23.3,43.2,,0.0,False,False,True,False
2023-08-18 01:00:00,23.3,359.64,,0.0,False,False,True,False
2023-08-18 02:00:00,23.3,359.64,,0.0,False,False,True,False
2023-08-18 03:00:00,23.7,359.64,,0.0,False,False,True,False
2023-08-18 04:00:00,23.9,359.64,,0.0,False,False,True,False
2023-08-18 05:00:00,24.2,359.64,,0.0,False,False,True,False
2023-08-18 06:00:00,24.4,359.64,,0.0,False,False,True,False
2023-08-18 07:00:00,24.2,359.64,,0.0,False,False,True,False
2023-08-18 08:00:00,24.2,359.64,3.02,4.8,True,True,True,False
2023-08-18 09:00:00,22.92,216.72,3.82,48.4,True,True,True,False
2023-08-18 10:00:00,20.37,188.28,5.77,1.8,True,False,True,False
2023-08-18 11:00:00,19.07,359.64,4.83,45.7,True,True,True,False
2023-08-18 12:00:00,20.6,359.64,,0.0,False,False,True,False
2023-08-18 13:00:00,21.1,359.64,,0.0,False,False,True,False
2023-08-18 14:00:00,22.8,100.8,,0.0,False,False,True,False
2023-08-18 15:00:00,24.4,97.2,,0.0,False,False,True,False
2023-08-18 16:00:00,26.1,359.64,,0.0,False,False,True,False
2023-08-18 17:00:00,25.0,104.4,,0.0,False,False,True,False
2023-08-18 18:00:00,26.1,359.64,,0.0,False,False,True,False
2023-08-18 19:00:00,26.1,359.64,,0.0,False,False,True,False
2023-08-18 20:00:00,26.1,93.6,,0.0,False,False,True,False
2023-08-18 21:00:00,25.0,100.8,,0.0,False,False,True,False
2023-08-18 22:00:00,24.4,359.64,,0.0,False,False,True,False
2023-08-18 23:00:00,23.9,104.4,,0.0,False,False,True,False
2023-08-19 00:00:00,22.8,359.64,,0.0,False,False,True,False
2023-08-19 01:00:00,22.8,359.64,,0.0,False,False,True,False
2023-08-19 02:00:00,21.7,108.0,,0.0,False,False,True,False
2023-08-19 03:00:00,21.7,359.64,,0.0,False,False,True,False
2023-08-19 04:00:00,21.1,228.42,,19.6,True,False,True,False
2023-08-19 05:00:00,20.0,359.64,,0.0,False,False,True,False
2023-08-19 06:00:00,19.4,100.8,,0.0,False,False,True,False
2023-08-19 07:00:00,18.3,97.2,,0.0,False,False,True,False
2023-08-19 08:00:00,17.8,79.2,,0.0,False,False,True,False
2023-08-19 09:00:00,17.2,82.8,,0.0,False,False,True,False
2023-08-19 10:00:00,17.8,82.8,,0.0,False,False,True,False
2023-08-19 11:00:00,17.8,90.0,,0.0,False,False,True,False
2023-08-19 12:00:00,18.3,359.64,,0.0,False,False,True,False
2023-08-19 13:00:00,19.4,359.64,,0.0,False,False,True,False
2023-08-19 14:00:00,21.1,97.2,,0.0,False,False,True,False
2023-08-19 15:00:00,22.8,108.0,,0.0,False,False,True,False
2023-08-19 16:00:00,23.9,359.64,,0.0,False,False,True,False
2023-08-19 17:00:00,24.4,359.64,,0.0,False,False,True,False
2023-08-19 18:00:00,24.4,359.64,,0.0,False,False,True,False
2023-08-19 19:00:00,25.6,359.64,,0.0,False,False,True,False
2023-08-19 20:00:00,24.4,100.8,,0.0,False,False,True,False
2023-08-19 21:00:00,25.0,100.8,,0.0,False,False,True,False
2023-08-19 22:00:00,23.9,359.64,,0.0,False,False,True,False
2023-08-19 23:00:00,23.9,359.64,,0.0,False,False,True,False
2023-08-20 00:00:00,23.3,359.64,,0.0,False,False,True,False
2023-08-20 01:00:00,22.8,359.64,,0.0,False,False,True,False
2023-08-20 02:00:00,21.7,359.64,,0.0,False,False,True,False
2023-08-20 03:00:00,21.7,359.64,,0.0,False,False,True,False
2023-08-20 04:00:00,21.1,230.22,,0.0,False,False,True,False
2023-08-20 05:00:00,21.1,86.4,,0.0,False,False,True,False
2023-08-20 06:00:00,20.6,359.64,,0.0,False,False,True,False
2023-08-20 07:00:00,20.0,90.0,,0.0,False,False,True,False
2023-08-20 08:00:00,20.0,359.64,,0.0,False,False,True,False
2023-08-20 09:00:00,19.4,359.64,,0.0,False,False,True,False
2023-08-20 10:00:00,18.9,359.64,,0.0,False,False,True,False
2023-08-20 11:00:00,20.0,100.8,,0.0,False,False,True,False
2023-08-20 12:00:00,21.7,104.4,,0.0,False,False,True,False
2023-08-20 13:00:00,23.3,111.6,,0.0,False,False,True,False
2023-08-20 14:00:00,25.0,359.64,,0.0,False,False,True,False
2023-08-20 15:00:00,26.7,359.64,,0.0,False,False,True,False
2023-08-20 16:00:00,27.8,359.64,,0.0,False,False,True,False
2023-08-20 17:00:00,28.9,359.64,,0.0,False,False,True,False
2023-08-20 18:00:00,28.9,359.64,,0.0,False,False,True,False
2023-08-20 19:00:00,28.3,359.64,,0.0,False,False,True,False
2023-08-20 20:00:00,28.3,359.64,,0.0,False,False,True,False
2023-08-20 21:00:00,27.8,359.64,,0.0,False,False,True,False
2023-08-20 22:00:00,27.2,359.64,,0.0,False,False,True,False
2023-08-20 23:00:00,26.7,359.64,,0.0,False,False,True,False
2023-08-21 00:00:00,26.7,359.64,,0.0,False,False,True,False
2023-08-21 01:00:00,26.1,359.64,,0.0,False,False,True,False
2023-08-21 02:00:00,25.6,359.64,,0.0,False,False,True,False
2023-08-21 03:00:00,25.6,359.64,,0.0,False,False,True,False
2023-08-21 04:00:00,25.0,221.22,,0.0,False,False,True,False
2023-08-21 05:00:00,24.4,86.4,,0.0,False,False,True,False
2023-08-21 06:00:00,24.4,359.64,,0.0,False,False,True,False
2023-08-21 07:00:00,23.3,359.64,,0.0,False,False,True,False
2023-08-21 08:00:00,23.3,90.0,,0.0,False,False,True,False
2023-08-21 09:00:00,22.8,359.64,,0.0,False,False,True,False
2023-08-21 10:00:00,22.8,359.64,,0.0,False,False,True,False
2023-08-21 11:00:00,23.9,359.64,,0.0,False,False,True,False
2023-08-21 12:00:00,24.4,93.6,,0.0,False,False,True,False
2023-08-21 13:00:00,25.6,359.64,,0.0,False,False,True,False
2023-08-21 14:00:00,26.1,100.8,,0.0,False,False,True,False
2023-08-21 15:00:00,28.3,93.6,,0.0,False,False,True,False
2023-08-21 16:00:00,30.6,104.4,,0.0,False,False,True,False
2023-08-21 17:00:00,29.4,359.64,,0.0,False,False,True,False
2023-08-21 18:00:00,29.4,359.64,,0.0,False,False,True,False
2023-08-21 19:00:00,29.4,108.0,,0.0,False,False,True,False
2023-08-21 20:00:00,29.4,359.64,,0.0,False,False,True,False
2023-08-21 21:00:00,30.0,104.4,,0.0,False,False,True,False
2023-08-21 22:00:00,29.4,359.64,,0.0,False,False,True,False
2023-08-21 23:00:00,28.3,100.8,,0.0,False,False,True,False
2023-08-22 00:00:00,27.8,359.64,,0.0,False,False,True,False
2023-08-22 01:00:00,27.8,359.64,,0.0,False,False,True,False
2023-08-22 02:00:00,26.7,359.64,,0.0,False,False,True,False
2023-08-22 03:00:00,26.1,359.64,,0.0,False,False,True,False
2023-08-22 04:00:00,25.8,359.64,,0.0,False,False,True,False
2023-08-22 05:00:00,23.95,181.62,,0.0,False,False,True,False
2023-08-22 06:00:00,22.8,359.64,,0.0,False,False,True,False
2023-08-22 07:00:00,22.8,359.64,,0.0,False,False,True,False
2023-08-22 08:00:00,21.7,7.2,,0.0,False,False,False,False
2023-08-22 09:00:00,21.1,359.64,,0.0,False,False,True,False
2023-08-22 10:00:00,20.0,359.64,,0.0,False,False,True,False
2023-08-22 11:00:00,19.4,359.64,,0.0,False,False,True,False
2023-08-22 12:00:00,19.4,129.6,,0.0,False,False,True,False
2023-08-22 13:00:00,20.6,18.0,,0.0,False,False,False,False
2023-08-22 14:00:00,21.7,359.64,,0.0,False,False,True,False
2023-08-22 15:00:00,23.3,3.6,,0.0,False,False,False,False
2023-08-22 16:00:00,25.0,359.64,,0.0,False,False,True,False
2023-08-22 17:00:00,25.0,359.64,,0.0,False,False,True,False
2023-08-22 18:00:00,25.0,359.64,,0.0,False,False,True,False
2023-08-22 19:00:00,25.0,359.64,,0.0,False,False,True,False
2023-08-22 20:00:00,25.0,14.4,,0.0,False,False,False,False
2023-08-22 21:00:00,25.0,359.64,,0.0,False,False,True,False
2023-08-22 22:00:00,24.4,10.8,,0.0,False,False,False,False
2023-08-22 23:00:00,23.9,359.64,,0.0,False,False,True,False
2023-08-23 00:00:00,22.8,359.64,,0.0,False,False,True,False
2023-08-23 01:00:00,22.2,359.64,,0.0,False,False,True,False
2023-08-23 02:00:00,21.7,359.64,,0.0,False,False,True,False
2023-08-23 03:00:00,20.6,359.64,,0.0,False,False,True,False
2023-08-23 04:00:00,20.0,359.64,,0.0,False,False,True,False
2023-08-23 05:00:00,20.6,359.64,,0.0,False,False,True,False
2023-08-23 06:00:00,21.1,18.0,,0.0,False,False,False,False
2023-08-23 07:00:00,20.0,21.6,,0.0,False,False,False,False
2023-08-23 08:00:00,18.9,359.64,,0.0,False,False,True,False
2023-08-23 09:00:00,19.4,18.0,,0.0,False,False,False,False
2023-08-23 10:00:00,18.3,359.64,,0.0,False,False,True,False
2023-08-23 11:00:00,19.4,359.64,,0.0,False,False,True,False
2023-08-23 12:00:00,20.0,359.64,,0.0,False,False,True,False
2023-08-23 13:00:00,20.6,359.64,,0.0,False,False,True,False
2023-08-23 14:00:00,22.2,359.64,,0.0,False,False,True,False
2023-08-23 15:00:00,23.3,359.64,,0.0,False,False,True,False
2023-08-23 16:00:00,25.6,359.64,,0.0,False,False,True,False
2023-08-23 17:00:00,26.7,359.64,,0.0,False,False,True,False
2023-08-23 18:00:00,26.1,359.64,,0.0,False,False,True,False
2023-08-23 19:00:00,25.0,25.2,,0.0,False,False,True,False
2023-08-23 20:00:00,23.3,359.64,,0.0,False,False,True,False
2023-08-23 21:00:00,23.3,359.64,,0.0,False,False,True,False
2023-08-23 22:00:00,22.2,359.64,,0.0,False,False,True,False
2023-08-23 23:00:00,21.7,359.64,,0.0,False,False,True,False
2023-08-24 00:00:00,21.7,359.64,,0.0,False,False,True,False
2023-08-24 01:00:00,21.7,359.64,,0.0,False,False,True,False
2023-08-24 02:00:00,21.1,359.64,,0.0,False,False,True,False
2023-08-24 03:00:00,21.1,359.64,,0.0,False,False,True,False
2023-08-24 04:00:00,21.1,359.64,,0.0,False,False,True,False
2023-08-24 05:00:00,21.7,359.64,,0.0,False,False,True,False
2023-08-24 06:00:00,21.7,359.64,,0.0,False,False,True,False
2023-08-24 07:00:00,21.1,359.64,,0.0,False,False,True,False
2023-08-24 08:00:00,21.7,359.64,,0.0,False,False,True,False
2023-08-24 09:00:00,21.8,359.64,,0.0,False,False,True,False
2023-08-24 10:00:00,21.7,359.64,,0.0,False,False,True,False
2023-08-24 11:00:00,21.7,359.64,,0.0,False,False,True,False
2023-08-24 12:00:00,21.7,359.64,,0.0,False,False,True,False
2023-08-24 13:00:00,21.7,359.64,,0.0,False,False,True,False
2023-08-24 14:00:00,22.13,359.64,,0.0,False,False,True,False
2023-08-24 15:00:00,22.8,359.64,,0.0,False,False,True,False
2023-08-24 16:00:00,22.9,359.64,,0.0,False,False,True,False
2023-08-24 17:00:00,21.95,214.02,,0.0,False,False,True,False
2023-08-24 18:00:00,21.1,359.64,,0.0,False,False,True,False
2023-08-24 19:00:00,19.73,359.64,2.55,1.5,True,True,True,False
2023-08-24 20:00:00,19.33,220.02,2.82,7.9,True,True,True,False
2023-08-24 21:00:00,19.4,359.64,6.44,1.3,True,False,True,False
2023-08-24 22:00:00,20.0,359.64,8.05,0.0,False,False,True,False
2023-08-24 23:00:00,20.0,359.64,9.66,3.6,True,False,True,False
2023-08-25 00:00:00,20.0,359.64,,0.3,True,False,True,False
2023-08-25 01:00:00,20.0,359.64,,0.0,False,False,True,False
2023-08-25 02:00:00,20.0,359.64,,0.3,True,False,True,False
2023-08-25 03:00:00,20.85,359.64,,0.0,False,False,True,False
2023-08-25 04:00:00,21.1,359.64,,3.6,True,False,True,False
2023-08-25 05:00:00,21.8,272.16,2.62,3.0,True,True,True,False
2023-08-25 06:00:00,21.08,299.95,7.72,10.3,True,False,True,False
2023-08-25 07:00:00,21.1,359.64,,0.0,False,False,True,False
2023-08-25 08:00:00,21.1,359.64,,2.5,True,False,True,False
2023-08-25 09:00:00,21.7,359.64,,0.0,False,False,True,False
2023-08-25 10:00:00,21.7,359.64,3.62,4.0,True,True,True,False
2023-08-25 11:00:00,21.7,359.64,3.78,37.4,True,True,True,False
2023-08-25 12:00:00,21.7,359.64,6.44,0.5,True,False,True,False
2023-08-25 13:00:00,22.2,359.64,9.66,0.0,False,False,True,False
2023-08-25 14:00:00,22.2,359.64,6.44,0.8,True,False,True,False
2023-08-25 15:00:00,22.16,246.74,6.71,1.1,True,False,True,False
2023-08-25 16:00:00,22.75,359.64,,0.0,False,False,True,False
2023-08-25 17:00:00,24.4,359.64,,1.0,True,False,True,False
2023-08-25 18:00:00,23.9,359.64,9.66,0.0,False,False,True,False
2023-08-25 19:00:00,23.93,359.64,9.66,0.0,False,False,True,False
2023-08-25 20:00:00,24.2,359.64,,0.0,False,False,True,False
2023-08-25 21:00:00,25.6,359.64,,0.0,False,False,True,False
2023-08-25 22:00:00,25.0,359.64,,0.0,False,False,True,False
2023-08-25 23:00:00,24.4,359.64,,0.0,False,False,True,False
2023-08-26 00:00:00,23.9,359.64,,0.0,False,False,True,False
2023-08-26 01:00:00,23.3,359.64,,0.0,False,False,True,False
2023-08-26 02:00:00,23.3,14.4,,0.0,False,False,False,False
2023-08-26 03:00:00,23.9,359.64,,0.0,False,False,True,False
2023-08-26 04:00:00,23.9,359.64,,11.2,True,False,True,False
2023-08-26 05:00:00,24.4,359.64,,0.0,False,False,True,False
2023-08-26 06:00:00,23.9,359.64,,0.0,False,False,True,False
2023-08-26 07:00:00,23.9,359.64,,0.0,False,False,True,False
2023-08-26 08:00:00,23.9,359.64,,0.0,False,False,True,False
2023-08-26 09:00:00,23.9,359.64,,0.0,False,False,True,False
2023-08-26 10:00:00,23.9,97.2,,0.0,False,False,True,False
2023-08-26 11:00:00,23.22,262.12,2.26,71.6,True,True,True,False
2023-08-26 12:00:00,23.14,359.64,3.92,1.3,True,True,True,False
2023-08-26 13:00:00,23.5,244.56,5.1,0.0,False,False,True,False
2023-08-26 14:00:00,25.6,18.0,,0.3,True,False,False,False
2023-08-26 15:00:00,27.2,359.64,,0.0,False,False,True,False
2023-08-26 16:00:00,26.7,118.8,,0.0,False,False,True,False
2023-08-26 17:00:00,28.9,359.64,,0.3,True,False,True,False
2023-08-26 18:00:00,28.3,359.64,,0.0,False,False,True,False
2023-08-26 19:00:00,27.8,359.64,,0.0,False,False,True,False
2023-08-26 20:00:00,28.3,359.64,,0.0,False,False,True,False
2023-08-26 21:00:00,28.3,359.64,,0.0,False,False,True,False
2023-08-26 22:00:00,26.1,359.64,,0.0,False,False,True,False
2023-08-26 23:00:00,26.1,359.64,,0.0,False,False,True,False
2023-08-27 00:00:00,25.0,359.64,,0.0,False,False,True,False
2023-08-27 01:00:00,23.9,359.64,,0.0,False,False,True,False
2023-08-27 02:00:00,23.9,359.64,,0.0,False,False,True,False
2023-08-27 03:00:00,23.3,359.64,,0.0,False,False,True,False
2023-08-27 04:00:00,23.3,359.64,,13.2,True,False,True,False
2023-08-27 05:00:00,22.8,18.0,,0.0,False,False,False,False
2023-08-27 06:00:00,22.8,3.6,,0.0,False,False,False,False
2023-08-27 07:00:00,22.8,10.8,,0.0,False,False,False,False
2023-08-27 08:00:00,21.7,359.64,,0.0,False,False,True,False
2023-08-27 09:00:00,21.1,359.64,,0.0,False,False,True,False
2023-08-27 10:00:00,21.1,359.64,,0.0,False,False,True,False
2023-08-27 11:00:00,21.7,359.64,,0.3,True,False,True,False
2023-08-27 12:00:00,22.2,359.64,,0.0,False,False,True,False
2023-08-27 13:00:00,23.3,359.64,,0.0,False,False,True,False
2023-08-27 14:00:00,24.4,359.64,,0.0,False,False,True,False
2023-08-27 15:00:00,26.1,21.6,,0.0,False,False,False,False
2023-08-27 16:00:00,27.2,359.64,,0.0,False,False,True,False
2023-08-27 17:00:00,28.3,7.2,,0.0,False,False,False,False
2023-08-27 18:00:00,27.8,14.4,,0.0,False,False,False,False
2023-08-27 19:00:00,27.8,359.64,,0.0,False,False,True,False
2023-08-27 20:00:00,27.2,18.0,,0.0,False,False,False,False
2023-08-27 21:00:00,26.7,359.64,,0.0,False,False,True,False
2023-08-27 22:00:00,26.7,7.2,,0.0,False,False,False,False
2023-08-27 23:00:00,25.6,10.8,,0.0,False,False,False,False
2023-08-28 00:00:00,23.9,359.64,,0.0,False,False,True,False
2023-08-28 01:00:00,22.8,359.64,,0.0,False,False,True,False
2023-08-28 02:00:00,22.8,359.64,,0.0,False,False,True,False
2023-08-28 03:00:00,22.8,359.64,,0.0,False,False,True,False
2023-08-28 04:00:00,22.8,359.64,,0.0,False,False,True,False
2023-08-28 05:00:00,22.2,28.8,,0.0,False,False,True,False
2023-08-28 06:00:00,22.2,359.64,,0.0,False,False,True,False
2023-08-28 07:00:00,21.7,142.68,,0.0,False,False,True,False
2023-08-28 08:00:00,21.7,359.64,,0.0,False,False,True,False
2023-08-28 09:00:00,21.7,359.64,,0.0,False,False,True,False
2023-08-28 10:00:00,21.97,27.6,,0.0,False,False,True,False
2023-08-28 11:00:00,21.95,28.8,,0.0,False,False,True,False
2023-08-28 12:00:00,22.2,43.2,,0.0,False,False,True,False
2023-08-28 13:00:00,22.8,359.64,,0.0,False,False,True,False
2023-08-28 14:00:00,22.9,280.53,,0.0,False,False,True,False
2023-08-28 15:00:00,23.15,196.02,,0.0,False,False,True,False
2023-08-28 16:00:00,23.3,359.64,,0.0,False,False,True,False
2023-08-28 17:00:00,23.3,359.64,,0.0,False,False,True,False
2023-08-28 18:00:00,23.9,359.64,,0.0,False,False,True,False
2023-08-28 19:00:00,23.9,359.64,,0.0,False,False,True,False
2023-08-28 20:00:00,23.67,359.64,,0.0,False,False,True,False
2023-08-28 21:00:00,23.15,359.64,,0.0,False,False,True,False
2023-08-28 22:00:00,22.5,359.64,,0.0,False,False,True,False
2023-08-28 23:00:00,22.2,359.64,,0.0,False,False,True,False
2023-08-29 00:00:00,22.2,359.64,,0.0,False,False,True,False
2023-08-29 01:00:00,21.7,359.64,,0.0,False,False,True,False
2023-08-29 02:00:00,21.7,36.0,,0.0,False,False,True,False
2023-08-29 03:00:00,21.1,39.6,,0.0,False,False,True,False
2023-08-29 04:00:00,21.1,359.64,,0.0,False,False,True,False
2023-08-29 05:00:00,21.1,28.8,,0.0,False,False,True,False
2023-08-29 06:00:00,21.1,36.0,,0.0,False,False,True,False
2023-08-29 07:00:00,20.0,18.0,,0.0,False,False,False,False
2023-08-29 08:00:00,20.0,18.0,,0.0,False,False,False,False
2023-08-29 09:00:00,20.3,21.6,,0.0,False,False,False,False
2023-08-29 10:00:00,21.1,359.64,,0.0,False,False,True,False
2023-08-29 11:00:00,21.1,18.0,,0.0,False,False,False,False
2023-08-29 12:00:00,21.7,359.64,,0.0,False,False,True,False
2023-08-29 13:00:00,22.2,188.82,,0.0,False,False,True,False
2023-08-29 14:00:00,23.6,185.22,,0.0,False,False,True,False
2023-08-29 15:00:00,24.15,19.8,,0.0,False,False,False,False
2023-08-29 16:00:00,25.6,359.64,,0.0,False,False,True,False
2023-08-29 17:00:00,25.9,246.96,,0.0,False,False,True,False
2023-08-29 18:00:00,25.85,359.64,,0.0,False,False,True,False
2023-08-29 19:00:00,26.1,28.8,,0.0,False,False,True,False
2023-08-29 20:00:00,25.0,359.64,,0.0,False,False,True,False
2023-08-29 21:00:00,25.0,359.64,,0.0,False,False,True,False
2023-08-29 22:00:00,24.7,359.64,,0.0,False,False,True,False
2023-08-29 23:00:00,23.9,32.4,,0.0,False,False,True,False
2023-08-30 00:00:00,24.15,197.82,,0.0,False,False,True,False
2023-08-30 01:00:00,23.9,359.64,,0.0,False,False,True,False
2023-08-30 02:00:00,23.3,359.64,,0.0,False,False,True,False
2023-08-30 03:00:00,23.9,359.64,,0.0,False,False,True,False
2023-08-30 04:00:00,23.3,359.64,,0.0,False,False,True,False
2023-08-30 05:00:00,23.3,359.64,,0.0,False,False,True,False
2023-08-30 06:00:00,23.3,226.62,,0.0,False,False,True,False
2023-08-30 07:00:00,23.22,359.64,,0.0,False,False,True,False
2023-08-30 08:00:00,23.2,359.64,,0.0,False,False,True,False
2023-08-30 09:00:00,23.2,359.64,,0.0,False,False,True,False
2023-08-30 10:00:00,22.8,214.02,,0.0,False,False,True,False
2023-08-30 11:00:00,23.3,359.64,,0.0,False,False,True,False
2023-08-30 12:00:00,23.3,359.64,,0.0,False,False,True,False
2023-08-30 13:00:00,22.2,247.68,2.41,27.9,True,True,True,False
2023-08-30 14:00:00,21.87,359.64,3.62,8.6,True,True,True,False
2023-08-30 15:00:00,23.93,359.64,,0.0,False,False,True,False
2023-08-30 16:00:00,25.98,228.42,,0.0,False,False,True,False
2023-08-30 17:00:00,28.3,359.64,,6.9,True,False,True,False
2023-08-30 18:00:00,26.7,97.2,,0.0,False,False,True,False
2023-08-30 19:00:00,27.2,359.64,,0.0,False,False,True,False
2023-08-30 20:00:00,27.2,104.4,,0.0,False,False,True,False
2023-08-30 21:00:00,27.2,359.64,,0.0,False,False,True,False
2023-08-30 22:00:00,26.1,104.4,,0.0,False,False,True,False
2023-08-30 23:00:00,25.6,108.0,,0.0,False,False,True,False
2023-08-31 00:00:00,24.4,359.64,,0.0,False,False,True,False
2023-08-31 01:00:00,23.3,108.0,,0.0,False,False,True,False
2023-08-31 02:00:00,22.2,359.64,,0.0,False,False,True,False
2023-08-31 03:00:00,21.1,104.4,,0.0,False,False,True,False
2023-08-31 04:00:00,20.0,359.64,,6.9,True,False,True,False
2023-08-31 05:00:00,19.4,359.64,,0.0,False,False,True,False
2023-08-31 06:00:00,19.4,359.64,,0.0,False,False,True,False
2023-08-31 07:00:00,19.4,359.64,,0.0,False,False,True,False
2023-08-31 08:00:00,18.9,359.64,,0.0,False,False,True,False
2023-08-31 09:00:00,18.9,359.64,,0.0,False,False,True,False
2023-08-31 10:00:00,18.3,359.64,,0.0,False,False,True,False
2023-08-31 11:00:00,18.3,18.0,,6.9,True,False,False,False
2023-08-31 12:00:00,18.3,7.2,,0.0,False,False,False,False
2023-08-31 13:00:00,19.4,21.6,,0.0,False,False,False,False
2023-08-31 14:00:00,20.6,21.6,,0.0,False,False,False,False
2023-08-31 15:00:00,22.2,129.6,,0.0,False,False,True,False
2023-08-31 16:00:00,23.3,18.0,,0.0,False,False,False,False
2023-08-31 17:00:00,24.4,18.0,,0.0,False,False,False,False
2023-08-31 18:00:00,24.4,359.64,,0.0,False,False,True,False
2023-08-31 19:00:00,23.9,18.0,,0.0,False,False,False,False
2023-08-31 20:00:00,23.9,359.64,,0.0,False,False,True,False
2023-08-31 21:00:00,23.3,3.6,,0.0,False,False,False,False
2023-08-31 22:00:00,22.8,7.2,,0.0,False,False,False,False
2023-08-31 23:00:00,21.7,359.64,,0.0,False,False,True,False
2023-09-01 00:00:00,21.1,359.64,,0.0,False,False,True,False
2023-09-01 01:00:00,21.1,359.64,,0.0,False,False,True,False
2023-09-01 02:00:00,20.0,359.64,,0.0,False,False,True,False
2023-09-01 03:00:00,20.6,18.0,,0.0,False,False,False,False
2023-09-01 04:00:00,19.4,359.64,,0.0,False,False,True,False
2023-09-01 05:00:00,18.9,359.64,,0.0,False,False,True,False
2023-09-01 06:00:00,17.8,359.64,,0.0,False,False,True,False
2023-09-01 07:00:00,17.2,359.64,,0.0,False,False,True,False
2023-09-01 08:00:00,17.2,359.64,,0.0,False,False,True,False
2023-09-01 09:00:00,16.7,7.2,,0.0,False,False,False,False
2023-09-01 10:00:00,16.1,359.64,,0.0,False,False,True,False
2023-09-01 11:00:00,16.7,18.0,,0.0,False,False,False,False
2023-09-01 12:00:00,17.8,359.64,,0.0,False,False,True,False
2023-09-01 13:00:00,19.4,359.64,,0.0,False,False,True,False
2023-09-01 14:00:00,20.6,359.64,,0.0,False,False,True,False
2023-09-01 15:00:00,22.2,359.64,,0.0,False,False,True,False
2023-09-01 16:00:00,23.3,21.6,,0.0,False,False,False,False
2023-09-01 17:00:00,23.9,43.2,,0.0,False,False,True,False
2023-09-01 18:00:00,23.9,21.6,,0.0,False,False,False,False
2023-09-01 19:00:00,23.9,359.64,,0.0,False,False,True,False
2023-09-01 20:00:00,22.8,21.6,,0.0,False,False,False,False
2023-09-01 21:00:00,22.2,359.64,,0.0,False,False,True,False
2023-09-01 22:00:00,21.1,359.64,,0.0,False,False,True,False
2023-09-01 23:00:00,19.4,359.64,,0.0,False,False,True,False
2023-09-02 00:00:00,18.9,72.0,,0.0,False,False,True,False
2023-09-02 01:00:00,18.9,359.64,,0.0,False,False,True,False
2023-09-02 02:00:00,18.3,359.64,,0.0,False,False,True,False
2023-09-02 03:00:00,18.3,359.64,,0.0,False,False,True,False
2023-09-02 04:00:00,18.3,226.62,,0.0,False,False,True,False
2023-09-02 05:00:00,17.8,359.64,,0.0,False,False,True,False
2023-09-02 06:00:00,17.2,359.64,,0.0,False,False,True,False
2023-09-02 07:00:00,17.2,359.64,,0.0,False,False,True,False
2023-09-02 08:00:00,17.2,97.2,,0.0,False,False,True,False
2023-09-02 09:00:00,17.2,97.2,,0.0,False,False,True,False
2023-09-02 10:00:00,16.7,359.64,,0.0,False,False,True,False
2023-09-02 11:00:00,17.2,359.64,,0.0,False,False,True,False
2023-09-02 12:00:00,18.9,359.64,,0.0,False,False,True,False
2023-09-02 13:00:00,20.6,359.64,,0.0,False,False,True,False
2023-09-02 14:00:00,22.2,359.64,,0.0,False,False,True,False
2023-09-02 15:00:00,23.3,72.0,,0.0,False,False,True,False
2023-09-02 16:00:00,25.6,359.64,,0.0,False,False,True,False
2023-09-02 17:00:00,25.6,359.64,,0.0,False,False,True,False
2023-09-02 18:00:00,25.6,359.64,,0.0,False,False,True,False
2023-09-02 19:00:00,25.0,359.64,,0.0,False,False,True,False
2023-09-02 20:00:00,23.9,359.64,,0.0,False,False,True,False
2023-09-02 21:00:00,23.3,359.64,,0.0,False,False,True,False
2023-09-02 22:00:00,22.8,359.64,,0.0,False,False,True,False
2023-09-02 23:00:00,21.7,359.64,,0.0,False,False,True,False
2023-09-03 00:00:00,21.7,359.64,,0.0,False,False,True,False
2023-09-03 01:00:00,21.1,75.6,,0.0,False,False,True,False
2023-09-03 02:00:00,21.7,359.64,,0.0,False,False,True,False
2023-09-03 03:00:00,21.7,75.6,,0.0,False,False,True,False
2023-09-03 04:00:00,21.7,359.64,,0.0,False,False,True,False
2023-09-03 05:00:00,21.1,359.64,,0.0,False,False,True,False
2023-09-03 06:00:00,20.6,359.64,,0.0,False,False,True,False
2023-09-03 07:00:00,20.6,359.64,,0.0,False,False,True,False
2023-09-03 08:00:00,20.6,359.64,,0.0,False,False,True,False
2023-09-03 09:00:00,20.6,359.64,,0.0,False,False,True,False
2023-09-03 10:00:00,20.6,359.64,,0.0,False,False,True,False
2023-09-03 11:00:00,21.1,359.64,,0.0,False,False,True,False
2023-09-03 12:00:00,21.7,100.8,,0.0,False,False,True,False
2023-09-03 13:00:00,23.9,86.4,,0.0,False,False,True,False
2023-09-03 14:00:00,26.1,359.64,,0.0,False,False,True,False
2023-09-03 15:00:00,28.9,359.64,,0.0,False,False,True,False
2023-09-03 16:00:00,30.0,359.64,,0.0,False,False,True,False
2023-09-03 17:00:00,30.6,359.64,,0.0,False,False,True,False
2023-09-03 18:00:00,30.6,359.64,,0.0,False,False,True,False
2023-09-03 19:00:00,31.1,359.64,,0.0,False,False,True,False
2023-09-03 20:00:00,30.6,359.64,,0.0,False,False,True,False
2023-09-03 21:00:00,30.0,108.0,,0.0,False,False,True,False
2023-09-03 22:00:00,29.4,100.8,,0.0,False,False,True,False
2023-09-03 23:00:00,28.9,359.64,,0.0,False,False,True,False
2023-09-04 00:00:00,28.3,359.64,,0.0,False,False,True,False
2023-09-04 01:00:00,27.8,359.64,,0.0,False,False,True,False
2023-09-04 02:00:00,27.8,100.8,,0.0,False,False,True,False
2023-09-04 03:00:00,26.1,359.64,,0.0,False,False,True,False
2023-09-04 04:00:00,26.1,232.02,,0.0,False,False,True,False
2023-09-04 05:00:00,25.6,108.0,,0.0,False,False,True,False
2023-09-04 06:00:00,25.0,359.64,,0.0,False,False,True,False
2023-09-04 07:00:00,25.6,108.0,,0.0,False,False,True,False
2023-09-04 08:00:00,24.4,359.64,,0.0,False,False,True,False
2023-09-04 09:00:00,23.3,104.4,,0.0,False,False,True,False
2023-09-04 10:00:00,22.8,359.64,,0.0,False,False,True,False
2023-09-04 11:00:00,23.9,359.64,,0.0,False,False,True,False
2023-09-04 12:00:00,24.4,359.64,,0.0,False,False,True,False
2023-09-04 13:00:00,25.0,359.64,,0.0,False,False,True,False
2023-09-04 14:00:00,26.7,359.64,,0.0,False,False,True,False
2023-09-04 15:00:00,28.3,359.64,,0.0,False,False,True,False
2023-09-04 16:00:00,28.3,359.64,,0.0,False,False,True,False
2023-09-04 17:00:00,30.6,359.64,,0.0,False,False,True,False
2023-09-04 18:00:00,28.3,359.64,,0.0,False,False,True,False
2023-09-04 19:00:00,29.4,359.64,,0.0,False,False,True,False
2023-09-04 20:00:00,30.0,359.64,,0.0,False,False,True,False
2023-09-04 21:00:00,30.0,359.64,,0.0,False,False,True,False
2023-09-04 22:00:00,29.4,10.8,,0.0,False,False,False,False
2023-09-04 23:00:00,30.0,10.8,,0.0,False,False,False,False
2023-09-05 00:00:00,28.9,359.64,,0.0,False,False,True,False
2023-09-05 01:00:00,27.8,359.64,,0.0,False,False,True,False
2023-09-05 02:00:00,27.8,359.64,,0.0,False,False,True,False
2023-09-05 03:00:00,27.2,359.64,,0.0,False,False,True,False
2023-09-05 04:00:00,27.2,359.64,,0.0,False,False,True,False
2023-09-05 05:00:00,26.7,359.64,,0.0,False,False,True,False
2023-09-05 06:00:00,25.6,359.64,,0.0,False,False,True,False
2023-09-05 07:00:00,25.0,359.64,,0.0,False,False,True,False
2023-09-05 08:00:00,24.4,104.4,,0.0,False,False,True,False
2023-09-05 09:00:00,23.9,359.64,,0.0,False,False,True,False
2023-09-05 10:00:00,23.9,359.64,,0.0,False,False,True,False
2023-09-05 11:00:00,25.0,359.64,,0.0,False,False,True,False
2023-09-05 12:00:00,25.6,359.64,,0.0,False,False,True,False
2023-09-05 13:00:00,27.8,359.64,,0.0,False,False,True,False
2023-09-05 14:00:00,28.9,18.0,,0.0,False,False,False,False
2023-09-05 15:00:00,31.1,359.64,,0.0,False,False,True,False
2023-09-05 16:00:00,32.2,126.0,,0.0,False,False,True,False
2023-09-05 17:00:00,31.1,18.0,,0.0,False,False,False,False
2023-09-05 18:00:00,31.7,10.8,,0.0,False,False,False,False
2023-09-05 19:00:00,31.7,359.64,,0.0,False,False,True,False
2023-09-05 20:00:00,31.1,359.64,,0.0,False,False,True,False
2023-09-05 21:00:00,31.1,359.64,,0.0,False,False,True,False
2023-09-05 22:00:00,30.6,359.64,,0.0,False,False,True,False
2023-09-05 23:00:00,30.0,7.2,,0.0,False,False,False,False
2023-09-06 00:00:00,29.4,7.2,,0.0,False,False,False,False
2023-09-06 01:00:00,28.9,7.2,,0.0,False,False,False,False
2023-09-06 02:00:00,28.3,18.0,,0.0,False,False,False,False
2023-09-06 03:00:00,28.3,359.64,,0.0,False,False,True,False
2023-09-06 04:00:00,27.8,359.64,,0.0,False,False,True,False
2023-09-06 05:00:00,26.7,359.64,,0.0,False,False,True,False
2023-09-06 06:00:00,26.1,359.64,,0.0,False,False,True,False
2023-09-06 07:00:00,25.0,359.64,,0.0,False,False,True,False
2023-09-06 08:00:00,25.0,359.64,,0.0,False,False,True,False
2023-09-06 09:00:00,25.0,104.4,,0.0,False,False,True,False
2023-09-06 10:00:00,25.0,108.0,,0.0,False,False,True,False
2023-09-06 11:00:00,25.6,111.6,,0.0,False,False,True,False
2023-09-06 12:00:00,26.7,100.8,,0.0,False,False,True,False
2023-09-06 13:00:00,28.3,359.64,,0.0,False,False,True,False
2023-09-06 14:00:00,30.0,18.0,,0.0,False,False,False,False
2023-09-06 15:00:00,31.7,359.64,,0.0,False,False,True,False
2023-09-06 16:00:00,32.8,359.64,,0.0,False,False,True,False
2023-09-06 17:00:00,33.9,359.64,,0.0,False,False,True,False
2023-09-06 18:00:00,33.3,359.64,,0.0,False,False,True,False
2023-09-06 19:00:00,33.9,359.64,,0.0,False,False,True,False
2023-09-06 20:00:00,33.3,359.64,,0.0,False,False,True,False
2023-09-06 21:00:00,32.2,359.64,,0.0,False,False,True,False
2023-09-06 22:00:00,30.6,359.64,,0.0,False,False,True,False
2023-09-06 23:00:00,30.0,359.64,,0.0,False,False,True,False
2023-09-07 00:00:00,29.4,359.64,,0.0,False,False,True,False
2023-09-07 01:00:00,29.4,97.2,,0.0,False,False,True,False
2023-09-07 02:00:00,28.9,359.64,,0.0,False,False,True,False
2023-09-07 03:00:00,28.3,100.8,,0.0,False,False,True,False
2023-09-07 04:00:00,27.8,359.64,,0.0,False,False,True,False
2023-09-07 05:00:00,27.8,359.64,,0.0,False,False,True,False
2023-09-07 06:00:00,27.2,359.64,,0.0,False,False,True,False
2023-09-07 07:00:00,26.7,97.2,,0.0,False,False,True,False
2023-09-07 08:00:00,26.1,359.64,,0.0,False,False,True,False
2023-09-07 09:00:00,26.7,359.64,,0.0,False,False,True,False
2023-09-07 10:00:00,26.1,359.64,,0.0,False,False,True,False
2023-09-07 11:00:00,27.2,359.64,,0.0,False,False,True,False
2023-09-07 12:00:00,28.9,359.64,,0.0,False,False,True,False
2023-09-07 13:00:00,30.0,108.0,,0.0,False,False,True,False
2023-09-07 14:00:00,30.6,359.64,,0.0,False,False,True,False
2023-09-07 15:00:00,32.8,359.64,,0.0,False,False,True,False
2023-09-07 16:00:00,33.3,75.6,,0.0,False,False,True,False
2023-09-07 17:00:00,33.9,359.64,,0.0,False,False,True,False
2023-09-07 18:00:00,33.3,359.64,,0.0,False,False,True,False
2023-09-07 19:00:00,32.8,359.64,,0.0,False,False,True,False
2023-09-07 20:00:00,31.1,359.64,,0.0,False,False,True,False
2023-09-07 21:00:00,30.6,359.64,,0.0,False,False,True,False
2023-09-07 22:00:00,30.0,359.64,,0.0,False,False,True,False
2023-09-07 23:00:00,29.4,359.64,,0.0,False,False,True,False
2023-09-08 00:00:00,27.2,359.64,,0.0,False,False,True,False
2023-09-08 01:00:00,26.1,359.64,,0.0,False,False,True,False
2023-09-08 02:00:00,26.1,104.4,,0.0,False,False,True,False
2023-09-08 03:00:00,24.4,359.64,,0.0,False,False,True,False
2023-09-08 04:00:00,25.0,359.64,,0.0,False,False,True,False
2023-09-08 05:00:00,22.2,21.6,,0.6,True,False,False,False
2023-09-08 06:00:00,22.2,43.2,,0.0,False,False,True,False
2023-09-08 07:00:00,22.8,359.64,,0.0,False,False,True,False
2023-09-08 08:00:00,23.3,39.6,,0.0,False,False,True,False
2023-09-08 09:00:00,23.3,359.64,,0.0,False,False,True,False
2023-09-08 10:00:00,24.15,359.64,,0.0,False,False,True,False
2023-09-08 11:00:00,25.6,359.64,8.05,0.3,True,False,True,False
2023-09-08 12:00:00,25.0,359.64,9.66,0.0,False,False,True,False
2023-09-08 13:00:00,26.6,359.64,,0.0,False,False,True,False
2023-09-08 14:00:00,27.8,359.64,,0.0,False,False,True,False
2023-09-08 15:00:00,28.7,359.64,9.66,0.0,False,False,True,False
2023-09-08 16:00:00,31.7,359.64,9.66,0.0,False,False,True,False
2023-09-08 17:00:00,30.6,359.64,,0.0,False,False,True,False
2023-09-08 18:00:00,28.3,359.64,,0.0,False,False,True,False
2023-09-08 19:00:00,25.0,108.0,,0.3,True,False,True,False
2023-09-08 20:00:00,23.9,359.64,,0.6,True,False,True,False
2023-09-08 21:00:00,23.75,274.23,4.53,4.4,True,True,True,False
2023-09-08 22:00:00,23.19,236.88,3.74,2.2,True,True,True,False
2023-09-08 23:00:00,22.8,359.64,9.66,2.3,True,False,True,False
2023-09-09 00:00:00,22.2,359.64,8.05,0.0,False,False,True,False
2023-09-09 01:00:00,22.8,25.2,8.05,0.0,False,False,True,False
2023-09-09 02:00:00,23.3,10.8,6.44,0.0,False,False,False,False
2023-09-09 03:00:00,23.3,359.64,4.83,0.0,False,True,True,False
2023-09-09 04:00:00,23.2,295.83,4.56,2.5,True,True,True,False
2023-09-09 05:00:00,23.05,55.8,5.63,0.0,False,False,True,False
2023-09-09 06:00:00,23.3,359.64,7.24,0.0,False,False,True,False
2023-09-09 07:00:00,22.8,359.64,9.66,0.0,False,False,True,False
2023-09-09 08:00:00,23.3,359.64,9.66,0.0,False,False,True,False
2023-09-09 09:00:00,23.9,359.64,9.66,0.0,False,False,True,False
2023-09-09 10:00:00,23.3,359.64,9.66,0.0,False,False,True,False
2023-09-09 11:00:00,23.9,359.64,7.24,2.3,True,False,True,False
2023-09-09 12:00:00,25.0,359.64,8.05,0.0,False,False,True,False
2023-09-09 13:00:00,25.6,359.64,8.05,0.0,False,False,True,False
2023-09-09 14:00:00,27.75,359.64,9.66,0.0,False,False,True,False
2023-09-09 15:00:00,28.38,294.03,,0.0,False,False,True,False
2023-09-09 16:00:00,28.05,359.64,,0.0,False,False,True,False
2023-09-09 17:00:00,27.8,232.02,,0.0,False,False,True,False
2023-09-09 18:00:00,27.2,192.42,,0.0,False,False,True,False
2023-09-09 19:00:00,24.7,187.02,,0.0,False,False,True,False
2023-09-09 20:00:00,23.35,230.22,,0.6,True,False,True,False
2023-09-09 21:00:00,21.1,359.64,,0.3,True,False,True,False
2023-09-09 22:00:00,22.03,359.64,,0.0,False,False,True,False
2023-09-09 23:00:00,24.2,359.64,8.05,0.5,True,False,True,False
2023-09-10 00:00:00,23.6,359.64,8.05,0.0,False,False,True,False
2023-09-10 01:00:00,22.8,359.64,,0.0,False,False,True,False
2023-09-10 02:00:00,23.13,359.64,,0.0,False,False,True,False
2023-09-10 03:00:00,23.3,188.28,9.66,0.0,False,False,True,False
2023-09-10 04:00:00,22.2,359.64,,0.5,True,False,True,False
2023-09-10 05:00:00,22.2,359.64,,0.0,False,False,True,False
2023-09-10 06:00:00,22.2,359.64,,0.0,False,False,True,False
2023-09-10 07:00:00,22.8,43.2,,0.0,False,False,True,False
2023-09-10 08:00:00,23.3,359.64,,0.0,False,False,True,False
2023-09-10 09:00:00,22.8,359.64,,0.0,False,False,True,False
2023-09-10 10:00:00,22.8,359.64,9.66,0.0,False,False,True,False
2023-09-10 11:00:00,23.3,359.64,,0.5,True,False,True,False
2023-09-10 12:00:00,23.9,359.64,,0.0,False,False,True,False
2023-09-10 13:00:00,24.4,100.8,,0.0,False,False,True,False
2023-09-10 14:00:00,22.18,230.67,1.91,32.6,True,True,True,False
2023-09-10 15:00:00,20.68,156.17,3.38,40.4,True,True,True,False
2023-09-10 16:00:00,20.95,295.83,4.32,3.8,True,True,True,False
2023-09-10 17:00:00,22.2,18.0,,18.3,True,False,False,False
2023-09-10 18:00:00,22.8,359.64,,0.0,False,False,True,False
2023-09-10 19:00:00,23.9,39.6,,0.0,False,False,True,False
2023-09-10 20:00:00,23.9,21.6,,0.0,False,False,False,False
2023-09-10 21:00:00,23.9,39.6,,0.0,False,False,True,False
2023-09-10 22:00:00,22.8,359.64,,0.0,False,False,True,False
2023-09-10 23:00:00,23.03,22.8,,0.0,False,False,False,False
2023-09-11 00:00:00,22.8,359.64,6.44,1.3,True,False,True,False
2023-09-11 01:00:00,22.87,145.08,4.02,3.4,True,True,True,False
2023-09-11 02:00:00,22.68,296.35,4.35,13.0,True,True,True,False
2023-09-11 03:00:00,22.3,317.39,2.46,16.3,True,True,True,False
2023-09-11 04:00:00,22.18,162.22,2.55,92.9,True,True,True,False
2023-09-11 05:00:00,22.17,214.25,4.37,63.2,True,True,True,False
2023-09-11 06:00:00,22.2,274.23,3.82,0.0,False,True,True,False
2023-09-11 07:00:00,22.2,15.6,5.9,0.0,False,False,False,False
2023-09-11 08:00:00,22.2,10.8,6.44,0.3,True,False,False,False
2023-09-11 09:00:00,22.68,104.33,3.38,7.8,True,True,True,False
2023-09-11 10:00:00,23.05,12.6,8.85,0.0,False,False,False,False
2023-09-11 11:00:00,23.3,127.08,6.97,50.8,True,False,True,False
2023-09-11 12:00:00,23.7,19.2,5.36,0.0,False,False,False,False
2023-09-11 13:00:00,24.07,248.16,7.24,0.0,False,False,True,False
2023-09-11 14:00:00,24.6,248.16,,0.0,False,False,True,False
2023-09-11 15:00:00,25.6,21.6,,0.0,False,False,False,False
2023-09-11 16:00:00,26.7,359.64,,0.0,False,False,True,False
2023-09-11 17:00:00,27.2,359.64,,0.0,False,False,True,False
2023-09-11 18:00:00,25.85,359.64,,0.0,False,False,True,False
2023-09-11 19:00:00,24.05,101.61,2.01,8.0,True,True,True,False
2023-09-11 20:00:00,23.78,276.03,7.24,4.7,True,False,True,False
2023-09-11 21:00:00,22.91,209.52,3.05,45.6,True,True,True,False
2023-09-11 22:00:00,20.9,201.96,2.17,137.8,True,True,True,False
2023-09-11 23:00:00,21.1,246.96,3.82,41.1,True,True,True,False
2023-09-12 00:00:00,22.2,10.8,8.05,0.0,False,False,False,False
2023-09-12 01:00:00,21.1,359.64,,0.0,False,False,True,False
2023-09-12 02:00:00,21.1,359.64,,0.0,False,False,True,False
2023-09-12 03:00:00,21.1,185.22,9.66,0.0,False,False,True,False
2023-09-12 04:00:00,21.7,233.82,,42.2,True,False,True,False
2023-09-12 05:00:00,21.22,296.73,9.66,0.0,False,False,True,False
2023-09-12 06:00:00,20.6,359.64,,0.0,False,False,True,False
2023-09-12 07:00:00,20.0,359.64,8.05,0.0,False,False,True,False
2023-09-12 08:00:00,20.6,359.64,,0.0,False,False,True,False
2023-09-12 09:00:00,20.0,115.2,,0.0,False,False,True,False
2023-09-12 10:00:00,20.0,359.64,,0.0,False,False,True,False
2023-09-12 11:00:00,20.0,359.64,,38.9,True,False,True,False
2023-09-12 12:00:00,20.6,187.02,,0.0,False,False,True,False
2023-09-12 13:00:00,20.6,359.64,,0.0,False,False,True,False
2023-09-12 14:00:00,21.4,359.64,,0.0,False,False,True,False
2023-09-12 15:00:00,23.9,359.64,,0.0,False,False,True,False
2023-09-12 16:00:00,25.6,359.64,,0.0,False,False,True,False
2023-09-12 17:00:00,27.2,359.64,,0.0,False,False,True,False
2023-09-12 18:00:00,27.2,359.64,,0.0,False,False,True,False
2023-09-12 19:00:00,27.8,359.64,,0.0,False,False,True,False
2023-09-12 20:00:00,27.2,359.64,,0.0,False,False,True,False
2023-09-12 21:00:00,26.7,359.64,,0.0,False,False,True,False
2023-09-12 22:00:00,25.0,359.64,,0.0,False,False,True,False
2023-09-12 23:00:00,23.9,359.64,,0.0,False,False,True,False
2023-09-13 00:00:00,23.3,359.64,,0.0,False,False,True,False
2023-09-13 01:00:00,22.8,359.64,,0.0,False,False,True,False
2023-09-13 02:00:00,23.3,359.64,,0.0,False,False,True,False
2023-09-13 03:00:00,23.3,359.64,,0.0,False,False,True,False
2023-09-13 04:00:00,22.8,359.64,,0.0,False,False,True,False
2023-09-13 05:00:00,23.3,359.64,,0.0,False,False,True,False
2023-09-13 06:00:00,23.3,359.64,,0.0,False,False,True,False
2023-09-13 07:00:00,23.3,359.64,,0.0,False,False,True,False
2023-09-13 08:00:00,23.3,359.64,7.24,1.0,True,False,True,False
2023-09-13 09:00:00,22.97,359.64,4.29,4.8,True,True,True,False
2023-09-13 10:00:00,22.65,290.43,7.24,4.7,True,False,True,False
2023-09-13 11:00:00,22.1,359.64,8.85,10.6,True,False,True,False
2023-09-13 12:00:00,21.87,267.36,6.44,0.0,False,False,True,False
2023-09-13 13:00:00,22.1,221.22,,0.0,False,False,True,False
2023-09-13 14:00:00,22.2,359.64,,0.0,False,False,True,False
2023-09-13 15:00:00,23.6,359.64,,0.0,False,False,True,False
2023-09-13 16:00:00,24.4,359.64,,0.0,False,False,True,False
2023-09-13 17:00:00,24.4,82.8,,0.0,False,False,True,False
2023-09-13 18:00:00,23.9,359.64,,0.3,True,False,True,False
2023-09-13 19:00:00,24.4,100.8,,0.0,False,False,True,False
2023-09-13 20:00:00,25.0,359.64,,0.3,True,False,True,False
2023-09-13 21:00:00,25.6,359.64,,0.0,False,False,True,False
2023-09-13 22:00:00,25.0,359.64,,0.0,False,False,True,False
2023-09-13 23:00:00,23.9,359.64,,0.3,True,False,True,False
2023-09-14 00:00:00,24.4,122.4,,0.0,False,False,True,False
2023-09-14 01:00:00,22.8,359.64,,0.0,False,False,True,False
2023-09-14 02:00:00,22.8,7.2,,0.0,False,False,False,False
2023-09-14 03:00:00,22.2,14.4,,0.0,False,False,False,False
2023-09-14 04:00:00,21.7,359.64,,5.6,True,False,True,False
2023-09-14 05:00:00,21.1,359.64,,0.0,False,False,True,False
2023-09-14 06:00:00,21.1,242.16,,0.0,False,False,True,False
2023-09-14 07:00:00,20.3,187.02,,0.0,False,False,True,False
2023-09-14 08:00:00,19.4,359.64,,0.0,False,False,True,False
2023-09-14 09:00:00,18.9,359.64,,0.0,False,False,True,False
2023-09-14 10:00:00,18.3,359.64,,0.0,False,False,True,False
2023-09-14 11:00:00,18.3,359.64,,0.3,True,False,True,False
2023-09-14 12:00:00,18.9,3.6,,0.0,False,False,False,False
2023-09-14 13:00:00,20.0,359.64,,0.0,False,False,True,False
2023-09-14 14:00:00,21.1,359.64,,0.0,False,False,True,False
2023-09-14 15:00:00,22.8,359.64,,0.0,False,False,True,False
2023-09-14 16:00:00,23.9,108.0,,0.0,False,False,True,False
2023-09-14 17:00:00,24.4,111.6,,0.0,False,False,True,False
2023-09-14 18:00:00,24.4,359.64,,0.0,False,False,True,False
2023-09-14 19:00:00,24.4,104.4,,0.0,False,False,True,False
2023-09-14 20:00:00,23.9,359.64,,0.0,False,False,True,False
2023-09-14 21:00:00,23.3,359.64,,0.0,False,False,True,False
2023-09-14 22:00:00,22.2,359.64,,0.0,False,False,True,False
2023-09-14 23:00:00,21.7,359.64,,0.0,False,False,True,False
2023-09-15 00:00:00,20.6,118.8,,0.0,False,False,True,False
2023-09-15 01:00:00,19.4,359.64,,0.0,False,False,True,False
2023-09-15 02:00:00,18.9,359.64,,0.0,False,False,True,False
2023-09-15 03:00:00,18.3,359.64,,0.0,False,False,True,False
2023-09-15 04:00:00,17.2,359.64,,0.0,False,False,True,False
2023-09-15 05:00:00,16.7,3.6,,0.0,False,False,False,False
2023-09-15 06:00:00,16.1,359.64,,0.0,False,False,True,False
2023-09-15 07:00:00,15.6,359.64,,0.0,False,False,True,False
2023-09-15 08:00:00,15.6,359.64,,0.0,False,False,True,False
2023-09-15 09:00:00,15.0,359.64,,0.0,False,False,True,False
2023-09-15 10:00:00,14.4,359.64,,0.0,False,False,True,False
2023-09-15 11:00:00,14.4,359.64,,0.0,False,False,True,False
2023-09-15 12:00:00,15.0,3.6,,0.0,False,False,False,False
2023-09-15 13:00:00,16.1,359.64,,0.0,False,False,True,False
2023-09-15 14:00:00,16.1,359.64,,0.0,False,False,True,False
2023-09-15 15:00:00,17.8,359.64,,0.0,False,False,True,False
2023-09-15 16:00:00,19.4,25.2,,0.0,False,False,True,False
2023-09-15 17:00:00,18.9,359.64,,0.0,False,False,True,False
2023-09-15 18:00:00,20.0,118.8,,0.0,False,False,True,False
2023-09-15 19:00:00,20.0,359.64,,0.0,False,False,True,False
2023-09-15 20:00:00,19.4,126.0,,0.0,False,False,True,False
2023-09-15 21:00:00,19.4,122.4,,0.0,False,False,True,False
2023-09-15 22:00:00,19.4,359.64,,0.0,False,False,True,False
2023-09-15 23:00:00,18.9,359.64,,0.0,False,False,True,False
2023-09-16 00:00:00,18.3,359.64,,0.0,False,False,True,False
2023-09-16 01:00:00,17.8,359.64,,0.0,False,False,True,False
2023-09-16 02:00:00,17.8,359.64,,0.0,False,False,True,False
2023-09-16 03:00:00,16.7,359.64,,0.0,False,False,True,False
2023-09-16 04:00:00,16.7,359.64,,0.0,False,False,True,False
2023-09-16 05:00:00,17.2,359.64,,0.0,False,False,True,False
2023-09-16 06:00:00,17.2,359.64,,0.0,False,False,True,False
2023-09-16 07:00:00,16.7,118.8,,0.0,False,False,True,False
2023-09-16 08:00:00,16.1,359.64,,0.0,False,False,True,False
2023-09-16 09:00:00,15.6,359.64,,0.0,False,False,True,False
2023-09-16 10:00:00,15.6,359.64,,0.0,False,False,True,False
2023-09-16 11:00:00,15.6,359.64,,0.0,False,False,True,False
2023-09-16 12:00:00,16.7,359.64,,0.0,False,False,True,False
2023-09-16 13:00:00,17.2,111.6,,0.0,False,False,True,False
2023-09-16 14:00:00,18.3,359.64,,0.0,False,False,True,False
2023-09-16 15:00:00,21.7,111.6,,0.0,False,False,True,False
2023-09-16 16:00:00,21.7,359.64,,0.0,False,False,True,False
2023-09-16 17:00:00,22.8,104.4,,0.0,False,False,True,False
2023-09-16 18:00:00,22.8,108.0,,0.0,False,False,True,False
2023-09-16 19:00:00,23.3,359.64,,0.0,False,False,True,False
2023-09-16 20:00:00,23.3,359.64,,0.0,False,False,True,False
2023-09-16 21:00:00,23.3,104.4,,0.0,False,False,True,False
2023-09-16 22:00:00,22.8,100.8,,0.0,False,False,True,False
2023-09-16 23:00:00,21.7,359.64,,0.0,False,False,True,False
2023-09-17 00:00:00,21.1,97.2,,0.0,False,False,True,False
2023-09-17 01:00:00,20.0,359.64,,0.0,False,False,True,False
2023-09-17 02:00:00,20.0,359.64,,0.0,False,False,True,False
2023-09-17 03:00:00,18.9,359.64,,0.0,False,False,True,False
2023-09-17 04:00:00,17.8,359.64,,0.0,False,False,True,False
2023-09-17 05:00:00,17.8,359.64,,0.0,False,False,True,False
2023-09-17 06:00:00,17.2,359.64,,0.0,False,False,True,False
2023-09-17 07:00:00,16.7,359.64,,0.0,False,False,True,False
2023-09-17 08:00:00,15.6,104.4,,0.0,False,False,True,False
2023-09-17 09:00:00,15.0,97.2,,0.0,False,False,True,False
2023-09-17 10:00:00,15.6,359.64,,0.0,False,False,True,False
2023-09-17 11:00:00,16.1,359.64,,0.0,False,False,True,False
2023-09-17 12:00:00,17.2,359.64,,0.0,False,False,True,False
2023-09-17 13:00:00,18.9,359.64,,0.0,False,False,True,False
2023-09-17 14:00:00,20.6,359.64,,0.0,False,False,True,False
2023-09-17 15:00:00,22.8,90.0,,0.0,False,False,True,False
2023-09-17 16:00:00,23.3,359.64,,0.0,False,False,True,False
2023-09-17 17:00:00,24.4,359.64,,0.0,False,False,True,False
2023-09-17 18:00:00,23.9,82.8,,0.0,False,False,True,False
2023-09-17 19:00:00,22.8,359.64,,0.0,False,False,True,False
2023-09-17 20:00:00,22.2,64.8,,0.0,False,False,True,False
2023-09-17 21:00:00,22.2,359.64,,0.0,False,False,True,False
2023-09-17 22:00:00,21.1,359.64,,0.0,False,False,True,False
2023-09-17 23:00:00,21.1,359.64,,0.0,False,False,True,False
2023-09-18 00:00:00,19.48,359.64,6.71,4.0,True,False,True,False
2023-09-18 01:00:00,19.4,244.56,5.63,1.8,True,False,True,False
2023-09-18 02:00:00,19.4,199.62,7.24,9.6,True,False,True,False
2023-09-18 03:00:00,19.4,359.64,,0.3,True,False,True,False
2023-09-18 04:00:00,19.4,359.64,9.66,5.3,True,False,True,False
2023-09-18 05:00:00,19.3,220.32,9.66,5.3,True,False,True,False
2023-09-18 06:00:00,19.07,272.16,8.85,0.0,False,False,True,False
2023-09-18 07:00:00,18.7,359.64,8.05,1.2,True,False,True,False
2023-09-18 08:00:00,18.93,359.64,3.35,8.5,True,True,True,False
2023-09-18 09:00:00,18.9,359.64,3.62,5.3,True,True,True,False
2023-09-18 10:00:00,18.9,254.16,2.28,6.0,True,True,True,False
2023-09-18 11:00:00,18.92,199.62,3.22,39.1,True,True,True,False
2023-09-18 12:00:00,18.72,248.16,3.49,5.9,True,True,True,False
2023-09-18 13:00:00,18.25,199.02,3.08,5.6,True,True,True,False
2023-09-18 14:00:00,18.6,249.36,1.68,22.7,True,True,True,False
2023-09-18 15:00:00,18.92,276.03,6.44,5.2,True,False,True,False
2023-09-18 16:00:00,19.4,359.64,,0.0,False,False,True,False
2023-09-18 17:00:00,19.27,124.68,8.85,12.2,True,False,True,False
2023-09-18 18:00:00,19.4,184.32,5.23,2.2,True,False,True,False
2023-09-18 19:00:00,20.0,359.64,,0.0,False,False,True,False
2023-09-18 20:00:00,19.17,232.92,5.43,0.8,True,False,True,False
2023-09-18 21:00:00,18.52,166.41,4.02,2.2,True,True,True,False
2023-09-18 22:00:00,17.86,331.68,2.15,42.4,True,True,True,False
2023-09-18 23:00:00,17.97,359.64,,10.1,True,False,True,False
2023-09-19 00:00:00,17.9,359.64,,0.0,False,False,True,False
2023-09-19 01:00:00,17.5,100.8,,0.0,False,False,True,False
2023-09-19 02:00:00,16.7,359.64,,0.0,False,False,True,False
2023-09-19 03:00:00,16.7,359.64,,0.0,False,False,True,False
2023-09-19 04:00:00,16.1,228.42,,34.0,True,False,True,False
2023-09-19 05:00:00,15.6,97.2,,0.0,False,False,True,False
2023-09-19 06:00:00,15.6,359.64,,0.0,False,False,True,False
2023-09-19 07:00:00,15.6,359.64,,0.0,False,False,True,False
2023-09-19 08:00:00,15.0,359.64,,0.0,False,False,True,False
2023-09-19 09:00:00,14.4,359.64,,0.0,False,False,True,False
2023-09-19 10:00:00,14.4,359.64,,0.0,False,False,True,False
2023-09-19 11:00:00,15.0,93.6,,21.1,True,False,True,False
2023-09-19 12:00:00,16.1,359.64,,0.0,False,False,True,False
2023-09-19 13:00:00,17.8,359.64,,0.0,False,False,True,False
2023-09-19 14:00:00,19.4,100.8,,0.0,False,False,True,False
2023-09-19 15:00:00,20.6,359.64,,0.0,False,False,True,False
2023-09-19 16:00:00,21.7,359.64,,0.0,False,False,True,False
2023-09-19 17:00:00,21.7,359.64,,0.0,False,False,True,False
2023-09-19 18:00:00,21.7,359.64,,0.0,False,False,True,False
2023-09-19 19:00:00,21.7,359.64,,0.0,False,False,True,False
2023-09-19 20:00:00,22.2,108.0,,0.0,False,False,True,False
2023-09-19 21:00:00,21.7,359.64,,0.0,False,False,True,False
2023-09-19 22:00:00,20.6,359.64,,0.0,False,False,True,False
2023-09-19 23:00:00,19.4,359.64,,0.0,False,False,True,False
2023-09-20 00:00:00,18.9,359.64,,0.0,False,False,True,False
2023-09-20 01:00:00,18.3,359.64,,0.0,False,False,True,False
2023-09-20 02:00:00,17.8,97.2,,0.0,False,False,True,False
2023-09-20 03:00:00,17.2,97.2,,0.0,False,False,True,False
2023-09-20 04:00:00,16.7,230.22,,0.0,False,False,True,False
2023-09-20 05:00:00,15.6,359.64,,0.0,False,False,True,False
2023-09-20 06:00:00,15.6,359.64,,0.0,False,False,True,False
2023-09-20 07:00:00,15.6,104.4,,0.0,False,False,True,False
2023-09-20 08:00:00,15.0,100.8,,0.0,False,False,True,False
2023-09-20 09:00:00,14.4,104.4,,0.0,False,False,True,False
2023-09-20 10:00:00,14.4,104.4,,0.0,False,False,True,False
2023-09-20 11:00:00,15.0,359.64,,0.0,False,False,True,False
2023-09-20 12:00:00,16.7,111.6,,0.0,False,False,True,False
2023-09-20 13:00:00,17.8,359.64,,0.0,False,False,True,False
2023-09-20 14:00:00,18.9,359.64,,0.0,False,False,True,False
2023-09-20 15:00:00,21.1,359.64,,0.0,False,False,True,False
2023-09-20 16:00:00,21.7,100.8,,0.0,False,False,True,False
2023-09-20 17:00:00,22.2,359.64,,0.0,False,False,True,False
2023-09-20 18:00:00,22.2,359.64,,0.0,False,False,True,False
2023-09-20 19:00:00,22.2,359.64,,0.0,False,False,True,False
2023-09-20 20:00:00,22.2,359.64,,0.0,False,False,True,False
2023-09-20 21:00:00,22.2,359.64,,0.0,False,False,True,False
2023-09-20 22:00:00,21.7,359.64,,0.0,False,False,True,False
2023-09-20 23:00:00,21.1,359.64,,0.0,False,False,True,False
2023-09-21 00:00:00,19.4,359.64,,0.0,False,False,True,False
2023-09-21 01:00:00,19.4,359.64,,0.0,False,False,True,False
2023-09-21 02:00:00,19.4,359.64,,0.0,False,False,True,False
2023-09-21 03:00:00,17.2,104.4,,0.0,False,False,True,False
2023-09-21 04:00:00,17.2,359.64,,0.0,False,False,True,False
2023-09-21 05:00:00,16.7,104.4,,0.0,False,False,True,False
2023-09-21 06:00:00,15.6,359.64,,0.0,False,False,True,False
2023-09-21 07:00:00,15.0,359.64,,0.0,False,False,True,False
2023-09-21 08:00:00,15.0,359.64,,0.0,False,False,True,False
2023-09-21 09:00:00,14.4,359.64,,0.0,False,False,True,False
2023-09-21 10:00:00,14.4,118.8,,0.0,False,False,True,False
2023-09-21 11:00:00,14.4,359.64,,0.0,False,False,True,False
2023-09-21 12:00:00,15.0,359.64,,0.0,False,False,True,False
2023-09-21 13:00:00,16.7,359.64,,0.0,False,False,True,False
2023-09-21 14:00:00,17.8,126.0,,0.0,False,False,True,False
2023-09-21 15:00:00,19.4,359.64,,0.0,False,False,True,False
2023-09-21 16:00:00,21.1,359.64,,0.0,False,False,True,False
2023-09-21 17:00:00,21.1,359.64,,0.0,False,False,True,False
2023-09-21 18:00:00,21.7,359.64,,0.0,False,False,True,False
2023-09-21 19:00:00,21.1,359.64,,0.0,False,False,True,False
2023-09-21 20:00:00,21.1,359.64,,0.0,False,False,True,False
2023-09-21 21:00:00,21.1,3.6,,0.0,False,False,False,False
2023-09-21 22:00:00,20.0,359.64,,0.0,False,False,True,False
2023-09-21 23:00:00,18.9,359.64,,0.0,False,False,True,False
2023-09-22 00:00:00,18.3,10.8,,0.0,False,False,False,False
2023-09-22 01:00:00,17.8,359.64,,0.0,False,False,True,False
2023-09-22 02:00:00,18.3,10.8,,0.0,False,False,False,False
2023-09-22 03:00:00,18.3,7.2,,0.0,False,False,False,False
2023-09-22 04:00:00,16.7,190.62,,0.0,False,False,True,False
2023-09-22 05:00:00,16.7,359.64,,0.0,False,False,True,False
2023-09-22 06:00:00,16.1,14.4,,0.0,False,False,False,False
2023-09-22 07:00:00,16.1,7.2,,0.0,False,False,False,False
2023-09-22 08:00:00,15.6,18.0,,0.0,False,False,False,False
2023-09-22 09:00:00,15.0,14.4,,0.0,False,False,False,False
2023-09-22 10:00:00,15.0,359.64,,0.0,False,False,True,False
2023-09-22 11:00:00,16.1,14.4,,0.0,False,False,False,False
2023-09-22 12:00:00,17.8,28.8,,0.0,False,False,True,False
2023-09-22 13:00:00,18.9,28.8,,0.0,False,False,True,False
2023-09-22 14:00:00,19.4,21.6,,0.0,False,False,False,False
2023-09-22 15:00:00,20.0,21.6,,0.0,False,False,False,False
2023-09-22 16:00:00,21.1,21.6,,0.0,False,False,False,False
2023-09-22 17:00:00,21.1,21.6,,0.0,False,False,False,False
2023-09-22 18:00:00,20.6,25.2,,0.0,False,False,True,False
2023-09-22 19:00:00,20.6,359.64,,0.0,False,False,True,False
2023-09-22 20:00:00,20.0,21.6,,0.0,False,False,False,False
2023-09-22 21:00:00,19.4,359.64,,0.0,False,False,True,False
2023-09-22 22:00:00,18.9,36.0,,0.0,False,False,True,False
2023-09-22 23:00:00,18.3,359.64,,0.0,False,False,True,False
2023-09-23 00:00:00,18.3,28.8,,0.0,False,False,True,False
2023-09-23 01:00:00,17.8,28.8,,0.0,False,False,True,False
2023-09-23 02:00:00,17.2,36.0,,0.0,False,False,True,False
2023-09-23 03:00:00,17.2,359.64,,0.0,False,False,True,False
2023-09-23 04:00:00,17.2,359.64,,0.0,False,False,True,False
2023-09-23 05:00:00,17.2,18.0,,0.0,False,False,False,False
2023-09-23 06:00:00,16.7,16.2,,0.0,False,False,False,False
2023-09-23 07:00:00,16.1,21.6,,0.0,False,False,False,False
2023-09-23 08:00:00,15.8,21.6,,0.0,False,False,False,False
2023-09-23 09:00:00,15.6,21.6,,0.0,False,False,False,False
2023-09-23 10:00:00,15.3,23.4,,1.0,True,False,False,False
2023-09-23 11:00:00,14.6,19.2,,1.0,True,False,False,False
2023-09-23 12:00:00,13.9,18.0,9.66,0.8,True,False,False,False
2023-09-23 13:00:00,14.2,16.2,3.62,1.5,True,True,False,False
2023-09-23 14:00:00,14.02,18.0,3.46,9.3,True,True,False,False
2023-09-23 15:00:00,14.15,18.0,4.02,4.7,True,True,False,False
2023-09-23 16:00:00,14.4,20.16,5.71,8.5,True,False,False,False
2023-09-23 17:00:00,14.4,18.0,8.05,9.7,True,False,False,False
2023-09-23 18:00:00,14.6,19.2,2.41,5.0,True,True,False,False
2023-09-23 19:00:00,14.4,16.2,2.31,8.9,True,True,False,False
2023-09-23 20:00:00,14.88,18.72,2.82,25.5,True,True,False,False
2023-09-23 21:00:00,15.0,17.49,3.62,9.9,True,True,False,False
2023-09-23 22:00:00,15.6,21.6,8.05,0.5,True,False,False,False
2023-09-23 23:00:00,15.6,18.0,9.66,13.5,True,False,False,False
2023-09-24 00:00:00,15.98,18.9,5.83,2.2,True,False,False,False
2023-09-24 01:00:00,16.1,18.0,,0.3,True,False,False,False
2023-09-24 02:00:00,16.7,18.0,,1.3,True,False,False,False
2023-09-24 03:00:00,16.7,21.6,9.66,0.0,False,False,False,False
2023-09-24 04:00:00,16.7,192.42,4.83,24.7,True,True,True,False
2023-09-24 05:00:00,16.7,18.0,8.05,2.1,True,False,False,False
2023-09-24 06:00:00,16.7,21.6,8.05,0.3,True,False,False,False
2023-09-24 07:00:00,16.7,25.2,,0.3,True,False,True,False
2023-09-24 08:00:00,17.2,21.6,,1.5,True,False,False,False
2023-09-24 09:00:00,17.2,21.6,8.05,0.3,True,False,False,False
2023-09-24 10:00:00,17.2,21.6,8.05,0.8,True,False,False,False
2023-09-24 11:00:00,17.35,20.7,3.42,38.0,True,True,False,False
2023-09-24 12:00:00,17.85,20.7,2.62,11.9,True,True,False,False
2023-09-24 13:00:00,17.8,22.8,3.62,2.2,True,True,False,False
2023-09-24 14:00:00,17.8,18.0,9.66,6.4,True,False,False,False
2023-09-24 15:00:00,18.15,23.4,2.21,1.0,True,True,False,False
2023-09-24 16:00:00,18.3,23.4,5.63,0.5,True,False,False,False
2023-09-24 17:00:00,18.3,156.82,2.49,22.8,True,True,True,False
2023-09-24 18:00:00,18.6,21.6,7.24,1.0,True,False,False,False
2023-09-24 19:00:00,18.2,22.8,4.83,3.0,True,True,False,False
2023-09-24 20:00:00,18.3,21.6,,4.1,True,False,False,False
2023-09-24 21:00:00,18.15,21.6,4.02,3.3,True,True,False,False
2023-09-24 22:00:00,18.3,21.6,7.24,4.5,True,False,False,False
2023-09-24 23:00:00,18.3,25.2,6.28,16.3,True,False,True,False
2023-09-25 00:00:00,18.3,22.5,4.02,4.4,True,True,False,False
2023-09-25 01:00:00,18.2,136.68,4.29,3.8,True,True,True,False
2023-09-25 02:00:00,18.6,27.0,4.83,4.5,True,True,True,False
2023-09-25 03:00:00,18.3,21.6,4.83,0.5,True,True,False,False
2023-09-25 04:00:00,18.5,193.32,5.9,32.5,True,False,True,False
2023-09-25 05:00:00,18.5,21.6,3.08,7.3,True,True,False,False
2023-09-25 06:00:00,18.13,245.76,2.95,3.0,True,True,True,False
2023-09-25 07:00:00,17.8,188.82,3.22,3.5,True,True,True,False
2023-09-25 08:00:00,17.2,185.22,5.63,5.8,True,False,True,False
2023-09-25 09:00:00,17.2,18.0,4.83,0.3,True,True,False,False
2023-09-25 10:00:00,17.2,103.41,3.32,4.2,True,True,True,False
2023-09-25 11:00:00,17.13,14.4,2.95,45.7,True,True,False,False
2023-09-25 12:00:00,17.1,359.64,3.42,1.8,True,True,True,False
2023-09-25 13:00:00,17.2,18.0,3.22,1.8,True,True,False,False
2023-09-25 14:00:00,17.1,18.0,4.83,3.5,True,True,False,False
2023-09-25 15:00:00,16.97,20.4,4.56,0.7,True,True,False,False
2023-09-25 16:00:00,16.3,21.6,5.1,0.7,True,False,False,False
2023-09-25 17:00:00,15.0,25.2,6.44,4.8,True,False,True,False
2023-09-25 18:00:00,15.6,21.6,4.83,0.3,True,True,False,False
2023-09-25 19:00:00,16.1,18.0,4.83,0.3,True,True,False,False
2023-09-25 20:00:00,16.52,89.21,3.3,3.7,True,True,True,False
2023-09-25 21:00:00,16.8,21.6,9.66,0.8,True,False,False,False
2023-09-25 22:00:00,16.7,18.0,8.85,0.0,False,False,False,False
2023-09-25 23:00:00,16.1,19.8,,2.0,True,False,False,False
2023-09-26 00:00:00,15.0,18.0,9.66,0.0,False,False,False,False
2023-09-26 01:00:00,15.0,18.0,,0.0,False,False,False,False
2023-09-26 02:00:00,13.9,18.0,,0.0,False,False,False,False
2023-09-26 03:00:00,15.6,14.4,,0.0,False,False,False,False
2023-09-26 04:00:00,15.0,190.62,,15.0,True,False,True,False
2023-09-26 05:00:00,14.4,18.0,9.66,1.0,True,False,False,False
2023-09-26 06:00:00,14.4,359.64,,0.5,True,False,True,False
2023-09-26 07:00:00,14.6,16.8,,0.0,False,False,False,False
2023-09-26 08:00:00,15.0,190.62,,0.3,True,False,True,False
2023-09-26 09:00:00,15.0,21.6,,0.0,False,False,False,False
2023-09-26 10:00:00,14.4,18.0,,0.0,False,False,False,False
2023-09-26 11:00:00,13.9,10.8,6.44,7.4,True,False,False,False
2023-09-26 12:00:00,14.4,21.6,6.44,0.3,True,False,False,False
2023-09-26 13:00:00,14.32,156.82,3.62,1.4,True,True,True,False
2023-09-26 14:00:00,15.0,21.6,4.02,2.3,True,True,False,False
2023-09-26 15:00:00,15.0,134.28,2.41,1.3,True,True,True,False
2023-09-26 16:00:00,15.4,24.0,4.29,0.7,True,True,False,False
2023-09-26 17:00:00,15.3,188.82,4.02,4.0,True,True,True,False
2023-09-26 18:00:00,15.6,21.6,3.22,0.5,True,True,False,False
2023-09-26 19:00:00,15.6,359.64,4.29,0.7,True,True,True,False
2023-09-26 20:00:00,15.7,276.03,3.92,1.3,True,True,True,False
2023-09-26 21:00:00,15.7,109.71,4.53,0.0,False,True,True,False
2023-09-26 22:00:00,14.4,359.64,,0.0,False,False,True,False
2023-09-26 23:00:00,14.4,359.64,,1.0,True,False,True,False
2023-09-27 00:00:00,13.9,359.64,,0.0,False,False,True,False
2023-09-27 01:00:00,13.9,359.64,,0.0,False,False,True,False
2023-09-27 02:00:00,13.3,359.64,,0.0,False,False,True,False
2023-09-27 03:00:00,13.3,18.0,,0.0,False,False,False,False
2023-09-27 04:00:00,12.2,359.64,,5.1,True,False,True,False
2023-09-27 05:00:00,11.7,18.0,,0.0,False,False,False,False
2023-09-27 06:00:00,11.7,18.0,,0.0,False,False,False,False
2023-09-27 07:00:00,11.7,14.4,,0.0,False,False,False,False
2023-09-27 08:00:00,11.7,359.64,,0.0,False,False,True,False
2023-09-27 09:00:00,10.6,359.64,,0.0,False,False,True,False
2023-09-27 10:00:00,10.6,359.64,,0.0,False,False,True,False
2023-09-27 11:00:00,11.1,10.8,,4.3,True,False,False,False
2023-09-27 12:00:00,13.3,18.0,,0.0,False,False,False,False
2023-09-27 13:00:00,15.0,21.6,,0.0,False,False,False,False
2023-09-27 14:00:00,15.6,18.0,,0.0,False,False,False,False
2023-09-27 15:00:00,16.1,32.4,,0.0,False,False,True,False
2023-09-27 16:00:00,17.2,21.6,,0.0,False,False,False,False
2023-09-27 17:00:00,17.2,18.0,,0.0,False,False,False,False
2023-09-27 18:00:00,17.2,21.6,,0.0,False,False,False,False
2023-09-27 19:00:00,17.2,21.6,,0.0,False,False,False,False
2023-09-27 20:00:00,16.7,359.64,,0.0,False,False,True,False
2023-09-27 21:00:00,17.2,39.6,,0.0,False,False,True,False
2023-09-27 22:00:00,16.1,21.6,,0.0,False,False,False,False
2023-09-27 23:00:00,15.6,359.64,,0.0,False,False,True,False
2023-09-28 00:00:00,15.6,39.6,,0.0,False,False,True,False
2023-09-28 01:00:00,15.6,359.64,,0.0,False,False,True,False
2023-09-28 02:00:00,15.0,359.64,,0.0,False,False,True,False
2023-09-28 03:00:00,15.0,359.64,,0.0,False,False,True,False
2023-09-28 04:00:00,15.0,359.64,,0.0,False,False,True,False
2023-09-28 05:00:00,14.4,359.64,,0.0,False,False,True,False
2023-09-28 06:00:00,13.3,21.6,,0.0,False,False,False,False
2023-09-28 07:00:00,13.6,19.8,,0.0,False,False,False,False
2023-09-28 08:00:00,13.9,190.62,,0.0,False,False,True,False
2023-09-28 09:00:00,13.9,359.64,,0.0,False,False,True,False
2023-09-28 10:00:00,13.9,21.6,,0.0,False,False,False,False
2023-09-28 11:00:00,13.9,359.64,,0.0,False,False,True,False
2023-09-28 12:00:00,14.4,18.0,,0.0,False,False,False,False
2023-09-28 13:00:00,14.4,21.6,,0.0,False,False,False,False
2023-09-28 14:00:00,15.0,359.64,,0.0,False,False,True,False
2023-09-28 15:00:00,15.8,188.82,,0.0,False,False,True,False
2023-09-28 16:00:00,16.1,21.6,,0.0,False,False,False,False
2023-09-28 17:00:00,15.85,18.0,9.66,0.0,False,False,False,False
2023-09-28 18:00:00,16.95,190.62,,0.0,False,False,True,False
2023-09-28 19:00:00,17.8,359.64,,0.0,False,False,True,False
2023-09-28 20:00:00,17.8,18.0,,0.0,False,False,False,False
2023-09-28 21:00:00,14.7,189.72,3.92,3.5,True,True,True,False
2023-09-28 22:00:00,13.9,359.64,8.05,0.3,True,False,True,False
2023-09-28 23:00:00,14.4,39.6,8.05,1.5,True,False,True,False
2023-09-29 00:00:00,14.4,359.64,9.66,0.0,False,False,True,False
2023-09-29 01:00:00,15.0,359.64,6.44,0.8,True,False,True,False
2023-09-29 02:00:00,15.6,192.42,6.44,3.3,True,False,True,False
2023-09-29 03:00:00,15.69,97.12,4.17,11.2,True,True,True,False
2023-09-29 04:00:00,16.35,164.74,5.03,22.3,True,False,True,False
2023-09-29 05:00:00,16.7,190.02,5.1,19.1,True,False,True,False
2023-09-29 06:00:00,17.2,19.8,4.63,2.8,True,True,False,False
2023-09-29 07:00:00,16.55,106.11,3.12,18.1,True,True,True,False
2023-09-29 08:00:00,16.38,105.21,4.02,15.4,True,True,True,False
2023-09-29 09:00:00,16.7,18.0,6.44,3.2,True,False,False,False
2023-09-29 10:00:00,16.7,16.8,4.69,8.1,True,True,False,False
2023-09-29 11:00:00,16.7,359.64,2.92,71.4,True,True,True,False
2023-09-29 12:00:00,16.77,181.62,1.21,41.0,True,True,True,False
2023-09-29 13:00:00,16.3,245.76,0.94,94.2,True,True,True,False
2023-09-29 14:00:00,16.65,22.8,0.74,150.2,True,True,False,False
2023-09-29 15:00:00,16.77,104.31,6.04,9.5,True,False,True,False
2023-09-29 16:00:00,16.85,105.21,2.21,4.9,True,True,True,False
2023-09-29 17:00:00,16.38,20.7,2.31,128.2,True,True,False,False
2023-09-29 18:00:00,16.1,16.2,4.83,1.8,True,True,False,False
2023-09-29 19:00:00,16.7,18.0,,0.5,True,False,False,False
2023-09-29 20:00:00,16.7,188.82,,2.0,True,False,True,False
2023-09-29 21:00:00,16.95,18.0,,0.0,False,False,False,False
2023-09-29 22:00:00,16.7,359.64,6.44,0.3,True,False,True,False
2023-09-29 23:00:00,16.7,359.64,,2.3,True,False,True,False
2023-09-30 00:00:00,16.7,10.8,,0.0,False,False,False,False
2023-09-30 01:00:00,16.7,359.64,,0.0,False,False,True,False
2023-09-30 02:00:00,16.1,14.4,,0.0,False,False,False,False
2023-09-30 03:00:00,15.6,25.2,,0.0,False,False,True,False
2023-09-30 04:00:00,15.0,187.02,,139.2,True,False,True,False
2023-09-30 05:00:00,15.0,10.8,,0.0,False,False,False,False
2023-09-30 06:00:00,15.0,359.64,,0.0,False,False,True,False
2023-09-30 07:00:00,15.0,181.62,,0.0,False,False,True,False
2023-09-30 08:00:00,15.0,359.64,,0.0,False,False,True,False
2023-09-30 09:00:00,14.4,359.64,,0.0,False,False,True,False
2023-09-30 10:00:00,15.0,359.64,,0.0,False,False,True,False
2023-09-30 11:00:00,14.4,185.22,6.44,113.5,True,False,True,False
2023-09-30 12:00:00,14.32,290.59,4.43,0.7,True,True,True,False
2023-09-30 13:00:00,14.1,243.36,4.83,0.3,True,True,True,False
2023-09-30 14:00:00,14.8,243.36,,0.8,True,False,True,False
2023-09-30 15:00:00,15.0,359.64,9.66,0.7,True,False,True,False
2023-09-30 16:00:00,15.9,359.64,,0.0,False,False,True,False
2023-09-30 17:00:00,16.95,359.64,,1.0,True,False,True,False
2023-09-30 18:00:00,18.3,3.6,,0.0,False,False,False,False
2023-09-30 19:00:00,18.3,21.6,,0.0,False,False,False,False
2023-09-30 20:00:00,18.9,359.64,,0.0,False,False,True,False
2023-09-30 21:00:00,18.3,240.96,,0.0,False,False,True,False
2023-09-30 22:00:00,18.3,240.96,,0.0,False,False,True,False
2023-09-30 23:00:00,17.8,359.64,,0.0,False,False,True,False
2023-10-01 00:00:00,17.2,359.64,,0.0,False,False,True,False
2023-10-01 01:00:00,17.2,104.4,,0.0,False,False,True,False
2023-10-01 02:00:00,17.2,359.64,,0.0,False,False,True,False
2023-10-01 03:00:00,16.1,359.64,,0.0,False,False,True,False
2023-10-01 04:00:00,16.1,281.76,,1.0,True,False,True,False
2023-10-01 05:00:00,16.1,359.64,,0.0,False,False,True,False
2023-10-01 07:00:00,15.6,108.0,,0.0,False,False,True,False
2023-10-01 08:00:00,15.6,359.64,,0.0,False,False,True,False
2023-10-01 09:00:00,15.6,359.64,,0.0,False,False,True,False
2023-10-01 10:00:00,15.0,359.64,,0.0,False,False,True,False
2023-10-01 11:00:00,15.6,359.64,,1.0,True,False,True,False
2023-10-01 12:00:00,16.7,359.64,,0.0,False,False,True,False
2023-10-01 13:00:00,18.3,7.2,,0.0,False,False,False,False
2023-10-01 14:00:00,20.0,359.64,,0.0,False,False,True,False
2023-10-01 15:00:00,21.7,359.64,,0.0,False,False,True,False
2023-10-01 16:00:00,23.3,14.4,,0.0,False,False,False,False
2023-10-01 17:00:00,23.3,359.64,,0.0,False,False,True,False
2023-10-01 18:00:00,23.3,359.64,,0.0,False,False,True,False
2023-10-01 19:00:00,23.9,14.4,,0.0,False,False,False,False
2023-10-01 20:00:00,24.4,10.8,,0.0,False,False,False,False
2023-10-01 21:00:00,23.3,7.2,,0.0,False,False,False,False
2023-10-01 22:00:00,23.3,359.64,,0.0,False,False,True,False
2023-10-01 23:00:00,22.2,3.6,,0.0,False,False,False,False
2023-10-02 00:00:00,22.2,359.64,,0.0,False,False,True,False
2023-10-02 01:00:00,21.7,359.64,,0.0,False,False,True,False
2023-10-02 02:00:00,19.4,359.64,,0.0,False,False,True,False
2023-10-02 03:00:00,18.9,359.64,,0.0,False,False,True,False
2023-10-02 04:00:00,18.3,233.82,,0.0,False,False,True,False
2023-10-02 05:00:00,18.9,359.64,,0.0,False,False,True,False
2023-10-02 06:00:00,17.8,108.0,,0.0,False,False,True,False
2023-10-02 07:00:00,19.4,359.64,,0.0,False,False,True,False
2023-10-02 08:00:00,17.8,359.64,,0.0,False,False,True,False
2023-10-02 09:00:00,17.8,359.64,,0.0,False,False,True,False
2023-10-02 10:00:00,17.2,7.2,,0.0,False,False,False,False
2023-10-02 11:00:00,17.8,359.64,,0.0,False,False,True,False
2023-10-02 12:00:00,19.4,359.64,,0.0,False,False,True,False
2023-10-02 13:00:00,20.6,21.6,,0.0,False,False,False,False
2023-10-02 14:00:00,21.7,359.64,,0.0,False,False,True,False
2023-10-02 15:00:00,23.3,359.64,,0.0,False,False,True,False
2023-10-02 16:00:00,24.4,359.64,,0.0,False,False,True,False
2023-10-02 17:00:00,22.8,359.64,,0.0,False,False,True,False
2023-10-02 18:00:00,25.0,359.64,,0.0,False,False,True,False
2023-10-02 19:00:00,24.4,359.64,,0.0,False,False,True,False
2023-10-02 20:00:00,24.4,7.2,,0.0,False,False,False,False
2023-10-02 21:00:00,23.3,18.0,,0.0,False,False,False,False
2023-10-02 22:00:00,21.1,359.64,,0.0,False,False,True,False
2023-10-02 23:00:00,20.6,359.64,,0.0,False,False,True,False
2023-10-03 00:00:00,19.4,359.64,,0.0,False,False,True,False
2023-10-03 01:00:00,19.4,359.64,,0.0,False,False,True,False
2023-10-03 02:00:00,18.9,359.64,,0.0,False,False,True,False
2023-10-03 03:00:00,18.3,359.64,,0.0,False,False,True,False
2023-10-03 04:00:00,17.8,359.64,,0.0,False,False,True,False
2023-10-03 05:00:00,17.2,359.64,,0.0,False,False,True,False
2023-10-03 06:00:00,16.7,359.64,,0.0,False,False,True,False
2023-10-03 07:00:00,16.7,359.64,,0.0,False,False,True,False
2023-10-03 08:00:00,16.7,359.64,,0.0,False,False,True,False
2023-10-03 09:00:00,16.1,359.64,,0.0,False,False,True,False
2023-10-03 10:00:00,16.1,359.64,,0.0,False,False,True,False
2023-10-03 11:00:00,16.7,359.64,,0.0,False,False,True,False
2023-10-03 12:00:00,18.3,359.64,,0.0,False,False,True,False
2023-10-03 13:00:00,18.9,359.64,,0.0,False,False,True,False
2023-10-03 14:00:00,21.1,359.64,,0.0,False,False,True,False
2023-10-03 15:00:00,23.3,359.64,,0.0,False,False,True,False
2023-10-03 16:00:00,25.6,100.8,,0.0,False,False,True,False
2023-10-03 17:00:00,26.7,359.64,,0.0,False,False,True,False
2023-10-03 18:00:00,26.7,25.2,,0.0,False,False,True,False
2023-10-03 19:00:00,26.1,359.64,,0.0,False,False,True,False
2023-10-03 20:00:00,26.1,359.64,,0.0,False,False,True,False
2023-10-03 21:00:00,25.0,359.64,,0.0,False,False,True,False
2023-10-03 22:00:00,23.9,359.64,,0.0,False,False,True,False
2023-10-03 23:00:00,22.8,359.64,,0.0,False,False,True,False
2023-10-04 00:00:00,22.8,359.64,,0.0,False,False,True,False
2023-10-04 01:00:00,21.7,359.64,,0.0,False,False,True,False
2023-10-04 02:00:00,21.1,359.64,,0.0,False,False,True,False
2023-10-04 03:00:00,21.7,359.64,,0.0,False,False,True,False
2023-10-04 04:00:00,21.1,359.64,,0.0,False,False,True,False
2023-10-04 05:00:00,20.6,359.64,,0.0,False,False,True,False
2023-10-04 06:00:00,20.0,359.64,,0.0,False,False,True,False
2023-10-04 07:00:00,20.0,359.64,,0.0,False,False,True,False
2023-10-04 08:00:00,19.4,359.64,,0.0,False,False,True,False
2023-10-04 09:00:00,18.9,108.0,,0.0,False,False,True,False
2023-10-04 10:00:00,18.9,359.64,,0.0,False,False,True,False
2023-10-04 11:00:00,19.4,359.64,9.66,0.0,False,False,True,False
2023-10-04 12:00:00,20.6,359.64,,0.0,False,False,True,False
2023-10-04 13:00:00,22.8,359.64,,0.0,False,False,True,False
2023-10-04 14:00:00,24.4,359.64,,0.0,False,False,True,False
2023-10-04 15:00:00,26.7,359.64,,0.0,False,False,True,False
2023-10-04 16:00:00,27.2,93.6,,0.0,False,False,True,False
2023-10-04 17:00:00,27.8,359.64,,0.0,False,False,True,False
2023-10-04 18:00:00,27.2,359.64,,0.0,False,False,True,False
2023-10-04 19:00:00,26.1,359.64,,0.0,False,False,True,False
2023-10-04 20:00:00,25.0,359.64,,0.0,False,False,True,False
2023-10-04 21:00:00,24.4,359.64,,0.0,False,False,True,False
2023-10-04 22:00:00,22.8,359.64,,0.0,False,False,True,False
2023-10-04 23:00:00,21.7,359.64,,0.0,False,False,True,False
2023-10-05 00:00:00,21.1,359.64,,0.0,False,False,True,False
2023-10-05 01:00:00,20.6,39.6,,0.0,False,False,True,False
2023-10-05 02:00:00,20.0,46.8,,0.0,False,False,True,False
2023-10-05 03:00:00,19.4,43.2,,0.0,False,False,True,False
2023-10-05 04:00:00,19.4,359.64,,0.0,False,False,True,False
2023-10-05 05:00:00,18.9,359.64,,0.0,False,False,True,False
2023-10-05 06:00:00,18.3,359.64,,0.0,False,False,True,False
2023-10-05 07:00:00,17.8,359.64,,0.0,False,False,True,False
2023-10-05 08:00:00,17.2,359.64,,0.0,False,False,True,False
2023-10-05 09:00:00,17.2,359.64,,0.0,False,False,True,False
2023-10-05 10:00:00,17.2,359.64,,0.0,False,False,True,False
2023-10-05 11:00:00,17.8,359.64,,0.0,False,False,True,False
2023-10-05 12:00:00,19.4,359.64,,0.0,False,False,True,False
2023-10-05 13:00:00,21.1,359.64,,0.0,False,False,True,False
2023-10-05 14:00:00,21.7,359.64,,0.0,False,False,True,False
2023-10-05 15:00:00,23.9,111.6,,0.0,False,False,True,False
2023-10-05 16:00:00,24.4,359.64,,0.0,False,False,True,False
2023-10-05 17:00:00,24.4,359.64,,0.0,False,False,True,False
2023-10-05 18:00:00,23.9,359.64,,0.0,False,False,True,False
2023-10-05 19:00:00,22.8,359.64,,0.0,False,False,True,False
2023-10-05 20:00:00,21.7,359.64,,0.0,False,False,True,False
2023-10-05 21:00:00,21.1,359.64,,0.0,False,False,True,False
2023-10-05 22:00:00,20.0,359.64,,0.0,False,False,True,False
2023-10-05 23:00:00,20.0,50.4,,0.0,False,False,True,False
2023-10-06 00:00:00,19.4,359.64,,0.0,False,False,True,False
2023-10-06 01:00:00,19.4,359.64,,0.0,False,False,True,False
2023-10-06 02:00:00,19.4,359.64,,0.0,False,False,True,False
2023-10-06 03:00:00,20.3,201.42,9.66,0.0,False,False,True,False
2023-10-06 04:00:00,20.0,254.16,6.44,0.0,False,False,True,False
2023-10-06 05:00:00,20.0,359.64,6.44,0.0,False,False,True,False
2023-10-06 06:00:00,20.0,359.64,3.22,0.0,False,True,True,False
2023-10-06 07:00:00,20.0,199.62,4.83,0.0,False,True,True,False
2023-10-06 08:00:00,20.0,252.96,4.56,0.0,False,True,True,False
2023-10-06 09:00:00,19.4,36.0,6.44,0.0,False,False,True,False
2023-10-06 10:00:00,19.4,166.18,2.98,12.2,True,True,True,False
2023-10-06 11:00:00,20.0,359.64,4.02,6.0,True,True,True,False
2023-10-06 12:00:00,20.0,192.42,2.62,0.0,False,True,True,False
2023-10-06 13:00:00,20.0,196.92,4.43,0.0,False,True,True,False
2023-10-06 14:00:00,20.3,106.11,3.12,0.0,False,True,True,False
2023-10-06 15:00:00,20.6,136.68,3.08,0.3,True,True,True,False
2023-10-06 16:00:00,20.6,359.64,3.62,0.2,True,True,True,False
2023-10-06 17:00:00,21.1,201.42,4.83,0.3,True,True,True,False
2023-10-06 18:00:00,21.1,359.64,6.44,0.0,False,False,True,False
2023-10-06 19:00:00,21.7,359.64,9.66,0.0,False,False,True,False
2023-10-06 20:00:00,21.7,248.16,7.51,0.0,False,False,True,False
2023-10-06 21:00:00,21.1,359.64,8.05,0.0,False,False,True,False
2023-10-06 22:00:00,21.1,359.64,,0.0,False,False,True,False
2023-10-06 23:00:00,21.1,25.2,,0.0,False,False,True,False
2023-10-07 00:00:00,21.7,359.64,,0.0,False,False,True,False
2023-10-07 01:00:00,21.7,359.64,,0.0,False,False,True,False
2023-10-07 02:00:00,21.7,359.64,,0.0,False,False,True,False
2023-10-07 03:00:00,21.1,359.64,8.05,0.3,True,False,True,False
2023-10-07 04:00:00,20.6,359.64,9.66,3.6,True,False,True,False
2023-10-07 05:00:00,20.0,201.42,8.05,0.3,True,False,True,False
2023-10-07 06:00:00,20.6,359.64,4.02,0.0,False,True,True,False
2023-10-07 07:00:00,20.6,142.68,6.44,0.0,False,False,True,False
2023-10-07 08:00:00,20.0,21.6,,0.0,False,False,False,False
2023-10-07 09:00:00,20.0,359.64,,0.0,False,False,True,False
2023-10-07 10:00:00,19.4,32.4,9.66,0.0,False,False,True,False
2023-10-07 11:00:00,19.4,359.64,4.83,1.6,True,True,True,False
2023-10-07 12:00:00,19.4,192.42,2.82,0.8,True,True,True,False
2023-10-07 13:00:00,19.32,232.34,5.63,0.9,True,False,True,False
2023-10-07 14:00:00,20.0,359.64,2.41,3.3,True,True,True,False
2023-10-07 15:00:00,20.0,228.02,4.53,3.9,True,True,True,False
2023-10-07 16:00:00,20.24,297.07,3.3,6.7,True,True,True,False
2023-10-07 17:00:00,18.54,263.03,3.51,14.2,True,True,True,False
2023-10-07 18:00:00,15.6,108.0,,0.3,True,False,True,False
2023-10-07 19:00:00,15.3,296.73,3.02,6.0,True,True,True,False
2023-10-07 20:00:00,16.1,108.0,,2.0,True,False,True,False
2023-10-07 21:00:00,16.1,359.64,,0.0,False,False,True,False
2023-10-07 22:00:00,14.4,359.64,,0.0,False,False,True,False
2023-10-07 23:00:00,13.9,104.4,,2.0,True,False,True,False
2023-10-08 00:00:00,13.9,100.8,,0.0,False,False,True,False
2023-10-08 01:00:00,13.3,359.64,,0.0,False,False,True,False
2023-10-08 02:00:00,12.2,100.8,,0.0,False,False,True,False
2023-10-08 03:00:00,12.2,100.8,,0.0,False,False,True,False
2023-10-08 04:00:00,12.2,228.42,,8.9,True,False,True,False
2023-10-08 05:00:00,11.7,359.64,,0.0,False,False,True,False
2023-10-08 06:00:00,11.1,359.64,,0.0,False,False,True,False
2023-10-08 07:00:00,11.1,359.64,,0.0,False,False,True,False
2023-10-08 08:00:00,10.6,82.8,,0.0,False,False,True,False
2023-10-08 09:00:00,10.6,90.0,,0.0,False,False,True,False
2023-10-08 10:00:00,10.0,86.4,,0.0,False,False,True,False
2023-10-08 11:00:00,10.6,359.64,,8.6,True,False,True,False
2023-10-08 12:00:00,11.1,82.8,,0.0,False,False,True,False
2023-10-08 13:00:00,12.2,359.64,,0.0,False,False,True,False
2023-10-08 14:00:00,13.9,359.64,,0.0,False,False,True,False
2023-10-08 15:00:00,13.9,359.64,,0.0,False,False,True,False
2023-10-08 16:00:00,14.4,97.2,,0.0,False,False,True,False
2023-10-08 17:00:00,14.4,359.64,,0.0,False,False,True,False
2023-10-08 18:00:00,14.4,359.64,,0.0,False,False,True,False
2023-10-08 19:00:00,14.4,359.64,,0.0,False,False,True,False
2023-10-08 20:00:00,14.4,86.4,,0.0,False,False,True,False
2023-10-08 21:00:00,13.9,359.64,,0.0,False,False,True,False
2023-10-08 22:00:00,13.3,359.64,,0.0,False,False,True,False
2023-10-08 23:00:00,13.3,359.64,,0.0,False,False,True,False
2023-10-09 00:00:00,13.3,90.0,,0.0,False,False,True,False
2023-10-09 01:00:00,12.2,359.64,,0.0,False,False,True,False
2023-10-09 02:00:00,12.2,93.6,,0.0,False,False,True,False
2023-10-09 03:00:00,11.7,359.64,,0.0,False,False,True,False
2023-10-09 04:00:00,11.7,359.64,,0.0,False,False,True,False
2023-10-09 05:00:00,10.0,359.64,,0.0,False,False,True,False
2023-10-09 06:00:00,10.6,359.64,,0.0,False,False,True,False
2023-10-09 07:00:00,10.0,359.64,,0.0,False,False,True,False
2023-10-09 08:00:00,10.0,359.64,,0.0,False,False,True,False
2023-10-09 09:00:00,9.4,359.64,,0.0,False,False,True,False
2023-10-09 10:00:00,9.4,359.64,,0.0,False,False,True,False
2023-10-09 11:00:00,10.0,359.64,,0.0,False,False,True,False
2023-10-09 12:00:00,10.6,359.64,,0.0,False,False,True,False
2023-10-09 13:00:00,11.1,359.64,,0.0,False,False,True,False
2023-10-09 14:00:00,12.2,359.64,,0.0,False,False,True,False
2023-10-09 15:00:00,14.4,359.64,,0.0,False,False,True,False
2023-10-09 16:00:00,15.0,72.0,,0.0,False,False,True,False
2023-10-09 17:00:00,13.9,359.64,,0.0,False,False,True,False
2023-10-09 18:00:00,15.0,359.64,,0.0,False,False,True,False
2023-10-09 19:00:00,13.9,86.4,,0.0,False,False,True,False
2023-10-09 20:00:00,14.4,359.64,,0.0,False,False,True,False
2023-10-09 21:00:00,14.4,359.64,,0.0,False,False,True,False
2023-10-09 22:00:00,13.3,359.64,,0.0,False,False,True,False
2023-10-09 23:00:00,13.3,359.64,,0.0,False,False,True,False
2023-10-10 00:00:00,13.9,359.64,,0.0,False,False,True,False
2023-10-10 01:00:00,12.8,79.2,,0.0,False,False,True,False
2023-10-10 02:00:00,13.3,359.64,,0.0,False,False,True,False
2023-10-10 03:00:00,13.3,359.64,,0.0,False,False,True,False
2023-10-10 04:00:00,13.3,359.64,,0.0,False,False,True,False
2023-10-10 05:00:00,11.7,86.4,,1.0,True,False,True,False
2023-10-10 06:00:00,12.2,86.4,,0.0,False,False,True,False
2023-10-10 07:00:00,12.2,359.64,,0.0,False,False,True,False
2023-10-10 08:00:00,11.7,359.64,,0.0,False,False,True,False
2023-10-10 09:00:00,11.7,359.64,,0.0,False,False,True,False
2023-10-10 10:00:00,12.2,93.6,,0.0,False,False,True,False
2023-10-10 11:00:00,12.2,359.64,,0.5,True,False,True,False
2023-10-10 12:00:00,12.8,86.4,,0.0,False,False,True,False
2023-10-10 13:00:00,13.9,359.64,,0.0,False,False,True,False
2023-10-10 14:00:00,14.4,359.64,,0.0,False,False,True,False
2023-10-10 15:00:00,16.1,359.64,,0.0,False,False,True,False
2023-10-10 16:00:00,16.1,82.8,,0.0,False,False,True,False
2023-10-10 17:00:00,16.7,359.64,,0.0,False,False,True,False
2023-10-10 18:00:00,16.7,359.64,,0.0,False,False,True,False
2023-10-10 19:00:00,15.6,359.64,,0.0,False,False,True,False
2023-10-10 20:00:00,16.1,359.64,,0.0,False,False,True,False
2023-10-10 21:00:00,15.6,359.64,,0.0,False,False,True,False
2023-10-10 22:00:00,16.1,90.0,,0.0,False,False,True,False
2023-10-10 23:00:00,15.0,359.64,,0.0,False,False,True,False
2023-10-11 00:00:00,14.4,359.64,,0.0,False,False,True,False
2023-10-11 01:00:00,14.4,86.4,,0.0,False,False,True,False
2023-10-11 02:00:00,13.9,359.64,,0.0,False,False,True,False
2023-10-11 03:00:00,15.0,359.64,,0.0,False,False,True,False
2023-10-11 04:00:00,15.0,359.64,,0.5,True,False,True,False
2023-10-11 05:00:00,14.4,359.64,,0.0,False,False,True,False
2023-10-11 06:00:00,14.4,359.64,,0.0,False,False,True,False
2023-10-11 07:00:00,13.9,359.64,,0.0,False,False,True,False
2023-10-11 08:00:00,13.3,359.64,,0.0,False,False,True,False
2023-10-11 09:00:00,12.8,359.64,,0.0,False,False,True,False
2023-10-11 10:00:00,13.3,359.64,,0.0,False,False,True,False
2023-10-11 11:00:00,13.9,359.64,,0.0,False,False,True,False
2023-10-11 12:00:00,14.4,359.64,,0.0,False,False,True,False
2023-10-11 13:00:00,16.1,104.4,,0.0,False,False,True,False
2023-10-11 14:00:00,16.7,82.8,,0.0,False,False,True,False
2023-10-11 15:00:00,18.3,86.4,,0.0,False,False,True,False
2023-10-11 16:00:00,20.6,359.64,,0.0,False,False,True,False
2023-10-11 17:00:00,20.0,359.64,,0.0,False,False,True,False
2023-10-11 18:00:00,20.0,359.64,,0.0,False,False,True,False
2023-10-11 19:00:00,19.4,359.64,,0.0,False,False,True,False
2023-10-11 20:00:00,18.9,359.64,,0.0,False,False,True,False
2023-10-11 21:00:00,18.3,86.4,,0.0,False,False,True,False
2023-10-11 22:00:00,17.2,359.64,,0.0,False,False,True,False
2023-10-11 23:00:00,16.7,359.64,,0.0,False,False,True,False
2023-10-12 00:00:00,16.1,359.64,,0.0,False,False,True,False
2023-10-12 01:00:00,15.6,359.64,,0.0,False,False,True,False
2023-10-12 02:00:00,15.6,359.64,,0.0,False,False,True,False
2023-10-12 03:00:00,15.6,359.64,,0.0,False,False,True,False
2023-10-12 04:00:00,15.0,359.64,,0.0,False,False,True,False
2023-10-12 05:00:00,14.4,359.64,,0.0,False,False,True,False
2023-10-12 06:00:00,13.9,108.0,,0.0,False,False,True,False
2023-10-12 07:00:00,12.8,359.64,,0.0,False,False,True,False
2023-10-12 08:00:00,12.2,359.64,,0.0,False,False,True,False
2023-10-12 09:00:00,12.2,359.64,,0.0,False,False,True,False
2023-10-12 10:00:00,12.2,359.64,,0.0,False,False,True,False
2023-10-12 11:00:00,12.2,359.64,,0.0,False,False,True,False
2023-10-12 12:00:00,14.4,359.64,9.66,0.0,False,False,True,False
2023-10-12 13:00:00,15.6,359.64,,0.0,False,False,True,False
2023-10-12 14:00:00,17.2,359.64,,0.0,False,False,True,False
2023-10-12 15:00:00,18.9,359.64,,0.0,False,False,True,False
2023-10-12 16:00:00,19.4,100.8,,0.0,False,False,True,False
2023-10-12 17:00:00,20.0,359.64,,0.0,False,False,True,False
2023-10-12 18:00:00,20.0,111.6,,0.0,False,False,True,False
2023-10-12 19:00:00,20.0,359.64,,0.0,False,False,True,False
2023-10-12 20:00:00,20.0,108.0,,0.0,False,False,True,False
2023-10-12 21:00:00,19.4,359.64,,0.0,False,False,True,False
2023-10-12 22:00:00,17.8,359.64,,0.0,False,False,True,False
2023-10-12 23:00:00,17.2,359.64,,0.0,False,False,True,False
2023-10-13 00:00:00,17.2,359.64,,0.0,False,False,True,False
2023-10-13 01:00:00,17.2,359.64,,0.0,False,False,True,False
2023-10-13 02:00:00,16.7,108.0,,0.0,False,False,True,False
2023-10-13 03:00:00,15.0,359.64,,0.0,False,False,True,False
2023-10-13 04:00:00,13.9,359.64,,0.0,False,False,True,False
2023-10-13 05:00:00,13.9,359.64,,0.0,False,False,True,False
2023-10-13 06:00:00,12.8,359.64,,0.0,False,False,True,False
2023-10-13 07:00:00,12.8,10.8,,0.0,False,False,False,False
2023-10-13 08:00:00,12.8,359.64,,0.0,False,False,True,False
2023-10-13 09:00:00,11.7,108.0,,0.0,False,False,True,False
2023-10-13 10:00:00,10.6,359.64,,0.0,False,False,True,False
2023-10-13 11:00:00,11.1,359.64,,0.0,False,False,True,False
2023-10-13 12:00:00,11.1,359.64,,0.0,False,False,True,False
2023-10-13 13:00:00,12.2,359.64,,0.0,False,False,True,False
2023-10-13 14:00:00,13.3,359.64,,0.0,False,False,True,False
2023-10-13 15:00:00,14.4,10.8,,0.0,False,False,False,False
2023-10-13 16:00:00,15.6,359.64,,0.0,False,False,True,False
2023-10-13 17:00:00,16.7,359.64,,0.0,False,False,True,False
2023-10-13 18:00:00,16.7,359.64,,0.0,False,False,True,False
2023-10-13 19:00:00,16.1,359.64,,0.0,False,False,True,False
2023-10-13 20:00:00,16.1,359.64,,0.0,False,False,True,False
2023-10-13 21:00:00,16.1,359.64,,0.0,False,False,True,False
2023-10-13 22:00:00,15.6,359.64,,0.0,False,False,True,False
2023-10-13 23:00:00,15.0,108.0,,0.0,False,False,True,False
2023-10-14 00:00:00,14.4,359.64,,0.0,False,False,True,False
2023-10-14 01:00:00,14.4,359.64,,0.0,False,False,True,False
2023-10-14 02:00:00,13.3,104.4,,0.0,False,False,True,False
2023-10-14 03:00:00,13.3,359.64,,0.0,False,False,True,False
2023-10-14 04:00:00,12.2,359.64,,0.0,False,False,True,False
2023-10-14 05:00:00,12.8,359.64,,0.0,False,False,True,False
2023-10-14 06:00:00,13.3,359.64,,0.0,False,False,True,False
2023-10-14 07:00:00,12.8,108.0,,0.0,False,False,True,False
2023-10-14 08:00:00,12.8,359.64,,0.0,False,False,True,False
2023-10-14 09:00:00,12.8,108.0,,0.0,False,False,True,False
2023-10-14 10:00:00,12.8,10.8,,0.0,False,False,False,False
2023-10-14 11:00:00,12.2,359.64,,0.0,False,False,True,False
2023-10-14 12:00:00,12.2,18.0,,0.0,False,False,False,False
2023-10-14 13:00:00,12.2,359.64,,0.0,False,False,True,False
2023-10-14 14:00:00,11.1,359.64,6.44,2.8,True,False,True,False
2023-10-14 15:00:00,10.6,7.2,8.05,1.5,True,False,False,False
2023-10-14 16:00:00,10.85,359.64,3.62,3.5,True,True,True,False
2023-10-14 17:00:00,10.0,359.64,4.02,12.7,True,True,True,False
2023-10-14 18:00:00,10.48,156.1,2.98,13.2,True,True,True,False
2023-10-14 19:00:00,10.44,222.98,4.51,9.0,True,True,True,False
2023-10-14 20:00:00,10.6,21.6,8.05,9.6,True,False,False,False
2023-10-14 21:00:00,10.34,215.28,4.18,7.3,True,True,True,False
2023-10-14 22:00:00,10.0,18.0,7.24,0.7,True,False,False,False
2023-10-14 23:00:00,10.0,131.28,6.84,12.1,True,False,True,False
2023-10-15 00:00:00,9.4,18.0,,0.0,False,False,False,False
2023-10-15 01:00:00,10.0,14.4,,0.0,False,False,False,False
2023-10-15 02:00:00,10.0,359.64,,0.0,False,False,True,False
2023-10-15 03:00:00,10.0,359.64,,0.0,False,False,True,False
2023-10-15 04:00:00,10.6,359.64,,20.9,True,False,True,False
2023-10-15 05:00:00,10.6,359.64,,0.8,True,False,True,False
2023-10-15 06:00:00,10.6,359.64,,0.0,False,False,True,False
2023-10-15 07:00:00,10.6,359.64,,0.0,False,False,True,False
2023-10-15 08:00:00,10.6,359.64,,0.0,False,False,True,False
2023-10-15 09:00:00,11.1,359.64,,0.0,False,False,True,False
2023-10-15 10:00:00,10.6,359.64,,0.0,False,False,True,False
2023-10-15 11:00:00,11.1,359.64,,20.8,True,False,True,False
2023-10-15 12:00:00,11.7,359.64,,0.0,False,False,True,False
2023-10-15 13:00:00,12.2,129.6,,0.0,False,False,True,False
2023-10-15 14:00:00,12.4,359.64,,0.0,False,False,True,False
2023-10-15 15:00:00,13.9,359.64,,0.0,False,False,True,False
2023-10-15 16:00:00,13.9,359.64,,0.0,False,False,True,False
2023-10-15 17:00:00,14.4,359.64,,0.0,False,False,True,False
2023-10-15 18:00:00,15.0,108.0,,0.0,False,False,True,False
2023-10-15 19:00:00,15.0,108.0,,0.0,False,False,True,False
2023-10-15 20:00:00,14.4,108.0,,0.0,False,False,True,False
2023-10-15 21:00:00,13.3,104.4,,0.0,False,False,True,False
2023-10-15 22:00:00,13.9,359.64,,0.0,False,False,True,False
2023-10-15 23:00:00,13.3,359.64,,0.0,False,False,True,False
2023-10-16 00:00:00,12.2,359.64,,0.0,False,False,True,False
2023-10-16 01:00:00,11.7,100.8,,0.0,False,False,True,False
2023-10-16 02:00:00,10.6,359.64,,0.0,False,False,True,False
2023-10-16 03:00:00,10.6,359.64,,0.0,False,False,True,False
2023-10-16 04:00:00,10.0,230.22,,0.3,True,False,True,False
2023-10-16 05:00:00,10.0,359.64,,0.0,False,False,True,False
2023-10-16 06:00:00,9.4,359.64,,0.0,False,False,True,False
2023-10-16 07:00:00,8.9,359.64,,0.0,False,False,True,False
2023-10-16 08:00:00,9.4,100.8,,0.0,False,False,True,False
2023-10-16 09:00:00,9.4,100.8,,0.0,False,False,True,False
2023-10-16 10:00:00,8.9,359.64,,0.0,False,False,True,False
2023-10-16 11:00:00,9.4,97.2,,0.0,False,False,True,False
2023-10-16 12:00:00,10.6,359.64,,0.0,False,False,True,False
2023-10-16 13:00:00,11.1,359.64,,0.0,False,False,True,False
2023-10-16 14:00:00,13.3,359.64,,0.0,False,False,True,False
2023-10-16 15:00:00,15.0,359.64,,0.0,False,False,True,False
2023-10-16 16:00:00,16.7,21.6,,0.0,False,False,False,False
2023-10-16 17:00:00,17.2,359.64,,0.0,False,False,True,False
2023-10-16 18:00:00,16.1,359.64,,0.0,False,False,True,False
2023-10-16 19:00:00,15.6,359.64,,0.0,False,False,True,False
2023-10-16 20:00:00,15.0,359.64,,0.0,False,False,True,False
2023-10-16 21:00:00,13.9,359.64,,0.0,False,False,True,False
2023-10-16 22:00:00,13.9,359.64,,0.0,False,False,True,False
2023-10-16 23:00:00,13.9,359.64,,0.0,False,False,True,False
2023-10-17 00:00:00,13.3,104.4,,0.0,False,False,True,False
2023-10-17 01:00:00,13.3,126.0,,0.0,False,False,True,False
2023-10-17 02:00:00,12.8,115.2,,0.0,False,False,True,False
2023-10-17 03:00:00,12.2,359.64,,0.0,False,False,True,False
2023-10-17 04:00:00,12.2,244.62,,0.0,False,False,True,False
2023-10-17 05:00:00,11.1,359.64,,0.0,False,False,True,False
2023-10-17 06:00:00,11.7,359.64,,0.0,False,False,True,False
2023-10-17 07:00:00,11.1,359.64,,0.0,False,False,True,False
2023-10-17 08:00:00,10.6,359.64,,0.0,False,False,True,False
2023-10-17 09:00:00,10.6,359.64,,0.0,False,False,True,False
2023-10-17 10:00:00,11.7,359.64,,0.0,False,False,True,False
2023-10-17 11:00:00,11.1,359.64,,0.0,False,False,True,False
2023-10-17 12:00:00,12.8,359.64,,0.0,False,False,True,False
2023-10-17 13:00:00,13.9,14.4,,0.0,False,False,False,False
2023-10-17 14:00:00,13.9,359.64,,0.0,False,False,True,False
2023-10-17 15:00:00,14.4,359.64,,0.0,False,False,True,False
2023-10-17 16:00:00,15.0,359.64,,0.0,False,False,True,False
2023-10-17 17:00:00,15.6,359.64,,0.0,False,False,True,False
2023-10-17 18:00:00,16.1,359.64,,0.0,False,False,True,False
2023-10-17 19:00:00,16.1,18.0,,0.0,False,False,False,False
2023-10-17 20:00:00,15.6,359.64,,0.0,False,False,True,False
2023-10-17 21:00:00,15.0,359.64,,0.0,False,False,True,False
2023-10-17 22:00:00,14.4,359.64,,0.0,False,False,True,False
2023-10-17 23:00:00,14.4,359.64,,0.0,False,False,True,False
2023-10-18 00:00:00,13.3,359.64,,0.0,False,False,True,False
2023-10-18 01:00:00,13.3,359.64,,0.0,False,False,True,False
2023-10-18 02:00:00,13.3,359.64,,0.0,False,False,True,False
2023-10-18 03:00:00,12.2,108.0,,0.0,False,False,True,False
2023-10-18 04:00:00,11.7,359.64,,0.0,False,False,True,False
2023-10-18 05:00:00,11.7,359.64,,0.0,False,False,True,False
2023-10-18 06:00:00,11.7,359.64,,0.0,False,False,True,False
2023-10-18 07:00:00,12.2,359.64,,0.0,False,False,True,False
2023-10-18 08:00:00,12.2,359.64,,0.0,False,False,True,False
2023-10-18 09:00:00,12.2,10.8,,0.0,False,False,False,False
2023-10-18 10:00:00,12.8,359.64,,0.0,False,False,True,False
2023-10-18 11:00:00,12.8,359.64,,0.0,False,False,True,False
2023-10-18 12:00:00,14.4,359.64,,0.0,False,False,True,False
2023-10-18 13:00:00,15.6,359.64,,0.0,False,False,True,False
2023-10-18 14:00:00,16.1,21.6,,0.0,False,False,False,False
2023-10-18 15:00:00,16.7,359.64,,0.0,False,False,True,False
2023-10-18 16:00:00,16.1,359.64,,0.0,False,False,True,False
2023-10-18 17:00:00,15.6,359.64,,0.0,False,False,True,False
2023-10-18 18:00:00,15.6,21.6,,0.0,False,False,False,False
2023-10-18 19:00:00,15.6,359.64,,0.0,False,False,True,False
2023-10-18 20:00:00,15.6,359.64,,0.0,False,False,True,False
2023-10-18 21:00:00,15.0,359.64,,0.0,False,False,True,False
2023-10-18 22:00:00,15.0,359.64,,0.0,False,False,True,False
2023-10-18 23:00:00,15.0,359.64,,0.0,False,False,True,False
2023-10-19 00:00:00,15.0,359.64,,0.0,False,False,True,False
2023-10-19 01:00:00,14.4,359.64,,0.0,False,False,True,False
2023-10-19 02:00:00,13.9,359.64,,0.0,False,False,True,False
2023-10-19 03:00:00,14.4,359.64,,0.0,False,False,True,False
2023-10-19 04:00:00,13.9,359.64,,0.0,False,False,True,False
2023-10-19 05:00:00,13.3,359.64,,0.0,False,False,True,False
2023-10-19 06:00:00,12.8,359.64,,0.0,False,False,True,False
2023-10-19 07:00:00,12.8,359.64,,0.0,False,False,True,False
2023-10-19 08:00:00,11.7,359.64,,0.0,False,False,True,False
2023-10-19 09:00:00,11.1,359.64,,0.0,False,False,True,False
2023-10-19 10:00:00,11.1,359.64,,0.0,False,False,True,False
2023-10-19 11:00:00,11.7,359.64,,0.0,False,False,True,False
2023-10-19 12:00:00,12.8,359.64,,0.0,False,False,True,False
2023-10-19 13:00:00,14.4,359.64,,0.0,False,False,True,False
2023-10-19 14:00:00,15.0,93.6,,0.0,False,False,True,False
2023-10-19 15:00:00,16.1,359.64,,0.0,False,False,True,False
2023-10-19 16:00:00,16.7,359.64,,0.0,False,False,True,False
2023-10-19 17:00:00,17.8,359.64,,0.0,False,False,True,False
2023-10-19 18:00:00,17.8,359.64,,0.0,False,False,True,False
2023-10-19 19:00:00,16.7,359.64,,0.0,False,False,True,False
2023-10-19 20:00:00,15.6,359.64,,0.0,False,False,True,False
2023-10-19 21:00:00,15.6,359.64,,0.0,False,False,True,False
2023-10-19 22:00:00,15.6,359.64,,0.0,False,False,True,False
2023-10-19 23:00:00,15.6,359.64,,0.0,False,False,True,False
2023-10-20 00:00:00,15.6,359.64,,0.0,False,False,True,False
2023-10-20 01:00:00,15.0,359.64,,0.0,False,False,True,False
2023-10-20 02:00:00,15.0,359.64,,0.0,False,False,True,False
2023-10-20 03:00:00,15.0,359.64,,0.0,False,False,True,False
2023-10-20 04:00:00,15.0,359.64,,0.0,False,False,True,False
2023-10-20 05:00:00,15.6,359.64,,0.0,False,False,True,False
2023-10-20 06:00:00,15.6,359.64,,0.0,False,False,True,False
2023-10-20 07:00:00,16.05,359.64,,0.0,False,False,True,False
2023-10-20 08:00:00,15.6,205.02,9.66,0.5,True,False,True,False
2023-10-20 09:00:00,15.0,205.02,6.44,2.2,True,False,True,False
2023-10-20 10:00:00,15.0,359.64,8.05,2.9,True,False,True,False
2023-10-20 11:00:00,15.8,205.02,3.22,7.6,True,True,True,False
2023-10-20 12:00:00,16.1,282.33,6.3,0.5,True,False,True,False
2023-10-20 13:00:00,16.08,359.64,4.1,23.0,True,True,True,False
2023-10-20 14:00:00,16.7,359.64,8.05,5.4,True,False,True,False
2023-10-20 15:00:00,16.76,359.64,3.3,2.5,True,True,True,False
2023-10-20 16:00:00,16.7,359.64,,0.5,True,False,True,False
2023-10-20 17:00:00,17.2,359.64,,6.4,True,False,True,False
2023-10-20 18:00:00,16.95,359.64,7.24,0.5,True,False,True,False
2023-10-20 19:00:00,16.97,359.64,3.08,6.3,True,True,True,False
2023-10-20 20:00:00,16.8,359.64,2.82,16.4,True,True,True,False
2023-10-20 21:00:00,16.74,205.02,4.54,10.3,True,True,True,False
2023-10-20 22:00:00,16.7,255.36,6.17,6.0,True,False,True,False
2023-10-20 23:00:00,16.7,359.64,,11.4,True,False,True,False
2023-10-21 00:00:00,16.7,359.64,6.44,0.0,False,False,True,False
2023-10-21 01:00:00,16.7,228.74,3.7,1.2,True,True,True,False
2023-10-21 02:00:00,16.55,199.62,3.92,0.8,True,True,True,False
2023-10-21 03:00:00,16.45,303.3,3.15,0.0,False,True,True,False
2023-10-21 04:00:00,16.23,293.47,3.12,21.3,True,True,True,False
2023-10-21 05:00:00,16.25,187.92,2.62,0.8,True,True,True,False
2023-10-21 06:00:00,16.08,359.64,3.62,0.0,False,True,True,False
2023-10-21 07:00:00,16.1,359.64,3.72,0.0,False,True,True,False
2023-10-21 08:00:00,15.93,359.64,4.43,0.0,False,True,True,False
2023-10-21 09:00:00,16.01,325.23,3.91,0.0,False,True,True,False
2023-10-21 10:00:00,15.66,287.74,4.43,0.0,False,True,True,False
2023-10-21 11:00:00,15.6,189.22,4.59,32.1,True,True,True,False
2023-10-21 12:00:00,14.56,303.72,3.35,81.6,True,True,True,False
2023-10-21 13:00:00,13.92,295.83,,1.3,True,False,True,False
2023-10-21 14:00:00,13.92,359.64,9.12,14.7,True,False,True,False
2023-10-21 15:00:00,13.9,108.0,,0.0,False,False,True,False
2023-10-21 16:00:00,14.15,230.22,,0.0,False,False,True,False
2023-10-21 17:00:00,15.0,359.64,,14.3,True,False,True,False
2023-10-21 18:00:00,16.1,100.8,,0.0,False,False,True,False
2023-10-21 19:00:00,16.7,104.4,,0.0,False,False,True,False
2023-10-21 20:00:00,16.7,97.2,,0.0,False,False,True,False
2023-10-21 21:00:00,15.6,100.8,,0.0,False,False,True,False
2023-10-21 22:00:00,15.0,97.2,,0.0,False,False,True,False
2023-10-21 23:00:00,14.4,97.2,,0.0,False,False,True,False
2023-10-22 00:00:00,14.4,359.64,,0.0,False,False,True,False
2023-10-22 01:00:00,14.4,359.64,,0.0,False,False,True,False
2023-10-22 02:00:00,14.4,359.64,,0.0,False,False,True,False
2023-10-22 03:00:00,13.3,359.64,,0.0,False,False,True,False
2023-10-22 04:00:00,13.3,359.64,,17.0,True,False,True,False
2023-10-22 05:00:00,13.9,359.64,,0.0,False,False,True,False
2023-10-22 06:00:00,12.8,359.64,,0.0,False,False,True,False
2023-10-22 07:00:00,11.7,359.64,,0.0,False,False,True,False
2023-10-22 08:00:00,11.7,359.64,,0.0,False,False,True,False
2023-10-22 09:00:00,11.7,86.4,,0.0,False,False,True,False
2023-10-22 10:00:00,11.1,86.4,,0.0,False,False,True,False
2023-10-22 11:00:00,10.6,359.64,,14.0,True,False,True,False
2023-10-22 12:00:00,11.1,79.2,,0.0,False,False,True,False
2023-10-22 13:00:00,12.8,359.64,,0.0,False,False,True,False
2023-10-22 14:00:00,13.3,100.8,,0.0,False,False,True,False
2023-10-22 15:00:00,13.3,359.64,,0.0,False,False,True,False
2023-10-22 16:00:00,13.3,359.64,,0.0,False,False,True,False
2023-10-22 17:00:00,13.3,359.64,,0.0,False,False,True,False
2023-10-22 18:00:00,12.8,108.0,,0.0,False,False,True,False
2023-10-22 19:00:00,12.8,115.2,,0.0,False,False,True,False
2023-10-22 20:00:00,12.2,108.0,,0.0,False,False,True,False
2023-10-22 21:00:00,11.7,100.8,,0.0,False,False,True,False
2023-10-22 22:00:00,11.7,104.4,,0.0,False,False,True,False
2023-10-22 23:00:00,10.6,111.6,,0.0,False,False,True,False
2023-10-23 00:00:00,10.0,104.4,,0.0,False,False,True,False
2023-10-23 01:00:00,10.0,108.0,,0.0,False,False,True,False
2023-10-23 02:00:00,9.4,108.0,,0.0,False,False,True,False
2023-10-23 03:00:00,8.9,108.0,,0.0,False,False,True,False
2023-10-23 04:00:00,8.9,233.82,,0.0,False,False,True,False
2023-10-23 05:00:00,8.9,111.6,,0.0,False,False,True,False
2023-10-23 06:00:00,8.9,108.0,,0.0,False,False,True,False
2023-10-23 07:00:00,8.3,359.64,,0.0,False,False,True,False
2023-10-23 08:00:00,8.3,108.0,,0.0,False,False,True,False
2023-10-23 09:00:00,8.3,108.0,,0.0,False,False,True,False
2023-10-23 10:00:00,8.9,108.0,,0.0,False,False,True,False
2023-10-23 11:00:00,8.9,359.64,,0.0,False,False,True,False
2023-10-23 12:00:00,9.4,104.4,,0.0,False,False,True,False
2023-10-23 13:00:00,10.6,359.64,,0.0,False,False,True,False
2023-10-23 14:00:00,11.7,104.4,,0.0,False,False,True,False
2023-10-23 15:00:00,12.8,104.4,,0.0,False,False,True,False
2023-10-23 16:00:00,13.9,359.64,,0.0,False,False,True,False
2023-10-23 17:00:00,13.9,359.64,,0.0,False,False,True,False
2023-10-23 18:00:00,15.0,359.64,,0.0,False,False,True,False
2023-10-23 19:00:00,15.0,359.64,,0.0,False,False,True,False
2023-10-23 20:00:00,15.0,359.64,,0.0,False,False,True,False
2023-10-23 21:00:00,14.4,359.64,,0.0,False,False,True,False
2023-10-23 22:00:00,14.4,359.64,,0.0,False,False,True,False
2023-10-23 23:00:00,12.2,359.64,,0.0,False,False,True,False
2023-10-24 00:00:00,11.7,359.64,,0.0,False,False,True,False
2023-10-24 01:00:00,11.1,359.64,,0.0,False,False,True,False
2023-10-24 02:00:00,11.1,359.64,,0.0,False,False,True,False
2023-10-24 03:00:00,10.6,21.6,,0.0,False,False,False,False
2023-10-24 04:00:00,10.0,192.42,,0.0,False,False,True,False
2023-10-24 05:00:00,9.4,7.2,,0.0,False,False,False,False
2023-10-24 06:00:00,9.4,359.64,,0.0,False,False,True,False
2023-10-24 07:00:00,9.4,10.8,,0.0,False,False,False,False
2023-10-24 08:00:00,8.9,14.4,,0.0,False,False,False,False
2023-10-24 09:00:00,8.9,10.8,,0.0,False,False,False,False
2023-10-24 10:00:00,8.9,359.64,,0.0,False,False,True,False
2023-10-24 11:00:00,10.0,359.64,,0.0,False,False,True,False
2023-10-24 12:00:00,11.7,43.2,,0.0,False,False,True,False
2023-10-24 13:00:00,12.8,54.0,,0.0,False,False,True,False
2023-10-24 14:00:00,13.9,46.8,,0.0,False,False,True,False
2023-10-24 15:00:00,15.6,359.64,,0.0,False,False,True,False
2023-10-24 16:00:00,16.7,82.8,,0.0,False,False,True,False
2023-10-24 17:00:00,17.2,359.64,,0.0,False,False,True,False
2023-10-24 18:00:00,17.2,359.64,,0.0,False,False,True,False
2023-10-24 19:00:00,17.8,359.64,,0.0,False,False,True,False
2023-10-24 20:00:00,16.7,359.64,,0.0,False,False,True,False
2023-10-24 21:00:00,15.6,359.64,,0.0,False,False,True,False
2023-10-24 22:00:00,14.4,359.64,,0.0,False,False,True,False
2023-10-24 23:00:00,13.9,359.64,,0.0,False,False,True,False
2023-10-25 00:00:00,13.9,359.64,,0.0,False,False,True,False
2023-10-25 01:00:00,14.4,359.64,,0.0,False,False,True,False
2023-10-25 02:00:00,15.0,359.64,,0.0,False,False,True,False
2023-10-25 03:00:00,13.9,359.64,,0.0,False,False,True,False
2023-10-25 04:00:00,13.9,221.22,,0.0,False,False,True,False
2023-10-25 05:00:00,13.3,90.0,,0.0,False,False,True,False
2023-10-25 06:00:00,13.3,359.64,,0.0,False,False,True,False
2023-10-25 07:00:00,12.8,359.64,,0.0,False,False,True,False
2023-10-25 08:00:00,13.3,359.64,,0.0,False,False,True,False
2023-10-25 09:00:00,12.2,359.64,,0.0,False,False,True,False
2023-10-25 10:00:00,12.2,359.64,,0.0,False,False,True,False
2023-10-25 11:00:00,12.2,90.0,,0.0,False,False,True,False
2023-10-25 12:00:00,13.3,86.4,,0.0,False,False,True,False
2023-10-25 13:00:00,14.4,359.64,,0.0,False,False,True,False
2023-10-25 14:00:00,16.1,90.0,,0.0,False,False,True,False
2023-10-25 15:00:00,17.8,359.64,,0.0,False,False,True,False
2023-10-25 16:00:00,19.4,82.8,,0.0,False,False,True,False
2023-10-25 17:00:00,20.0,359.64,,0.0,False,False,True,False
2023-10-25 18:00:00,21.7,90.0,,0.0,False,False,True,False
2023-10-25 19:00:00,21.1,359.64,,0.0,False,False,True,False
2023-10-25 20:00:00,21.1,359.64,,0.0,False,False,True,False
2023-10-25 21:00:00,20.6,359.64,,0.0,False,False,True,False
2023-10-25 22:00:00,20.0,359.64,,0.0,False,False,True,False
2023-10-25 23:00:00,20.0,359.64,,0.0,False,False,True,False
2023-10-26 00:00:00,19.4,359.64,,0.0,False,False,True,False
2023-10-26 01:00:00,18.9,86.4,,0.0,False,False,True,False
2023-10-26 02:00:00,18.9,359.64,,0.0,False,False,True,False
2023-10-26 03:00:00,18.3,359.64,,0.0,False,False,True,False
2023-10-26 04:00:00,17.8,359.64,,0.0,False,False,True,False
2023-10-26 05:00:00,17.2,90.0,,0.0,False,False,True,False
2023-10-26 06:00:00,16.7,93.6,,0.0,False,False,True,False
2023-10-26 07:00:00,16.7,359.64,,0.0,False,False,True,False
2023-10-26 08:00:00,16.1,359.64,,0.0,False,False,True,False
2023-10-26 09:00:00,15.6,100.8,,0.0,False,False,True,False
2023-10-26 10:00:00,15.6,100.8,,0.0,False,False,True,False
2023-10-26 11:00:00,14.4,359.64,,0.0,False,False,True,False
2023-10-26 12:00:00,16.7,359.64,,0.0,False,False,True,False
2023-10-26 13:00:00,18.3,359.64,,0.0,False,False,True,False
2023-10-26 14:00:00,20.0,359.64,,0.0,False,False,True,False
2023-10-26 15:00:00,22.2,359.64,,0.0,False,False,True,False
2023-10-26 16:00:00,23.3,359.64,,0.0,False,False,True,False
2023-10-26 17:00:00,24.4,86.4,,0.0,False,False,True,False
2023-10-26 18:00:00,25.0,359.64,,0.0,False,False,True,False
2023-10-26 19:00:00,24.4,359.64,,0.0,False,False,True,False
2023-10-26 20:00:00,23.3,359.64,,0.0,False,False,True,False
2023-10-26 21:00:00,22.2,359.64,,0.0,False,False,True,False
2023-10-26 22:00:00,21.7,359.64,,0.0,False,False,True,False
2023-10-26 23:00:00,22.2,359.64,,0.0,False,False,True,False
2023-10-27 00:00:00,21.7,75.6,,0.0,False,False,True,False
2023-10-27 01:00:00,21.1,359.64,,0.0,False,False,True,False
2023-10-27 02:00:00,20.6,359.64,,0.0,False,False,True,False
2023-10-27 03:00:00,20.0,86.4,,0.0,False,False,True,False
2023-10-27 04:00:00,19.4,359.64,,0.0,False,False,True,False
2023-10-27 05:00:00,18.9,82.8,,0.0,False,False,True,False
2023-10-27 06:00:00,18.9,359.64,,0.0,False,False,True,False
2023-10-27 07:00:00,18.3,359.64,,0.0,False,False,True,False
2023-10-27 08:00:00,18.9,86.4,,0.0,False,False,True,False
2023-10-27 09:00:00,17.8,90.0,,0.0,False,False,True,False
2023-10-27 10:00:00,17.8,97.2,,0.0,False,False,True,False
2023-10-27 11:00:00,17.2,93.6,,0.0,False,False,True,False
2023-10-27 12:00:00,18.3,359.64,,0.0,False,False,True,False
2023-10-27 13:00:00,18.3,359.64,,0.0,False,False,True,False
2023-10-27 14:00:00,18.9,359.64,,0.0,False,False,True,False
2023-10-27 15:00:00,19.4,359.64,,0.0,False,False,True,False
2023-10-27 16:00:00,20.6,359.64,,0.0,False,False,True,False
2023-10-27 17:00:00,21.1,359.64,,0.0,False,False,True,False
2023-10-27 18:00:00,22.8,79.2,,0.0,False,False,True,False
2023-10-27 19:00:00,22.8,359.64,,0.0,False,False,True,False
2023-10-27 20:00:00,22.8,359.64,,0.0,False,False,True,False
2023-10-27 21:00:00,21.7,359.64,,0.0,False,False,True,False
2023-10-27 22:00:00,21.1,359.64,,0.0,False,False,True,False
2023-10-27 23:00:00,20.6,359.64,,0.0,False,False,True,False
2023-10-28 00:00:00,20.6,359.64,,0.0,False,False,True,False
2023-10-28 01:00:00,20.6,82.8,,0.0,False,False,True,False
2023-10-28 02:00:00,20.6,86.4,,0.0,False,False,True,False
2023-10-28 03:00:00,20.0,90.0,,0.0,False,False,True,False
2023-10-28 04:00:00,19.4,359.64,,0.0,False,False,True,False
2023-10-28 05:00:00,19.4,97.2,,0.0,False,False,True,False
2023-10-28 06:00:00,20.0,359.64,,0.0,False,False,True,False
2023-10-28 07:00:00,18.9,93.6,,0.0,False,False,True,False
2023-10-28 08:00:00,20.0,359.64,,0.0,False,False,True,False
2023-10-28 09:00:00,19.4,359.64,,0.0,False,False,True,False
2023-10-28 10:00:00,18.9,359.64,,0.0,False,False,True,False
2023-10-28 11:00:00,18.3,359.64,,0.0,False,False,True,False
2023-10-28 12:00:00,19.4,90.0,,0.0,False,False,True,False
2023-10-28 13:00:00,20.6,359.64,,0.0,False,False,True,False
2023-10-28 14:00:00,22.2,79.2,,0.0,False,False,True,False
2023-10-28 15:00:00,23.9,100.8,,0.0,False,False,True,False
2023-10-28 16:00:00,25.0,359.64,,0.0,False,False,True,False
2023-10-28 17:00:00,26.1,93.6,,0.0,False,False,True,False
2023-10-28 18:00:00,26.1,93.6,,0.0,False,False,True,False
2023-10-28 19:00:00,26.1,97.2,,0.0,False,False,True,False
2023-10-28 20:00:00,26.1,359.64,,0.0,False,False,True,False
2023-10-28 21:00:00,25.0,359.64,,0.0,False,False,True,False
2023-10-28 22:00:00,25.0,359.64,,0.0,False,False,True,False
2023-10-28 23:00:00,23.9,359.64,,0.0,False,False,True,False
2023-10-29 00:00:00,22.2,108.0,,0.0,False,False,True,False
2023-10-29 01:00:00,20.6,104.4,,0.0,False,False,True,False
2023-10-29 02:00:00,19.4,108.0,,0.0,False,False,True,False
2023-10-29 03:00:00,18.9,359.64,,0.0,False,False,True,False
2023-10-29 04:00:00,17.2,359.64,,0.0,False,False,True,False
2023-10-29 05:00:00,16.7,359.64,,0.0,False,False,True,False
2023-10-29 06:00:00,16.1,18.0,,0.0,False,False,False,False
2023-10-29 07:00:00,15.6,359.64,,0.0,False,False,True,False
2023-10-29 08:00:00,12.2,359.64,,0.6,True,False,True,False
2023-10-29 09:00:00,12.2,21.6,,0.0,False,False,False,False
2023-10-29 10:00:00,13.9,359.64,,0.0,False,False,True,False
2023-10-29 11:00:00,13.3,359.64,,0.6,True,False,True,False
2023-10-29 12:00:00,12.8,21.6,,0.3,True,False,False,False
2023-10-29 13:00:00,12.2,18.0,,0.0,False,False,False,False
2023-10-29 14:00:00,12.1,16.2,,0.3,True,False,False,False
2023-10-29 15:00:00,11.85,359.64,3.22,1.8,True,True,True,False
2023-10-29 16:00:00,11.7,158.98,4.12,7.9,True,True,True,False
2023-10-29 17:00:00,11.76,89.21,4.67,14.5,True,True,True,False
2023-10-29 18:00:00,11.7,27.0,7.04,2.6,True,False,True,False
2023-10-29 19:00:00,11.7,83.94,2.98,8.2,True,True,True,False
2023-10-29 20:00:00,11.7,136.68,6.04,5.3,True,False,True,False
2023-10-29 21:00:00,11.97,21.6,,0.0,False,False,False,False
2023-10-29 22:00:00,11.7,25.2,,0.3,True,False,True,False
2023-10-29 23:00:00,11.1,18.0,,4.3,True,False,False,False
2023-10-30 00:00:00,11.1,21.6,4.83,0.3,True,True,False,False
2023-10-30 01:00:00,11.1,359.64,4.83,0.0,False,True,True,False
2023-10-30 02:00:00,10.72,190.62,4.43,2.2,True,True,True,False
2023-10-30 03:00:00,10.6,16.2,7.24,0.0,False,False,False,False
2023-10-30 04:00:00,11.05,246.96,4.02,11.9,True,True,True,False
2023-10-30 05:00:00,11.5,359.64,4.83,2.3,True,True,True,False
2023-10-30 06:00:00,12.2,359.64,6.44,0.0,False,False,True,False
2023-10-30 07:00:00,12.2,359.64,6.44,0.0,False,False,True,False
2023-10-30 08:00:00,12.9,359.64,2.21,4.5,True,True,True,False
2023-10-30 09:00:00,12.8,273.33,4.73,15.6,True,True,True,False
2023-10-30 10:00:00,12.8,133.08,4.43,7.8,True,True,True,False
2023-10-30 11:00:00,12.8,359.64,,41.2,True,False,True,False
2023-10-30 12:00:00,13.3,359.64,4.83,0.0,False,True,True,False
2023-10-30 13:00:00,13.3,359.64,4.83,0.0,False,True,True,False
2023-10-30 14:00:00,13.3,359.64,6.44,0.0,False,False,True,False
2023-10-30 15:00:00,14.4,359.64,6.44,0.0,False,False,True,False
2023-10-30 16:00:00,14.4,111.6,6.44,0.0,False,False,True,False
2023-10-30 17:00:00,14.4,93.6,4.83,0.0,False,True,True,False
2023-10-30 18:00:00,14.15,359.64,6.44,0.0,False,False,True,False
2023-10-30 19:00:00,15.3,359.64,,0.0,False,False,True,False
2023-10-30 20:00:00,14.7,233.82,,0.0,False,False,True,False
2023-10-30 21:00:00,13.9,359.64,,0.0,False,False,True,False
2023-10-30 22:00:00,12.8,359.64,,0.0,False,False,True,False
2023-10-30 23:00:00,12.2,108.0,,0.0,False,False,True,False
2023-10-31 00:00:00,11.7,359.64,,0.0,False,False,True,False
2023-10-31 01:00:00,10.6,359.64,,0.0,False,False,True,False
2023-10-31 02:00:00,10.0,108.0,,0.0,False,False,True,False
2023-10-31 03:00:00,10.0,108.0,,0.0,False,False,True,False
2023-10-31 04:00:00,10.0,233.82,,15.0,True,False,True,False
2023-10-31 05:00:00,10.0,359.64,,0.0,False,False,True,False
2023-10-31 06:00:00,9.4,359.64,,0.0,False,False,True,False
2023-10-31 07:00:00,9.4,359.64,,0.0,False,False,True,False
2023-10-31 08:00:00,9.4,3.6,,0.0,False,False,False,False
2023-10-31 09:00:00,8.3,359.64,,0.0,False,False,True,False
2023-10-31 10:00:00,7.2,359.64,,0.0,False,False,True,False
2023-10-31 11:00:00,7.8,359.64,,0.0,False,False,True,False
2023-10-31 12:00:00,7.2,359.64,,0.0,False,False,True,False
2023-10-31 13:00:00,8.3,21.6,,0.0,False,False,False,False
2023-10-31 14:00:00,8.9,359.64,,0.0,False,False,True,False
2023-10-31 15:00:00,9.4,129.6,,0.0,False,False,True,False
2023-10-31 16:00:00,10.6,359.64,,0.0,False,False,True,False
2023-10-31 17:00:00,10.0,359.64,,0.0,False,False,True,False
2023-10-31 18:00:00,10.6,359.64,,0.0,False,False,True,False
2023-10-31 19:00:00,10.6,359.64,,0.0,False,False,True,False
2023-10-31 20:00:00,10.0,359.64,,0.0,False,False,True,False
2023-10-31 21:00:00,9.4,359.64,,0.0,False,False,True,False
2023-10-31 22:00:00,9.4,359.64,,0.0,False,False,True,False
2023-10-31 23:00:00,9.4,359.64,,0.0,False,False,True,False
2023-11-01 00:00:00,8.9,359.64,,0.0,False,False,True,False
2023-11-01 01:00:00,9.4,18.0,,0.0,False,False,False,False
2023-11-01 02:00:00,8.9,18.0,,0.0,False,False,False,False
2023-11-01 03:00:00,8.9,21.6,,0.0,False,False,False,False
2023-11-01 04:00:00,8.3,359.64,,0.0,False,False,True,False
2023-11-01 05:00:00,8.3,359.64,,0.0,False,False,True,False
2023-11-01 06:00:00,8.9,108.0,,0.0,False,False,True,False
2023-11-01 07:00:00,8.3,359.64,,0.0,False,False,True,False
2023-11-01 08:00:00,7.5,108.0,,0.0,False,False,True,False
2023-11-01 09:00:00,6.1,10.8,,0.0,False,False,False,False
2023-11-01 10:00:00,6.1,14.4,,0.0,False,False,False,False
2023-11-01 11:00:00,6.1,14.4,,0.3,True,False,False,False
2023-11-01 12:00:00,5.6,18.0,,0.0,False,False,False,False
2023-11-01 13:00:00,5.6,16.2,,0.0,False,False,False,False
2023-11-01 14:00:00,6.7,129.6,,0.3,True,False,True,False
2023-11-01 15:00:00,7.2,359.64,,0.0,False,False,True,False
2023-11-01 16:00:00,7.8,3.6,,0.0,False,False,False,False
2023-11-01 17:00:00,8.9,108.0,,0.3,True,False,True,False
2023-11-01 18:00:00,8.3,359.64,,0.0,False,False,True,False
2023-11-01 19:00:00,8.3,108.0,,0.0,False,False,True,False
2023-11-01 20:00:00,8.3,359.64,,0.0,False,False,True,False
2023-11-01 21:00:00,7.8,359.64,,0.0,False,False,True,False
2023-11-01 22:00:00,7.2,359.64,,0.0,False,False,True,False
2023-11-01 23:00:00,6.7,108.0,,0.0,False,False,True,False
2023-11-02 00:00:00,5.6,111.6,,0.0,False,False,True,False
2023-11-02 01:00:00,5.0,359.64,,0.0,False,False,True,False
2023-11-02 02:00:00,4.4,359.64,,0.0,False,False,True,False
2023-11-02 03:00:00,4.4,359.64,,0.0,False,False,True,False
2023-11-02 04:00:00,3.9,359.64,,0.3,True,False,True,False
2023-11-02 05:00:00,3.3,108.0,,0.0,False,False,True,False
2023-11-02 06:00:00,2.8,100.8,,0.0,False,False,True,False
2023-11-02 07:00:00,2.8,104.4,,0.0,False,False,True,False
2023-11-02 08:00:00,2.8,359.64,,0.0,False,False,True,False
2023-11-02 09:00:00,1.7,359.64,,0.0,False,False,True,False
2023-11-02 10:00:00,2.2,93.6,,0.0,False,False,True,False
2023-11-02 11:00:00,2.2,359.64,,0.3,True,False,True,False
2023-11-02 12:00:00,3.3,359.64,,0.0,False,False,True,False
2023-11-02 13:00:00,4.4,108.0,,0.0,False,False,True,False
2023-11-02 14:00:00,5.6,359.64,,0.0,False,False,True,False
2023-11-02 15:00:00,6.7,359.64,,0.0,False,False,True,False
2023-11-02 16:00:00,7.8,359.64,,0.0,False,False,True,False
2023-11-02 17:00:00,8.9,359.64,,0.0,False,False,True,False
2023-11-02 18:00:00,8.9,359.64,,0.0,False,False,True,False
2023-11-02 19:00:00,8.9,359.64,,0.0,False,False,True,False
2023-11-02 20:00:00,8.3,359.64,,0.0,False,False,True,False
2023-11-02 21:00:00,7.8,359.64,,0.0,False,False,True,False
2023-11-02 22:00:00,7.2,359.64,,0.0,False,False,True,False
2023-11-02 23:00:00,7.2,93.6,,0.0,False,False,True,False
2023-11-03 00:00:00,7.2,86.4,,0.0,False,False,True,False
2023-11-03 01:00:00,7.2,82.8,,0.0,False,False,True,False
2023-11-03 02:00:00,6.7,359.64,,0.0,False,False,True,False
2023-11-03 03:00:00,6.7,359.64,,0.0,False,False,True,False
2023-11-03 04:00:00,6.1,359.64,,0.0,False,False,True,False
2023-11-03 05:00:00,6.1,359.64,,0.0,False,False,True,False
2023-11-03 06:00:00,6.1,75.6,,0.0,False,False,True,False
2023-11-03 07:00:00,6.1,86.4,,0.0,False,False,True,False
2023-11-03 08:00:00,5.6,97.2,,0.0,False,False,True,False
2023-11-03 09:00:00,6.1,359.64,,0.0,False,False,True,False
2023-11-03 10:00:00,6.1,359.64,,0.0,False,False,True,False
2023-11-03 11:00:00,6.1,359.64,,0.0,False,False,True,False
2023-11-03 12:00:00,6.7,359.64,,0.0,False,False,True,False
2023-11-03 13:00:00,7.8,359.64,,0.0,False,False,True,False
2023-11-03 14:00:00,9.4,79.2,,0.0,False,False,True,False
2023-11-03 15:00:00,10.6,79.2,,0.0,False,False,True,False
2023-11-03 16:00:00,11.7,86.4,,0.0,False,False,True,False
2023-11-03 17:00:00,12.2,359.64,,0.0,False,False,True,False
2023-11-03 18:00:00,12.8,75.6,,0.0,False,False,True,False
2023-11-03 19:00:00,12.8,359.64,,0.0,False,False,True,False
2023-11-03 20:00:00,12.2,359.64,,0.0,False,False,True,False
2023-11-03 21:00:00,11.7,54.0,,0.0,False,False,True,False
2023-11-03 22:00:00,11.05,359.64,,0.0,False,False,True,False
2023-11-03 23:00:00,10.6,359.64,,0.0,False,False,True,False
2023-11-04 00:00:00,10.6,359.64,,0.0,False,False,True,False
2023-11-04 01:00:00,10.6,75.6,,0.0,False,False,True,False
2023-11-04 02:00:00,9.4,359.64,,0.0,False,False,True,False
2023-11-04 03:00:00,9.4,82.8,,0.0,False,False,True,False
2023-11-04 04:00:00,9.4,359.64,,0.0,False,False,True,False
2023-11-04 05:00:00,10.0,359.64,,0.0,False,False,True,False
2023-11-04 06:00:00,10.0,86.4,,0.0,False,False,True,False
2023-11-04 07:00:00,9.4,359.64,,0.0,False,False,True,False
2023-11-04 08:00:00,9.4,82.8,,0.0,False,False,True,False
2023-11-04 09:00:00,9.4,359.64,,0.0,False,False,True,False
2023-11-04 10:00:00,8.9,82.8,,0.0,False,False,True,False
2023-11-04 11:00:00,8.9,93.6,,0.0,False,False,True,False
2023-11-04 12:00:00,10.0,93.6,,0.0,False,False,True,False
2023-11-04 13:00:00,10.6,359.64,,0.0,False,False,True,False
2023-11-04 14:00:00,11.0,359.64,,0.0,False,False,True,False
2023-11-04 15:00:00,13.0,359.64,,0.0,False,False,True,False
2023-11-04 16:00:00,13.0,359.64,,0.0,False,False,True,False
2023-11-04 17:00:00,15.0,359.64,,0.0,False,False,True,False
2023-11-04 18:00:00,15.0,359.64,,0.0,False,False,True,False
2023-11-04 19:00:00,16.0,359.64,,0.0,False,False,True,False
2023-11-04 20:00:00,15.0,359.64,,0.0,False,False,True,False
2023-11-04 21:00:00,14.0,359.64,,0.0,False,False,True,False
2023-11-04 22:00:00,14.4,359.64,,0.0,False,False,True,False
2023-11-04 23:00:00,13.9,359.64,,0.0,False,False,True,False
2023-11-05 00:00:00,13.3,359.64,,0.0,False,False,True,False
2023-11-05 01:00:00,12.8,82.8,,0.0,False,False,True,False
2023-11-05 02:00:00,12.8,359.64,,0.0,False,False,True,False
2023-11-05 03:00:00,12.8,90.0,,0.0,False,False,True,False
2023-11-05 04:00:00,12.2,359.64,,0.0,False,False,True,False
2023-11-05 05:00:00,12.2,90.0,,0.0,False,False,True,False
2023-11-05 06:00:00,11.7,359.64,,0.0,False,False,True,False
2023-11-05 07:00:00,11.7,100.8,,0.0,False,False,True,False
2023-11-05 08:00:00,11.1,104.4,,0.0,False,False,True,False
2023-11-05 09:00:00,10.6,359.64,,0.0,False,False,True,False
2023-11-05 10:00:00,10.6,359.64,,0.0,False,False,True,False
2023-11-05 11:00:00,10.0,359.64,,0.0,False,False,True,False
2023-11-05 12:00:00,10.6,359.64,,0.0,False,False,True,False
2023-11-05 13:00:00,13.3,359.64,,0.0,False,False,True,False
2023-11-05 14:00:00,13.9,359.64,,0.0,False,False,True,False
2023-11-05 15:00:00,15.0,359.64,,0.0,False,False,True,False
2023-11-05 16:00:00,16.1,359.64,,0.0,False,False,True,False
2023-11-05 17:00:00,17.2,359.64,,0.0,False,False,True,False
2023-11-05 18:00:00,17.8,359.64,,0.0,False,False,True,False
2023-11-05 19:00:00,17.2,359.64,,0.0,False,False,True,False
2023-11-05 20:00:00,17.2,359.64,,0.0,False,False,True,False
2023-11-05 21:00:00,16.1,359.64,,0.0,False,False,True,False
2023-11-05 22:00:00,15.0,359.64,,0.0,False,False,True,False
2023-11-05 23:00:00,13.9,359.64,,0.0,False,False,True,False
2023-11-06 00:00:00,13.3,359.64,,0.0,False,False,True,False
2023-11-06 01:00:00,11.7,359.64,,0.0,False,False,True,False
2023-11-06 02:00:00,10.6,359.64,,0.0,False,False,True,False
2023-11-06 03:00:00,10.0,118.8,,0.0,False,False,True,False
2023-11-06 04:00:00,9.4,359.64,,0.0,False,False,True,False
2023-11-06 05:00:00,9.0,7.2,,0.0,False,False,False,False
2023-11-06 06:00:00,8.9,359.64,,0.0,False,False,True,False
2023-11-06 07:00:00,8.3,359.64,,0.0,False,False,True,False
2023-11-06 08:00:00,8.3,359.64,,0.0,False,False,True,False
2023-11-06 09:00:00,7.8,359.64,,0.0,False,False,True,False
2023-11-06 10:00:00,7.2,18.0,,0.0,False,False,False,False
2023-11-06 11:00:00,7.2,359.64,,0.0,False,False,True,False
2023-11-06 12:00:00,7.2,18.0,,0.0,False,False,False,False
2023-11-06 13:00:00,8.9,25.2,,0.0,False,False,True,False
2023-11-06 14:00:00,10.0,25.2,,0.0,False,False,True,False
2023-11-06 15:00:00,11.1,359.64,,0.0,False,False,True,False
2023-11-06 16:00:00,12.2,359.64,,0.0,False,False,True,False
2023-11-06 17:00:00,12.2,359.64,,0.0,False,False,True,False
2023-11-06 18:00:00,13.3,359.64,,0.0,False,False,True,False
2023-11-06 19:00:00,13.3,359.64,,0.0,False,False,True,False
2023-11-06 20:00:00,12.2,359.64,,0.0,False,False,True,False
2023-11-06 22:00:00,10.6,54.0,,0.0,False,False,True,False
2023-11-06 23:00:00,10.6,359.64,,0.0,False,False,True,False
2023-11-07 00:00:00,11.7,359.64,,0.0,False,False,True,False
2023-11-07 01:00:00,11.7,359.64,,0.0,False,False,True,False
2023-11-07 02:00:00,12.2,359.64,,0.0,False,False,True,False
2023-11-07 03:00:00,12.8,359.64,,0.0,False,False,True,False
2023-11-07 04:00:00,12.8,359.64,,0.0,False,False,True,False
2023-11-07 05:00:00,13.3,359.64,,0.0,False,False,True,False
2023-11-07 06:00:00,13.9,68.4,,0.0,False,False,True,False
2023-11-07 07:00:00,13.9,359.64,,0.0,False,False,True,False
2023-11-07 08:00:00,13.3,359.64,,0.6,True,False,True,False
2023-11-07 09:00:00,12.2,359.64,6.44,1.3,True,False,True,False
2023-11-07 10:00:00,12.2,75.6,,0.0,False,False,True,False
2023-11-07 11:00:00,12.2,79.2,,3.0,True,False,True,False
2023-11-07 12:00:00,13.3,359.64,,0.0,False,False,True,False
2023-11-07 13:00:00,13.3,82.8,,0.0,False,False,True,False
2023-11-07 14:00:00,13.9,359.64,,0.0,False,False,True,False
2023-11-07 15:00:00,14.4,359.64,,0.0,False,False,True,False
2023-11-07 16:00:00,15.6,359.64,,0.0,False,False,True,False
2023-11-07 17:00:00,16.1,359.64,,0.0,False,False,True,False
2023-11-07 18:00:00,16.7,359.64,,0.0,False,False,True,False
2023-11-07 19:00:00,17.2,359.64,,0.0,False,False,True,False
2023-11-07 20:00:00,17.2,359.64,,0.0,False,False,True,False
2023-11-07 21:00:00,16.7,359.64,,0.0,False,False,True,False
2023-11-07 22:00:00,16.7,359.64,,0.0,False,False,True,False
2023-11-07 23:00:00,16.7,359.64,,0.0,False,False,True,False
2023-11-08 00:00:00,15.6,359.64,,0.0,False,False,True,False
2023-11-08 01:00:00,14.4,359.64,,0.0,False,False,True,False
2023-11-08 02:00:00,13.3,7.2,,0.0,False,False,False,False
2023-11-08 03:00:00,12.8,359.64,,0.0,False,False,True,False
2023-11-08 04:00:00,12.2,235.62,,1.5,True,False,True,False
2023-11-08 05:00:00,11.7,104.4,,0.0,False,False,True,False
2023-11-08 06:00:00,11.1,359.64,,0.0,False,False,True,False
2023-11-08 07:00:00,10.0,108.0,,0.0,False,False,True,False
2023-11-08 08:00:00,9.4,359.64,,0.0,False,False,True,False
2023-11-08 09:00:00,8.3,108.0,,0.0,False,False,True,False
2023-11-08 10:00:00,7.2,359.64,,0.0,False,False,True,False
2023-11-08 11:00:00,6.7,111.6,,0.0,False,False,True,False
2023-11-08 12:00:00,6.1,359.64,,0.0,False,False,True,False
2023-11-08 13:00:00,6.1,129.6,,0.0,False,False,True,False
2023-11-08 14:00:00,6.7,359.64,,0.0,False,False,True,False
2023-11-08 15:00:00,8.3,359.64,,0.0,False,False,True,False
2023-11-08 16:00:00,8.3,104.4,,0.0,False,False,True,False
2023-11-08 17:00:00,8.9,359.64,,0.0,False,False,True,False
2023-11-08 18:00:00,9.4,359.64,,0.0,False,False,True,False
2023-11-08 19:00:00,9.4,359.64,,0.0,False,False,True,False
2023-11-08 20:00:00,9.4,359.64,,0.0,False,False,True,False
2023-11-08 21:00:00,8.9,359.64,,0.0,False,False,True,False
2023-11-08 22:00:00,8.9,359.64,,0.0,False,False,True,False
2023-11-08 23:00:00,8.9,359.64,,0.0,False,False,True,False
2023-11-09 00:00:00,7.8,25.2,,0.0,False,False,True,False
2023-11-09 01:00:00,7.2,21.6,,0.0,False,False,False,False
2023-11-09 02:00:00,6.1,18.0,,0.0,False,False,False,False
2023-11-09 03:00:00,6.1,359.64,,0.0,False,False,True,False
2023-11-09 04:00:00,6.1,190.62,,0.0,False,False,True,False
2023-11-09 05:00:00,6.7,36.0,,0.0,False,False,True,False
2023-11-09 06:00:00,7.2,43.2,,0.0,False,False,True,False
2023-11-09 07:00:00,6.7,32.4,,0.0,False,False,True,False
2023-11-09 08:00:00,6.7,359.64,,0.0,False,False,True,False
2023-11-09 09:00:00,6.7,36.0,,0.0,False,False,True,False
2023-11-09 10:00:00,7.2,359.64,,0.0,False,False,True,False
2023-11-09 11:00:00,8.3,28.8,,0.0,False,False,True,False
2023-11-09 12:00:00,8.9,359.64,,0.0,False,False,True,False
2023-11-09 13:00:00,10.0,359.64,,0.0,False,False,True,False
2023-11-09 14:00:00,10.6,359.64,,0.0,False,False,True,False
2023-11-09 15:00:00,11.1,108.0,,0.0,False,False,True,False
2023-11-09 16:00:00,11.7,359.64,,0.0,False,False,True,False
2023-11-09 17:00:00,12.8,104.4,,0.0,False,False,True,False
2023-11-09 18:00:00,13.3,359.64,,0.0,False,False,True,False
2023-11-09 19:00:00,13.9,104.4,,0.0,False,False,True,False
2023-11-09 20:00:00,13.9,359.64,,0.0,False,False,True,False
2023-11-09 21:00:00,12.2,18.0,,0.0,False,False,False,False
2023-11-09 22:00:00,12.2,359.64,,0.0,False,False,True,False
2023-11-09 23:00:00,12.8,359.64,,0.0,False,False,True,False
2023-11-10 00:00:00,8.9,359.64,,0.0,False,False,True,False
2023-11-10 01:00:00,8.3,359.64,,0.0,False,False,True,False
2023-11-10 02:00:00,11.7,359.64,,0.0,False,False,True,False
2023-11-10 03:00:00,11.7,129.6,,0.0,False,False,True,False
2023-11-10 04:00:00,11.1,359.64,,0.0,False,False,True,False
2023-11-10 05:00:00,10.0,359.64,,0.0,False,False,True,False
2023-11-10 06:00:00,10.0,104.4,,0.0,False,False,True,False
2023-11-10 07:00:00,10.6,359.64,,0.0,False,False,True,False
2023-11-10 08:00:00,10.6,359.64,,0.0,False,False,True,False
2023-11-10 09:00:00,10.6,359.64,,0.0,False,False,True,False
2023-11-10 10:00:00,10.6,359.64,,0.0,False,False,True,False
2023-11-10 11:00:00,10.0,93.6,,0.0,False,False,True,False
2023-11-10 12:00:00,10.6,359.64,,0.0,False,False,True,False
2023-11-10 13:00:00,10.6,82.8,,0.0,False,False,True,False
2023-11-10 14:00:00,11.1,359.64,,0.0,False,False,True,False
2023-11-10 15:00:00,11.1,97.2,,0.0,False,False,True,False
2023-11-10 16:00:00,11.1,359.64,,0.0,False,False,True,False
2023-11-10 17:00:00,11.1,90.0,,0.0,False,False,True,False
2023-11-10 18:00:00,11.1,359.64,,0.0,False,False,True,False
2023-11-10 19:00:00,11.7,86.4,,0.0,False,False,True,False
2023-11-10 20:00:00,11.1,359.64,,0.0,False,False,True,False
2023-11-10 21:00:00,10.0,359.64,,0.0,False,False,True,False
2023-11-10 22:00:00,10.0,359.64,,0.0,False,False,True,False
2023-11-10 23:00:00,9.4,359.64,,0.0,False,False,True,False
2023-11-11 01:00:00,8.3,359.64,,0.0,False,False,True,False
2023-11-11 02:00:00,8.3,359.64,,0.0,False,False,True,False
2023-11-11 03:00:00,7.8,359.64,,0.0,False,False,True,False
2023-11-11 04:00:00,7.8,359.64,,0.0,False,False,True,False
2023-11-11 05:00:00,7.2,359.64,,0.0,False,False,True,False
2023-11-11 06:00:00,7.8,359.64,,0.0,False,False,True,False
2023-11-11 07:00:00,7.2,359.64,,0.0,False,False,True,False
2023-11-11 08:00:00,6.7,359.64,,0.0,False,False,True,False
2023-11-11 09:00:00,7.2,359.64,,0.0,False,False,True,False
2023-11-11 10:00:00,7.2,359.64,,0.0,False,False,True,False
2023-11-11 11:00:00,7.2,111.6,,0.0,False,False,True,False
2023-11-11 12:00:00,7.8,359.64,,0.0,False,False,True,False
2023-11-11 13:00:00,8.3,359.64,,0.0,False,False,True,False
2023-11-11 14:00:00,10.0,111.6,,0.0,False,False,True,False
2023-11-11 15:00:00,10.6,359.64,,0.0,False,False,True,False
2023-11-11 16:00:00,11.7,359.64,,0.0,False,False,True,False
2023-11-11 17:00:00,12.2,359.64,,0.0,False,False,True,False
2023-11-11 18:00:00,12.2,359.64,,0.0,False,False,True,False
2023-11-11 19:00:00,11.7,359.64,,0.0,False,False,True,False
2023-11-11 20:00:00,11.1,359.64,,0.0,False,False,True,False
2023-11-11 21:00:00,10.0,359.64,,0.0,False,False,True,False
2023-11-11 22:00:00,9.4,359.64,,0.0,False,False,True,False
2023-11-11 23:00:00,8.9,359.64,,0.0,False,False,True,False
2023-11-12 00:00:00,7.8,359.64,,0.0,False,False,True,False
2023-11-12 01:00:00,7.2,359.64,,0.0,False,False,True,False
2023-11-12 02:00:00,6.7,359.64,,0.0,False,False,True,False
2023-11-12 03:00:00,6.1,359.64,,0.0,False,False,True,False
2023-11-12 04:00:00,5.6,185.22,,0.0,False,False,True,False
2023-11-12 05:00:00,5.0,359.64,,0.0,False,False,True,False
2023-11-12 06:00:00,4.4,359.64,,0.0,False,False,True,False
2023-11-12 07:00:00,3.3,18.0,,0.0,False,False,False,False
2023-11-12 08:00:00,3.3,359.64,,0.0,False,False,True,False
2023-11-12 09:00:00,2.8,359.64,,0.0,False,False,True,False
2023-11-12 10:00:00,2.8,359.64,,0.0,False,False,True,False
2023-11-12 11:00:00,2.8,14.4,,0.0,False,False,False,False
2023-11-12 12:00:00,2.8,14.4,,0.0,False,False,False,False
2023-11-12 13:00:00,3.9,359.64,,0.0,False,False,True,False
2023-11-12 14:00:00,5.0,359.64,,0.0,False,False,True,False
2023-11-12 15:00:00,5.6,359.64,,0.0,False,False,True,False
2023-11-12 16:00:00,6.1,359.64,,0.0,False,False,True,False
2023-11-12 17:00:00,6.1,359.64,,0.0,False,False,True,False
2023-11-12 18:00:00,6.7,21.6,,0.0,False,False,False,False
2023-11-12 19:00:00,6.7,359.64,,0.0,False,False,True,False
2023-11-12 20:00:00,6.7,25.2,,0.0,False,False,True,False
2023-11-12 21:00:00,6.1,359.64,,0.0,False,False,True,False
2023-11-12 22:00:00,5.6,126.0,,0.0,False,False,True,False
2023-11-12 23:00:00,4.4,14.4,,0.0,False,False,False,False
2023-11-13 00:00:00,4.4,10.8,,0.0,False,False,False,False
2023-11-13 01:00:00,4.4,14.4,,0.0,False,False,False,False
2023-11-13 02:00:00,4.4,10.8,,0.0,False,False,False,False
2023-11-13 03:00:00,4.4,359.64,,0.0,False,False,True,False
2023-11-13 04:00:00,3.9,359.64,,0.0,False,False,True,False
2023-11-13 05:00:00,3.3,18.0,,0.0,False,False,False,False
2023-11-13 06:00:00,2.8,25.2,,0.0,False,False,True,False
2023-11-13 07:00:00,2.8,7.2,,0.0,False,False,False,False
2023-11-13 08:00:00,2.2,10.8,,0.0,False,False,False,False
2023-11-13 09:00:00,2.8,7.2,,0.0,False,False,False,False
2023-11-13 10:00:00,2.2,10.8,,0.0,False,False,False,False
2023-11-13 11:00:00,2.2,3.6,,0.0,False,False,False,False
2023-11-13 12:00:00,3.3,359.64,,0.0,False,False,True,False
2023-11-13 13:00:00,4.4,359.64,,0.0,False,False,True,False
2023-11-13 14:00:00,6.1,18.0,,0.0,False,False,False,False
2023-11-13 15:00:00,6.7,104.4,,0.0,False,False,True,False
2023-11-13 16:00:00,7.8,82.8,,0.0,False,False,True,False
2023-11-13 17:00:00,7.8,359.64,,0.0,False,False,True,False
2023-11-13 18:00:00,8.9,359.64,,0.0,False,False,True,False
2023-11-13 19:00:00,8.9,359.64,,0.0,False,False,True,False
2023-11-13 20:00:00,8.9,359.64,,0.0,False,False,True,False
2023-11-13 21:00:00,8.3,46.8,,0.0,False,False,True,False
2023-11-13 22:00:00,8.3,359.64,,0.0,False,False,True,False
2023-11-13 23:00:00,7.8,359.64,,0.0,False,False,True,False
2023-11-14 00:00:00,7.8,359.64,,0.0,False,False,True,False
2023-11-14 01:00:00,7.8,86.4,,0.0,False,False,True,False
2023-11-14 02:00:00,8.3,359.64,,0.0,False,False,True,False
2023-11-14 03:00:00,8.3,86.4,,0.0,False,False,True,False
2023-11-14 04:00:00,7.2,359.64,,0.0,False,False,True,False
2023-11-14 05:00:00,6.7,359.64,,0.0,False,False,True,False
2023-11-14 06:00:00,6.1,359.64,,0.0,False,False,True,False
2023-11-14 07:00:00,6.7,359.64,,0.0,False,False,True,False
2023-11-14 08:00:00,7.2,100.8,,0.0,False,False,True,False
2023-11-14 09:00:00,6.7,359.64,,0.0,False,False,True,False
2023-11-14 10:00:00,7.2,100.8,,0.0,False,False,True,False
2023-11-14 11:00:00,7.2,359.64,,0.0,False,False,True,False
2023-11-14 12:00:00,7.8,108.0,,0.0,False,False,True,False
2023-11-14 13:00:00,8.9,108.0,,0.0,False,False,True,False
2023-11-14 14:00:00,10.0,108.0,,0.0,False,False,True,False
2023-11-14 15:00:00,10.6,359.64,,0.0,False,False,True,False
2023-11-14 16:00:00,11.7,359.64,,0.0,False,False,True,False
2023-11-14 17:00:00,11.1,108.0,,0.0,False,False,True,False
2023-11-14 18:00:00,11.1,359.64,,0.0,False,False,True,False
2023-11-14 19:00:00,11.1,359.64,,0.0,False,False,True,False
2023-11-14 20:00:00,10.0,111.6,,0.0,False,False,True,False
2023-11-14 21:00:00,9.4,108.0,,0.0,False,False,True,False
2023-11-14 22:00:00,8.9,108.0,,0.0,False,False,True,False
2023-11-14 23:00:00,8.3,359.64,,0.0,False,False,True,False
2023-11-15 00:00:00,7.8,359.64,,0.0,False,False,True,False
2023-11-15 01:00:00,7.2,359.64,,0.0,False,False,True,False
2023-11-15 02:00:00,6.7,359.64,,0.0,False,False,True,False
2023-11-15 03:00:00,6.7,359.64,,0.0,False,False,True,False
2023-11-15 04:00:00,6.1,359.64,,0.0,False,False,True,False
2023-11-15 05:00:00,6.1,7.2,,0.0,False,False,False,False
2023-11-15 06:00:00,5.0,100.8,,0.0,False,False,True,False
2023-11-15 07:00:00,5.0,108.0,,0.0,False,False,True,False
2023-11-15 08:00:00,4.4,359.64,,0.0,False,False,True,False
2023-11-15 09:00:00,4.4,359.64,,0.0,False,False,True,False
2023-11-15 10:00:00,4.4,359.64,,0.0,False,False,True,False
2023-11-15 11:00:00,4.4,359.64,,0.0,False,False,True,False
2023-11-15 12:00:00,5.0,359.64,,0.0,False,False,True,False
2023-11-15 13:00:00,6.7,359.64,,0.0,False,False,True,False
2023-11-15 14:00:00,8.3,359.64,,0.0,False,False,True,False
2023-11-15 15:00:00,9.4,359.64,,0.0,False,False,True,False
2023-11-15 16:00:00,10.0,359.64,,0.0,False,False,True,False
2023-11-15 17:00:00,10.6,359.64,,0.0,False,False,True,False
2023-11-15 18:00:00,11.1,82.8,,0.0,False,False,True,False
2023-11-15 19:00:00,11.7,359.64,,0.0,False,False,True,False
2023-11-15 20:00:00,10.6,359.64,,0.0,False,False,True,False
2023-11-15 21:00:00,10.0,359.64,,0.0,False,False,True,False
2023-11-15 22:00:00,10.0,359.64,,0.0,False,False,True,False
2023-11-15 23:00:00,10.0,359.64,,0.0,False,False,True,False
2023-11-16 00:00:00,10.0,359.64,,0.0,False,False,True,False
2023-11-16 01:00:00,10.0,75.6,,0.0,False,False,True,False
2023-11-16 02:00:00,10.0,359.64,,0.0,False,False,True,False
2023-11-16 03:00:00,10.0,79.2,,0.0,False,False,True,False
2023-11-16 04:00:00,10.0,224.82,,0.0,False,False,True,False
2023-11-16 05:00:00,9.4,359.64,,0.0,False,False,True,False
2023-11-16 06:00:00,9.4,86.4,,0.0,False,False,True,False
2023-11-16 07:00:00,8.3,86.4,,0.0,False,False,True,False
2023-11-16 08:00:00,8.3,90.0,,0.0,False,False,True,False
2023-11-16 09:00:00,7.8,359.64,,0.0,False,False,True,False
2023-11-16 10:00:00,8.3,359.64,,0.0,False,False,True,False
2023-11-16 11:00:00,7.8,359.64,,0.0,False,False,True,False
2023-11-16 12:00:00,8.9,359.64,,0.0,False,False,True,False
2023-11-16 13:00:00,10.0,359.64,,0.0,False,False,True,False
2023-11-16 14:00:00,11.7,359.64,,0.0,False,False,True,False
2023-11-16 15:00:00,13.3,97.2,,0.0,False,False,True,False
2023-11-16 16:00:00,15.6,359.64,,0.0,False,False,True,False
2023-11-16 17:00:00,17.2,359.64,,0.0,False,False,True,False
2023-11-16 18:00:00,17.8,90.0,,0.0,False,False,True,False
2023-11-16 19:00:00,17.8,359.64,,0.0,False,False,True,False
2023-11-16 20:00:00,17.2,359.64,,0.0,False,False,True,False
2023-11-16 21:00:00,15.6,359.64,,0.0,False,False,True,False
2023-11-16 22:00:00,13.9,359.64,,0.0,False,False,True,False
2023-11-16 23:00:00,15.0,359.64,,0.0,False,False,True,False
2023-11-17 00:00:00,15.0,359.64,,0.0,False,False,True,False
2023-11-17 01:00:00,15.0,359.64,,0.0,False,False,True,False
2023-11-17 02:00:00,13.9,82.8,,0.0,False,False,True,False
2023-11-17 03:00:00,14.4,86.4,,0.0,False,False,True,False
2023-11-17 04:00:00,12.8,219.42,,0.0,False,False,True,False
2023-11-17 05:00:00,12.8,359.64,,0.0,False,False,True,False
2023-11-17 06:00:00,12.8,90.0,,0.0,False,False,True,False
2023-11-17 07:00:00,12.2,82.8,,0.0,False,False,True,False
2023-11-17 08:00:00,11.7,93.6,,0.0,False,False,True,False
2023-11-17 09:00:00,11.7,90.0,,0.0,False,False,True,False
2023-11-17 10:00:00,11.7,82.8,,0.0,False,False,True,False
2023-11-17 11:00:00,11.7,359.64,,0.0,False,False,True,False
2023-11-17 12:00:00,12.8,359.64,,0.0,False,False,True,False
2023-11-17 13:00:00,15.0,359.64,,0.0,False,False,True,False
2023-11-17 14:00:00,16.1,79.2,,0.0,False,False,True,False
2023-11-17 15:00:00,17.8,359.64,,0.0,False,False,True,False
2023-11-17 16:00:00,18.3,359.64,,0.0,False,False,True,False
2023-11-17 17:00:00,18.3,359.64,,0.0,False,False,True,False
2023-11-17 18:00:00,18.9,359.64,,0.0,False,False,True,False
2023-11-17 19:00:00,19.4,359.64,,0.0,False,False,True,False
2023-11-17 20:00:00,17.8,50.4,,0.0,False,False,True,False
2023-11-17 21:00:00,17.2,359.64,,0.0,False,False,True,False
2023-11-17 22:00:00,16.7,359.64,,0.0,False,False,True,False
2023-11-17 23:00:00,17.8,359.64,,0.0,False,False,True,False
2023-11-18 00:00:00,16.7,359.64,,0.0,False,False,True,False
2023-11-18 01:00:00,17.2,359.64,,0.0,False,False,True,False
2023-11-18 02:00:00,17.2,359.64,,0.0,False,False,True,False
2023-11-18 03:00:00,16.7,75.6,,0.0,False,False,True,False
2023-11-18 04:00:00,17.2,217.62,,0.0,False,False,True,False
2023-11-18 05:00:00,16.7,359.64,,0.0,False,False,True,False
2023-11-18 06:00:00,16.1,359.64,,0.0,False,False,True,False
2023-11-18 07:00:00,16.1,359.64,,0.0,False,False,True,False
2023-11-18 08:00:00,15.6,359.64,,0.0,False,False,True,False
2023-11-18 09:00:00,15.6,359.64,,0.0,False,False,True,False
2023-11-18 10:00:00,15.0,359.64,,0.0,False,False,True,False
2023-11-18 11:00:00,14.4,106.2,,0.0,False,False,True,False
2023-11-18 12:00:00,13.3,359.64,,0.0,False,False,True,False
2023-11-18 13:00:00,12.2,359.64,,0.0,False,False,True,False
2023-11-18 14:00:00,10.6,359.64,,0.0,False,False,True,False
2023-11-18 15:00:00,10.6,111.6,,0.0,False,False,True,False
2023-11-18 16:00:00,10.6,126.0,,0.0,False,False,True,False
2023-11-18 17:00:00,10.85,109.8,,0.0,False,False,True,False
2023-11-18 18:00:00,11.7,108.0,,0.0,False,False,True,False
2023-11-18 19:00:00,11.7,126.0,,0.0,False,False,True,False
2023-11-18 20:00:00,10.6,108.0,,0.0,False,False,True,False
2023-11-18 21:00:00,9.4,108.0,,0.0,False,False,True,False
2023-11-18 22:00:00,8.3,104.4,,0.0,False,False,True,False
2023-11-18 23:00:00,7.8,104.4,,0.0,False,False,True,False
2023-11-19 00:00:00,6.7,104.4,,0.0,False,False,True,False
2023-11-19 01:00:00,6.1,108.0,,0.0,False,False,True,False
2023-11-19 02:00:00,5.6,359.64,,0.0,False,False,True,False
2023-11-19 03:00:00,5.6,104.4,,0.0,False,False,True,False
2023-11-19 04:00:00,5.0,359.64,,0.0,False,False,True,False
2023-11-19 05:00:00,5.0,97.2,,0.0,False,False,True,False
2023-11-19 06:00:00,5.0,97.2,,0.0,False,False,True,False
2023-11-19 07:00:00,5.0,359.64,,0.0,False,False,True,False
2023-11-19 08:00:00,4.4,359.64,,0.0,False,False,True,False
2023-11-19 09:00:00,5.0,359.64,,0.0,False,False,True,False
2023-11-19 10:00:00,4.4,359.64,,0.0,False,False,True,False
2023-11-19 11:00:00,4.4,359.64,,0.0,False,False,True,False
2023-11-19 12:00:00,5.6,359.64,,0.0,False,False,True,False
2023-11-19 13:00:00,7.2,359.64,,0.0,False,False,True,False
2023-11-19 14:00:00,8.3,359.64,,0.0,False,False,True,False
2023-11-19 15:00:00,10.0,359.64,,0.0,False,False,True,False
2023-11-19 16:00:00,11.7,359.64,,0.0,False,False,True,False
2023-11-19 17:00:00,12.8,359.64,,0.0,False,False,True,False
2023-11-19 18:00:00,12.2,359.64,,0.0,False,False,True,False
2023-11-19 19:00:00,12.8,90.0,,0.0,False,False,True,False
2023-11-19 20:00:00,11.7,359.64,,0.0,False,False,True,False
2023-11-19 21:00:00,11.7,359.64,,0.0,False,False,True,False
2023-11-19 22:00:00,11.1,100.8,,0.0,False,False,True,False
2023-11-19 23:00:00,10.6,359.64,,0.0,False,False,True,False
2023-11-20 00:00:00,10.6,97.2,,0.0,False,False,True,False
2023-11-20 01:00:00,10.0,359.64,,0.0,False,False,True,False
2023-11-20 02:00:00,7.8,104.4,,0.0,False,False,True,False
2023-11-20 03:00:00,6.7,359.64,,0.0,False,False,True,False
2023-11-20 04:00:00,5.6,359.64,,0.0,False,False,True,False
2023-11-20 05:00:00,5.0,359.64,,0.0,False,False,True,False
2023-11-20 06:00:00,4.4,359.64,,0.0,False,False,True,False
2023-11-20 07:00:00,3.9,359.64,,0.0,False,False,True,False
2023-11-20 08:00:00,3.3,108.0,,0.0,False,False,True,False
2023-11-20 09:00:00,3.3,359.64,,0.0,False,False,True,False
2023-11-20 10:00:00,2.8,359.64,,0.0,False,False,True,False
2023-11-20 11:00:00,2.8,359.64,,0.0,False,False,True,False
2023-11-20 12:00:00,2.8,129.6,,0.0,False,False,True,False
2023-11-20 13:00:00,3.9,359.64,,0.0,False,False,True,False
2023-11-20 14:00:00,4.4,359.64,,0.0,False,False,True,False
2023-11-20 15:00:00,5.6,359.64,,0.0,False,False,True,False
2023-11-20 16:00:00,6.7,359.64,,0.0,False,False,True,False
2023-11-20 17:00:00,7.2,359.64,,0.0,False,False,True,False
2023-11-20 18:00:00,6.7,359.64,,0.0,False,False,True,False
2023-11-20 19:00:00,7.2,359.64,,0.0,False,False,True,False
2023-11-20 20:00:00,6.1,359.64,,0.0,False,False,True,False
2023-11-20 21:00:00,5.6,18.0,,0.0,False,False,False,False
2023-11-20 22:00:00,5.0,14.4,,0.0,False,False,False,False
2023-11-20 23:00:00,5.0,14.4,,0.0,False,False,False,False
2023-11-21 00:00:00,5.0,25.2,,0.0,False,False,True,False
2023-11-21 01:00:00,4.4,359.64,,0.0,False,False,True,False
2023-11-21 02:00:00,3.9,359.64,,0.0,False,False,True,False
2023-11-21 03:00:00,2.8,21.6,,0.0,False,False,False,False
2023-11-21 04:00:00,2.8,190.62,,0.0,False,False,True,False
2023-11-21 05:00:00,2.2,359.64,,0.0,False,False,True,False
2023-11-21 06:00:00,2.2,359.64,,0.0,False,False,True,False
2023-11-21 07:00:00,1.7,18.0,,0.0,False,False,False,False
2023-11-21 08:00:00,1.1,18.0,,0.0,False,False,False,False
2023-11-21 09:00:00,1.1,359.64,,0.0,False,False,True,False
2023-11-21 10:00:00,1.1,21.6,,0.0,False,False,False,False
2023-11-21 11:00:00,1.1,21.6,,0.0,False,False,False,False
2023-11-21 12:00:00,2.8,21.6,,0.0,False,False,False,False
2023-11-21 13:00:00,4.4,359.64,,0.0,False,False,True,False
2023-11-21 14:00:00,5.6,25.2,,0.0,False,False,True,False
2023-11-21 15:00:00,6.7,359.64,,0.0,False,False,True,False
2023-11-21 16:00:00,7.2,359.64,,0.0,False,False,True,False
2023-11-21 17:00:00,7.8,359.64,,0.0,False,False,True,False
2023-11-21 18:00:00,7.8,36.0,,0.0,False,False,True,False
2023-11-21 19:00:00,7.2,359.64,,0.0,False,False,True,False
2023-11-21 20:00:00,6.7,203.22,,1.2,True,False,True,False
2023-11-21 21:00:00,6.55,34.2,,0.5,True,False,True,False
2023-11-21 22:00:00,6.5,36.0,,0.7,True,False,True,False
2023-11-21 23:00:00,7.2,359.64,,1.6,True,False,True,False
2023-11-22 00:00:00,7.2,359.64,9.66,1.3,True,False,True,False
2023-11-22 01:00:00,7.8,197.82,7.24,1.7,True,False,True,False
2023-11-22 02:00:00,7.87,249.36,4.56,13.6,True,True,True,False
2023-11-22 03:00:00,8.15,197.82,4.02,6.6,True,True,True,False
2023-11-22 04:00:00,8.3,143.88,4.02,21.3,True,True,True,False
2023-11-22 05:00:00,8.9,197.82,5.63,25.4,True,False,True,False
2023-11-22 06:00:00,9.7,280.53,4.63,8.0,True,True,True,False
2023-11-22 07:00:00,10.53,252.96,2.68,19.2,True,True,True,False
2023-11-22 08:00:00,11.7,18.0,1.21,38.3,True,True,False,False
2023-11-22 09:00:00,11.25,100.71,1.71,40.2,True,True,True,False
2023-11-22 10:00:00,11.1,243.36,2.55,7.2,True,True,True,False
2023-11-22 11:00:00,11.25,296.73,3.52,109.9,True,True,True,False
2023-11-22 12:00:00,10.0,232.02,6.44,0.0,False,False,True,False
2023-11-22 13:00:00,10.6,359.64,,0.0,False,False,True,False
2023-11-22 14:00:00,10.0,359.64,,0.0,False,False,True,False
2023-11-22 15:00:00,10.6,104.4,,0.0,False,False,True,False
2023-11-22 16:00:00,11.1,359.64,,0.0,False,False,True,False
2023-11-22 17:00:00,11.7,108.0,,0.0,False,False,True,False
2023-11-22 18:00:00,11.7,359.64,,0.0,False,False,True,False
2023-11-22 20:00:00,11.87,191.88,,0.0,False,False,True,False
2023-11-22 21:00:00,12.2,100.8,,0.0,False,False,True,False
2023-11-22 22:00:00,12.2,359.64,,0.0,False,False,True,False
2023-11-22 23:00:00,11.9,297.63,,0.0,False,False,True,False
2023-11-23 00:00:00,11.15,359.64,,0.0,False,False,True,False
2023-11-23 01:00:00,10.0,359.64,,0.0,False,False,True,False
2023-11-23 02:00:00,9.4,359.64,,0.0,False,False,True,False
2023-11-23 03:00:00,10.0,104.4,,0.0,False,False,True,False
2023-11-23 04:00:00,10.6,359.64,,49.0,True,False,True,False
2023-11-23 05:00:00,10.6,359.64,,0.0,False,False,True,False
2023-11-23 06:00:00,10.6,104.4,,0.0,False,False,True,False
2023-11-23 07:00:00,10.0,111.6,,0.0,False,False,True,False
2023-11-23 08:00:00,10.0,233.82,,0.0,False,False,True,False
2023-11-23 09:00:00,8.9,359.64,,0.0,False,False,True,False
2023-11-23 10:00:00,7.8,232.02,,0.0,False,False,True,False
2023-11-23 11:00:00,7.2,100.8,,0.0,False,False,True,False
2023-11-23 12:00:00,6.95,233.82,,0.0,False,False,True,False
2023-11-23 13:00:00,6.95,104.4,,0.0,False,False,True,False
2023-11-23 14:00:00,7.8,108.0,,0.0,False,False,True,False
2023-11-23 15:00:00,8.9,359.64,,0.0,False,False,True,False
2023-11-23 16:00:00,9.4,104.4,,0.0,False,False,True,False
2023-11-23 17:00:00,10.0,104.4,,0.0,False,False,True,False
2023-11-23 18:00:00,10.6,108.0,,0.0,False,False,True,False
2023-11-23 19:00:00,11.1,359.64,,0.0,False,False,True,False
2023-11-23 20:00:00,10.6,104.4,,0.0,False,False,True,False
2023-11-23 21:00:00,10.0,108.0,,0.0,False,False,True,False
2023-11-23 22:00:00,9.4,104.4,,0.0,False,False,True,False
2023-11-23 23:00:00,8.9,100.8,,0.0,False,False,True,False
2023-11-24 00:00:00,8.9,359.64,,0.0,False,False,True,False
2023-11-24 01:00:00,8.9,359.64,,0.0,False,False,True,False
2023-11-24 02:00:00,8.3,104.4,,0.0,False,False,True,False
2023-11-24 03:00:00,8.3,108.0,,0.0,False,False,True,False
2023-11-24 04:00:00,8.3,232.02,,0.0,False,False,True,False
2023-11-24 05:00:00,8.3,97.2,,0.0,False,False,True,False
2023-11-24 06:00:00,8.3,359.64,,0.0,False,False,True,False
2023-11-24 07:00:00,8.3,359.64,,0.0,False,False,True,False
2023-11-24 08:00:00,8.3,359.64,,0.0,False,False,True,False
2023-11-24 09:00:00,8.9,359.64,,0.0,False,False,True,False
2023-11-24 10:00:00,8.3,359.64,,0.0,False,False,True,False
2023-11-24 11:00:00,8.3,359.64,,0.0,False,False,True,False
2023-11-24 12:00:00,8.3,359.64,,0.0,False,False,True,False
2023-11-24 13:00:00,8.9,359.64,,0.0,False,False,True,False
2023-11-24 14:00:00,8.9,359.64,,0.0,False,False,True,False
2023-11-24 15:00:00,9.4,359.64,,0.0,False,False,True,False
2023-11-24 16:00:00,10.6,359.64,,0.0,False,False,True,False
2023-11-24 17:00:00,9.4,108.0,,0.0,False,False,True,False
2023-11-24 18:00:00,9.4,104.4,,0.0,False,False,True,False
2023-11-24 19:00:00,8.9,100.8,,0.0,False,False,True,False
2023-11-24 20:00:00,8.3,108.0,,0.0,False,False,True,False
2023-11-24 21:00:00,7.2,359.64,,0.0,False,False,True,False
2023-11-24 22:00:00,5.6,359.64,,0.0,False,False,True,False
2023-11-24 23:00:00,3.9,129.6,,0.0,False,False,True,False
2023-11-25 00:00:00,2.8,359.64,,0.0,False,False,True,False
2023-11-25 01:00:00,1.7,108.0,,0.0,False,False,True,False
2023-11-25 02:00:00,1.1,359.64,,0.0,False,False,True,False
2023-11-25 03:00:00,0.6,122.4,,0.0,False,False,True,False
2023-11-25 04:00:00,0.6,359.64,,0.0,False,False,True,False
2023-11-25 05:00:00,0.6,359.64,,0.0,False,False,True,False
2023-11-25 06:00:00,0.0,104.4,,0.0,False,False,True,False
2023-11-25 07:00:00,0.0,104.4,,0.0,False,False,True,False
2023-11-25 08:00:00,0.0,359.64,,0.0,False,False,True,False
2023-11-25 09:00:00,-0.6,359.64,,0.0,False,False,True,True
2023-11-25 10:00:00,0.0,10.8,,0.0,False,False,False,False
2023-11-25 11:00:00,-0.6,359.64,,0.0,False,False,True,True
2023-11-25 12:00:00,0.0,18.0,,0.0,False,False,False,False
2023-11-25 13:00:00,1.1,18.0,,0.0,False,False,False,False
2023-11-25 14:00:00,2.2,359.64,,0.0,False,False,True,False
2023-11-25 15:00:00,2.8,359.64,,0.0,False,False,True,False
2023-11-25 16:00:00,3.3,359.64,,0.0,False,False,True,False
2023-11-25 17:00:00,3.9,359.64,,0.0,False,False,True,False
2023-11-25 18:00:00,3.9,359.64,,0.0,False,False,True,False
2023-11-25 19:00:00,3.9,359.64,,0.0,False,False,True,False
2023-11-25 20:00:00,3.9,359.64,,0.0,False,False,True,False
2023-11-25 21:00:00,3.3,359.64,,0.0,False,False,True,False
2023-11-25 22:00:00,3.3,359.64,,0.0,False,False,True,False
2023-11-25 23:00:00,3.3,359.64,,0.0,False,False,True,False
2023-11-26 00:00:00,2.8,359.64,,0.0,False,False,True,False
2023-11-26 01:00:00,2.8,359.64,,0.0,False,False,True,False
2023-11-26 02:00:00,3.3,359.64,,0.0,False,False,True,False
2023-11-26 03:00:00,2.8,359.64,,0.0,False,False,True,False
2023-11-26 04:00:00,2.8,228.42,,0.0,False,False,True,False
2023-11-26 05:00:00,2.8,97.2,,0.0,False,False,True,False
2023-11-26 06:00:00,2.2,359.64,,0.0,False,False,True,False
2023-11-26 07:00:00,2.8,359.64,,0.0,False,False,True,False
2023-11-26 08:00:00,2.2,359.64,,0.0,False,False,True,False
2023-11-26 09:00:00,2.2,359.64,,0.0,False,False,True,False
2023-11-26 10:00:00,2.8,359.64,,0.0,False,False,True,False
2023-11-26 11:00:00,2.8,7.2,,0.0,False,False,False,False
2023-11-26 12:00:00,3.3,28.8,,0.0,False,False,True,False
2023-11-26 13:00:00,4.4,188.82,,0.0,False,False,True,False
2023-11-26 14:00:00,5.55,23.4,,0.0,False,False,False,False
2023-11-26 15:00:00,7.8,25.2,,0.0,False,False,True,False
2023-11-26 16:00:00,8.6,359.64,,0.0,False,False,True,False
2023-11-26 17:00:00,9.4,359.64,,0.0,False,False,True,False
2023-11-26 18:00:00,10.0,359.64,,0.0,False,False,True,False
2023-11-26 19:00:00,9.4,359.64,,0.0,False,False,True,False
2023-11-26 20:00:00,8.9,359.64,,0.6,True,False,True,False
2023-11-26 21:00:00,8.95,196.02,,0.5,True,False,True,False
2023-11-26 22:00:00,9.4,359.64,8.05,0.3,True,False,True,False
2023-11-26 23:00:00,10.0,359.64,,1.8,True,False,True,False
2023-11-27 00:00:00,10.0,359.64,,0.5,True,False,True,False
2023-11-27 01:00:00,10.6,43.2,,0.3,True,False,True,False
2023-11-27 02:00:00,11.1,252.96,7.24,1.8,True,False,True,False
2023-11-27 03:00:00,11.76,171.22,4.02,8.4,True,True,True,False
2023-11-27 04:00:00,12.8,205.02,4.83,8.1,True,True,True,False
2023-11-27 05:00:00,11.5,183.48,3.82,12.6,True,True,True,False
2023-11-27 06:00:00,10.0,226.62,,0.0,False,False,True,False
2023-11-27 07:00:00,9.4,359.64,,0.0,False,False,True,False
2023-11-27 08:00:00,8.9,223.02,,0.0,False,False,True,False
2023-11-27 09:00:00,7.8,359.64,,0.0,False,False,True,False
2023-11-27 10:00:00,6.7,86.4,,0.0,False,False,True,False
2023-11-27 11:00:00,6.1,90.0,,9.1,True,False,True,False
2023-11-27 12:00:00,6.1,359.64,,0.0,False,False,True,False
2023-11-27 13:00:00,7.2,359.64,,0.0,False,False,True,False
2023-11-27 14:00:00,8.9,100.8,,0.0,False,False,True,False
2023-11-27 15:00:00,9.4,97.2,,0.0,False,False,True,False
2023-11-27 16:00:00,11.1,359.64,,0.0,False,False,True,False
2023-11-27 17:00:00,9.4,359.64,,0.0,False,False,True,False
2023-11-27 18:00:00,10.0,359.64,,0.0,False,False,True,False
2023-11-27 19:00:00,10.0,359.64,,0.0,False,False,True,False
2023-11-27 20:00:00,9.4,97.2,,0.0,False,False,True,False
2023-11-27 21:00:00,8.3,359.64,,0.0,False,False,True,False
2023-11-27 22:00:00,7.2,100.8,,0.0,False,False,True,False
2023-11-27 23:00:00,6.1,97.2,,0.0,False,False,True,False
2023-11-28 00:00:00,5.0,100.8,,0.0,False,False,True,False
2023-11-28 01:00:00,3.9,359.64,,0.0,False,False,True,False
2023-11-28 02:00:00,3.3,93.6,,0.0,False,False,True,False
2023-11-28 03:00:00,2.8,359.64,,0.0,False,False,True,False
2023-11-28 04:00:00,2.2,230.22,,2.0,True,False,True,False
2023-11-28 05:00:00,2.2,359.64,,0.0,False,False,True,False
2023-11-28 06:00:00,2.2,100.8,,0.0,False,False,True,False
2023-11-28 07:00:00,2.2,97.2,,0.0,False,False,True,False
2023-11-28 08:00:00,1.7,104.4,,0.0,False,False,True,False
2023-11-28 09:00:00,1.1,97.2,,0.0,False,False,True,False
2023-11-28 10:00:00,1.1,97.2,,0.0,False,False,True,False
2023-11-28 11:00:00,1.1,100.8,,0.0,False,False,True,False
2023-11-28 12:00:00,1.1,100.8,,0.0,False,False,True,False
2023-11-28 13:00:00,1.7,104.4,,0.0,False,False,True,False
2023-11-28 14:00:00,2.8,97.2,,0.0,False,False,True,False
2023-11-28 15:00:00,3.3,97.2,,0.0,False,False,True,False
2023-11-28 16:00:00,4.4,100.8,,0.0,False,False,True,False
2023-11-28 17:00:00,3.3,104.4,,0.0,False,False,True,False
2023-11-28 18:00:00,2.2,108.0,,0.0,False,False,True,False
2023-11-28 19:00:00,1.7,359.64,,0.0,False,False,True,False
2023-11-28 20:00:00,1.1,100.8,,0.0,False,False,True,False
2023-11-28 21:00:00,0.6,359.64,,0.0,False,False,True,False
2023-11-28 22:00:00,0.6,100.8,,0.0,False,False,True,False
2023-11-28 23:00:00,0.6,104.4,,0.0,False,False,True,False
2023-11-29 00:00:00,0.6,359.64,,0.0,False,False,True,False
2023-11-29 01:00:00,0.6,359.64,,0.0,False,False,True,False
2023-11-29 02:00:00,0.6,97.2,,0.0,False,False,True,False
2023-11-29 03:00:00,0.6,97.2,,0.0,False,False,True,False
2023-11-29 04:00:00,0.0,230.22,,0.0,False,False,True,False
2023-11-29 05:00:00,-0.6,359.64,,0.0,False,False,True,True
2023-11-29 06:00:00,-1.1,359.64,,0.0,False,False,True,True
2023-11-29 07:00:00,-1.7,359.64,,0.0,False,False,True,True
2023-11-29 08:00:00,-2.2,359.64,,0.0,False,False,True,True
2023-11-29 09:00:00,-2.2,100.8,,0.0,False,False,True,True
2023-11-29 10:00:00,-2.2,359.64,,0.0,False,False,True,True
2023-11-29 11:00:00,-2.8,359.64,,0.0,False,False,True,True
2023-11-29 12:00:00,-2.8,359.64,,0.0,False,False,True,True
2023-11-29 13:00:00,-1.7,359.64,,0.0,False,False,True,True
2023-11-29 14:00:00,-1.1,97.2,,0.0,False,False,True,True
2023-11-29 15:00:00,1.1,359.64,,0.0,False,False,True,False
2023-11-29 16:00:00,2.2,359.64,,0.0,False,False,True,False
2023-11-29 17:00:00,2.8,359.64,,0.0,False,False,True,False
2023-11-29 18:00:00,2.8,359.64,,0.0,False,False,True,False
2023-11-29 19:00:00,2.2,359.64,,0.0,False,False,True,False
2023-11-29 20:00:00,2.2,359.64,,0.0,False,False,True,False
2023-11-29 21:00:00,1.1,359.64,,0.0,False,False,True,False
2023-11-29 22:00:00,1.1,359.64,,0.0,False,False,True,False
2023-11-29 23:00:00,1.1,359.64,,0.0,False,False,True,False
2023-11-30 00:00:00,1.1,359.64,,0.0,False,False,True,False
2023-11-30 01:00:00,1.1,90.0,,0.0,False,False,True,False
2023-11-30 02:00:00,1.1,82.8,,0.0,False,False,True,False
2023-11-30 03:00:00,1.7,359.64,,0.0,False,False,True,False
2023-11-30 04:00:00,1.7,359.64,,0.0,False,False,True,False
2023-11-30 05:00:00,1.1,359.64,,0.0,False,False,True,False
2023-11-30 06:00:00,1.7,359.64,,0.0,False,False,True,False
2023-11-30 07:00:00,1.7,359.64,,0.0,False,False,True,False
2023-11-30 08:00:00,1.7,359.64,,0.0,False,False,True,False
2023-11-30 09:00:00,1.7,82.8,,0.0,False,False,True,False
2023-11-30 10:00:00,1.1,359.64,,0.0,False,False,True,False
2023-11-30 11:00:00,1.7,359.64,,0.0,False,False,True,False
2023-11-30 12:00:00,2.2,90.0,,0.0,False,False,True,False
2023-11-30 13:00:00,3.3,359.64,,0.0,False,False,True,False
2023-11-30 14:00:00,5.6,75.6,,0.0,False,False,True,False
2023-11-30 15:00:00,7.8,359.64,,0.0,False,False,True,False
2023-11-30 16:00:00,8.9,90.0,,0.0,False,False,True,False
2023-11-30 17:00:00,10.0,359.64,,0.0,False,False,True,False
2023-11-30 18:00:00,10.0,86.4,,0.0,False,False,True,False
2023-11-30 19:00:00,10.0,359.64,,0.0,False,False,True,False
2023-11-30 20:00:00,10.0,359.64,,0.0,False,False,True,False
2023-11-30 21:00:00,9.4,82.8,,0.0,False,False,True,False
2023-11-30 22:00:00,10.0,79.2,,0.0,False,False,True,False
2023-11-30 23:00:00,9.4,82.8,,0.0,False,False,True,False
2023-12-01 00:00:00,9.4,72.0,,0.0,False,False,True,False
2023-12-01 01:00:00,8.9,359.64,,0.0,False,False,True,False
2023-12-01 02:00:00,8.9,359.64,,0.0,False,False,True,False
2023-12-01 03:00:00,8.3,359.64,,0.0,False,False,True,False
2023-12-01 04:00:00,7.8,359.64,,0.0,False,False,True,False
2023-12-01 05:00:00,7.2,359.64,,0.0,False,False,True,False
2023-12-01 06:00:00,7.2,359.64,,0.0,False,False,True,False
2023-12-01 07:00:00,6.7,359.64,,0.0,False,False,True,False
2023-12-01 08:00:00,6.7,82.8,,0.0,False,False,True,False
2023-12-01 09:00:00,6.7,86.4,,0.0,False,False,True,False
2023-12-01 10:00:00,6.1,359.64,,0.0,False,False,True,False
2023-12-01 11:00:00,6.7,359.64,,0.0,False,False,True,False
2023-12-01 12:00:00,6.7,359.64,,0.0,False,False,True,False
2023-12-01 13:00:00,7.8,359.64,,0.0,False,False,True,False
2023-12-01 14:00:00,9.4,359.64,,0.0,False,False,True,False
2023-12-01 15:00:00,10.0,359.64,,0.0,False,False,True,False
2023-12-01 16:00:00,9.4,359.64,,0.0,False,False,True,False
2023-12-01 17:00:00,7.1,359.64,5.23,1.8,True,False,True,False
2023-12-01 18:00:00,7.2,359.64,6.44,0.3,True,False,True,False
2023-12-01 19:00:00,8.3,359.64,,0.0,False,False,True,False
2023-12-01 20:00:00,8.3,359.64,,0.5,True,False,True,False
2023-12-01 21:00:00,7.8,46.8,,0.5,True,False,True,False
2023-12-01 22:00:00,8.3,359.64,8.05,1.5,True,False,True,False
2023-12-01 23:00:00,7.8,359.64,4.83,10.8,True,True,True,False
2023-12-02 00:00:00,7.84,359.64,4.02,6.9,True,True,True,False
2023-12-02 01:00:00,7.92,359.64,4.83,3.9,True,True,True,False
2023-12-02 02:00:00,8.3,221.22,9.66,4.8,True,False,True,False
2023-12-02 03:00:00,8.9,359.64,,0.0,False,False,True,False
2023-12-02 04:00:00,8.9,224.82,8.85,10.4,True,False,True,False
2023-12-02 05:00:00,8.9,269.76,8.58,4.6,True,False,True,False
2023-12-02 06:00:00,8.3,359.64,6.44,0.0,False,False,True,False
2023-12-02 07:00:00,8.3,90.0,8.05,0.0,False,False,True,False
2023-12-02 08:00:00,8.3,359.64,6.44,0.0,False,False,True,False
2023-12-02 09:00:00,8.3,359.64,8.05,0.0,False,False,True,False
2023-12-02 10:00:00,8.3,359.64,6.44,0.0,False,False,True,False
2023-12-02 11:00:00,8.3,359.64,6.44,10.4,True,False,True,False
2023-12-02 12:00:00,8.2,175.08,4.02,0.0,False,True,True,False
2023-12-02 13:00:00,8.6,82.8,4.83,0.0,False,True,True,False
2023-12-02 14:00:00,9.4,359.64,6.44,0.0,False,False,True,False
2023-12-02 15:00:00,10.0,230.22,8.05,0.0,False,False,True,False
2023-12-02 16:00:00,11.7,359.64,,0.0,False,False,True,False
2023-12-02 17:00:00,13.3,108.0,,0.0,False,False,True,False
2023-12-02 18:00:00,14.4,359.64,,0.0,False,False,True,False
2023-12-02 19:00:00,15.0,359.64,,0.0,False,False,True,False
2023-12-02 20:00:00,14.4,359.64,,0.0,False,False,True,False
2023-12-02 21:00:00,13.9,359.64,,0.0,False,False,True,False
2023-12-02 22:00:00,12.8,359.64,,0.0,False,False,True,False
2023-12-02 23:00:00,12.2,359.64,9.66,0.0,False,False,True,False
2023-12-03 00:00:00,11.7,359.64,9.66,0.0,False,False,True,False
2023-12-03 01:00:00,11.1,359.64,8.05,0.0,False,False,True,False
2023-12-03 02:00:00,11.7,46.8,9.66,0.0,False,False,True,False
2023-12-03 03:00:00,11.1,359.64,8.05,0.0,False,False,True,False
2023-12-03 04:00:00,11.1,190.62,6.44,0.0,False,False,True,False
2023-12-03 05:00:00,10.3,188.82,4.83,0.0,False,True,True,False
2023-12-03 06:00:00,10.0,246.96,4.83,0.0,False,True,True,False
2023-12-03 07:00:00,10.0,87.77,4.51,0.3,True,True,True,False
2023-12-03 08:00:00,9.4,19.8,4.43,0.3,True,True,False,False
2023-12-03 09:00:00,9.4,25.2,4.83,0.7,True,True,True,False
2023-12-03 10:00:00,9.4,359.64,4.83,1.5,True,True,True,False
2023-12-03 11:00:00,10.2,251.76,5.1,11.3,True,False,True,False
2023-12-03 12:00:00,11.1,36.0,9.66,0.8,True,False,True,False
2023-12-03 13:00:00,11.85,359.64,2.41,1.8,True,True,True,False
2023-12-03 14:00:00,11.3,143.88,4.56,15.1,True,True,True,False
2023-12-03 15:00:00,11.1,34.8,7.51,1.9,True,False,True,False
2023-12-03 16:00:00,11.7,36.0,6.44,0.5,True,False,True,False
2023-12-03 17:00:00,11.7,359.64,4.83,7.2,True,True,True,False
2023-12-03 18:00:00,11.7,25.2,2.82,1.0,True,True,True,False
2023-12-03 19:00:00,11.1,359.64,3.02,0.8,True,True,True,False
2023-12-03 20:00:00,11.1,21.6,4.83,3.3,True,True,False,False
2023-12-03 21:00:00,10.6,25.2,8.05,0.3,True,False,True,False
2023-12-03 22:00:00,10.0,25.2,,0.0,False,False,True,False
2023-12-03 23:00:00,10.0,32.4,9.66,2.5,True,False,True,False
2023-12-04 00:00:00,10.0,134.28,4.29,0.5,True,True,True,False
2023-12-04 01:00:00,10.6,25.2,6.44,0.3,True,False,True,False
2023-12-04 02:00:00,10.0,28.8,,1.1,True,False,True,False
2023-12-04 03:00:00,10.0,10.8,9.66,0.0,False,False,False,False
2023-12-04 04:00:00,10.0,359.64,6.44,14.0,True,False,True,False
2023-12-04 05:00:00,9.15,297.63,5.53,0.8,True,False,True,False
2023-12-04 06:00:00,9.4,359.64,,0.0,False,False,True,False
2023-12-04 07:00:00,9.4,359.64,,0.0,False,False,True,False
2023-12-04 08:00:00,8.9,359.64,,0.0,False,False,True,False
2023-12-04 09:00:00,8.9,359.64,,0.0,False,False,True,False
2023-12-04 10:00:00,8.3,359.64,,0.0,False,False,True,False
2023-12-04 11:00:00,7.8,359.64,,10.2,True,False,True,False
2023-12-04 12:00:00,8.3,359.64,,0.0,False,False,True,False
2023-12-04 13:00:00,8.9,90.0,,0.0,False,False,True,False
2023-12-04 14:00:00,10.0,359.64,,0.0,False,False,True,False
2023-12-04 15:00:00,10.0,86.4,,0.0,False,False,True,False
2023-12-04 16:00:00,11.1,359.64,,0.0,False,False,True,False
2023-12-04 17:00:00,10.6,97.2,,0.0,False,False,True,False
2023-12-04 18:00:00,10.0,104.4,,0.0,False,False,True,False
2023-12-04 19:00:00,10.0,359.64,,0.0,False,False,True,False
2023-12-04 20:00:00,10.0,100.8,,0.0,False,False,True,False
2023-12-04 21:00:00,9.4,359.64,,0.0,False,False,True,False
2023-12-04 22:00:00,8.9,97.2,,0.0,False,False,True,False
2023-12-04 23:00:00,8.3,100.8,,0.0,False,False,True,False
2023-12-05 00:00:00,7.8,100.8,,0.0,False,False,True,False
2023-12-05 01:00:00,7.2,359.64,,0.0,False,False,True,False
2023-12-05 02:00:00,6.7,359.64,,0.0,False,False,True,False
2023-12-05 03:00:00,6.1,100.8,,0.0,False,False,True,False
2023-12-05 04:00:00,6.1,359.64,,0.0,False,False,True,False
2023-12-05 05:00:00,5.6,100.8,,0.0,False,False,True,False
2023-12-05 06:00:00,5.6,359.64,,0.0,False,False,True,False
2023-12-05 07:00:00,5.0,100.8,,0.0,False,False,True,False
2023-12-05 08:00:00,5.0,111.6,,0.0,False,False,True,False
2023-12-05 09:00:00,4.4,359.64,,0.0,False,False,True,False
2023-12-05 10:00:00,4.4,359.64,,0.0,False,False,True,False
2023-12-05 11:00:00,3.3,359.64,,0.0,False,False,True,False
2023-12-05 12:00:00,3.3,104.4,,0.0,False,False,True,False
2023-12-05 13:00:00,3.9,111.6,,0.0,False,False,True,False
2023-12-05 14:00:00,5.0,359.64,,0.0,False,False,True,False
2023-12-05 15:00:00,5.0,359.64,,0.0,False,False,True,False
2023-12-05 16:00:00,6.1,359.64,,0.0,False,False,True,False
2023-12-05 17:00:00,5.6,359.64,,0.0,False,False,True,False
2023-12-05 18:00:00,6.1,359.64,,0.0,False,False,True,False
2023-12-05 19:00:00,6.1,359.64,,0.0,False,False,True,False
2023-12-05 20:00:00,5.6,359.64,,0.0,False,False,True,False
2023-12-05 21:00:00,5.6,359.64,,0.0,False,False,True,False
2023-12-05 22:00:00,5.0,3.6,,0.0,False,False,False,False
2023-12-05 23:00:00,5.0,359.64,,0.0,False,False,True,False
2023-12-06 00:00:00,5.0,359.64,,0.0,False,False,True,False
2023-12-06 01:00:00,4.4,359.64,,0.0,False,False,True,False
2023-12-06 02:00:00,4.4,10.8,,0.0,False,False,False,False
2023-12-06 03:00:00,3.9,14.4,,0.0,False,False,False,False
2023-12-06 04:00:00,3.9,190.62,,0.0,False,False,True,False
2023-12-06 05:00:00,3.3,10.8,,0.0,False,False,False,False
2023-12-06 06:00:00,3.3,14.4,,0.0,False,False,False,False
2023-12-06 07:00:00,2.8,3.6,,0.0,False,False,False,False
2023-12-06 08:00:00,2.8,359.64,,0.0,False,False,True,False
2023-12-06 09:00:00,2.8,14.4,,0.0,False,False,False,False
2023-12-06 10:00:00,2.2,359.64,,0.0,False,False,True,False
2023-12-06 11:00:00,2.2,10.8,,0.0,False,False,False,False
2023-12-06 12:00:00,2.8,359.64,,0.0,False,False,True,False
2023-12-06 13:00:00,3.3,359.64,,0.0,False,False,True,False
2023-12-06 14:00:00,3.3,359.64,,0.0,False,False,True,False
2023-12-06 15:00:00,4.4,3.6,,0.0,False,False,False,False
2023-12-06 16:00:00,5.0,359.64,,0.0,False,False,True,False
2023-12-06 17:00:00,5.0,115.2,,0.0,False,False,True,False
2023-12-06 18:00:00,5.0,359.64,,0.0,False,False,True,False
2023-12-06 19:00:00,3.9,108.0,,0.0,False,False,True,False
2023-12-06 20:00:00,3.9,359.64,,0.0,False,False,True,False
2023-12-06 21:00:00,3.3,115.2,,0.0,False,False,True,False
2023-12-06 22:00:00,2.8,359.64,,0.0,False,False,True,False
2023-12-06 23:00:00,3.3,359.64,,0.0,False,False,True,False
2023-12-07 00:00:00,2.8,115.2,,0.0,False,False,True,False
2023-12-07 01:00:00,2.8,359.64,,0.0,False,False,True,False
2023-12-07 02:00:00,2.2,104.4,,0.0,False,False,True,False
2023-12-07 03:00:00,1.7,359.64,,0.0,False,False,True,False
2023-12-07 04:00:00,1.1,233.82,,0.0,False,False,True,False
2023-12-07 05:00:00,0.6,359.64,,0.0,False,False,True,False
2023-12-07 06:00:00,0.6,100.8,,0.0,False,False,True,False
2023-12-07 07:00:00,0.6,100.8,,0.0,False,False,True,False
2023-12-07 08:00:00,0.0,104.4,,0.0,False,False,True,False
2023-12-07 09:00:00,0.0,100.8,,0.0,False,False,True,False
2023-12-07 10:00:00,0.0,97.2,,0.0,False,False,True,False
2023-12-07 11:00:00,0.0,359.64,,0.0,False,False,True,False
2023-12-07 12:00:00,0.6,359.64,,0.0,False,False,True,False
2023-12-07 13:00:00,1.1,359.64,,0.0,False,False,True,False
2023-12-07 14:00:00,1.7,86.4,,0.0,False,False,True,False
2023-12-07 15:00:00,2.2,359.64,,0.0,False,False,True,False
2023-12-07 16:00:00,2.2,86.4,,0.0,False,False,True,False
2023-12-07 17:00:00,2.2,90.0,,0.0,False,False,True,False
2023-12-07 18:00:00,2.8,359.64,,0.0,False,False,True,False
2023-12-07 19:00:00,3.3,97.2,,0.0,False,False,True,False
2023-12-07 20:00:00,3.3,100.8,,0.0,False,False,True,False
2023-12-07 21:00:00,3.3,100.8,,0.0,False,False,True,False
2023-12-07 22:00:00,3.9,97.2,,0.0,False,False,True,False
2023-12-07 23:00:00,3.3,90.0,,0.0,False,False,True,False
2023-12-08 00:00:00,3.3,359.64,,0.0,False,False,True,False
2023-12-08 01:00:00,3.3,359.64,,0.0,False,False,True,False
2023-12-08 02:00:00,3.9,359.64,,0.0,False,False,True,False
2023-12-08 03:00:00,3.9,93.6,,0.0,False,False,True,False
2023-12-08 04:00:00,3.9,226.62,,0.0,False,False,True,False
2023-12-08 05:00:00,3.9,100.8,,0.0,False,False,True,False
2023-12-08 06:00:00,3.9,93.6,,0.0,False,False,True,False
2023-12-08 07:00:00,3.9,359.64,,0.0,False,False,True,False
2023-12-08 08:00:00,3.9,359.64,,0.0,False,False,True,False
2023-12-08 09:00:00,4.4,359.64,,0.0,False,False,True,False
2023-12-08 10:00:00,4.4,100.8,,0.0,False,False,True,False
2023-12-08 11:00:00,4.4,97.2,,0.0,False,False,True,False
2023-12-08 12:00:00,5.0,359.64,,0.0,False,False,True,False
2023-12-08 13:00:00,5.6,108.0,,0.0,False,False,True,False
2023-12-08 14:00:00,7.2,359.64,,0.0,False,False,True,False
2023-12-08 15:00:00,8.3,104.4,,0.0,False,False,True,False
2023-12-08 16:00:00,9.4,46.8,,0.0,False,False,True,False
2023-12-08 17:00:00,10.0,359.64,,0.0,False,False,True,False
2023-12-08 18:00:00,10.0,359.64,,0.0,False,False,True,False
2023-12-08 19:00:00,10.0,359.64,,0.0,False,False,True,False
2023-12-08 20:00:00,9.4,50.4,,0.0,False,False,True,False
2023-12-08 21:00:00,8.3,359.64,,0.0,False,False,True,False
2023-12-08 22:00:00,8.3,61.2,,0.0,False,False,True,False
2023-12-08 23:00:00,8.3,359.64,,0.0,False,False,True,False
2023-12-09 00:00:00,8.3,359.64,,0.0,False,False,True,False
2023-12-09 01:00:00,8.3,57.6,,0.0,False,False,True,False
2023-12-09 02:00:00,8.3,359.64,,0.0,False,False,True,False
2023-12-09 03:00:00,8.9,50.4,,0.0,False,False,True,False
2023-12-09 04:00:00,8.9,359.64,,0.0,False,False,True,False
2023-12-09 05:00:00,8.9,359.64,,0.0,False,False,True,False
2023-12-09 06:00:00,8.9,359.64,,0.0,False,False,True,False
2023-12-09 07:00:00,8.9,359.64,,0.0,False,False,True,False
2023-12-09 08:00:00,8.9,54.0,,0.0,False,False,True,False
2023-12-09 09:00:00,7.8,36.0,,0.0,False,False,True,False
2023-12-09 10:00:00,6.7,18.0,,0.0,False,False,False,False
2023-12-09 11:00:00,6.7,14.4,9.66,0.0,False,False,False,False
2023-12-09 12:00:00,6.97,13.2,8.05,0.0,False,False,False,False
2023-12-09 13:00:00,8.9,14.4,9.66,0.0,False,False,False,False
2023-12-09 14:00:00,10.0,10.8,9.66,0.0,False,False,False,False
2023-12-09 15:00:00,11.97,260.16,,0.0,False,False,True,False
2023-12-09 16:00:00,13.9,359.64,,0.0,False,False,True,False
2023-12-09 17:00:00,14.4,359.64,,0.0,False,False,True,False
2023-12-09 18:00:00,14.4,359.64,,0.0,False,False,True,False
2023-12-09 19:00:00,13.9,359.64,,0.0,False,False,True,False
2023-12-09 20:00:00,12.2,359.64,,0.0,False,False,True,False
2023-12-09 21:00:00,11.1,43.2,,0.0,False,False,True,False
2023-12-09 22:00:00,10.6,359.64,,0.0,False,False,True,False
2023-12-09 23:00:00,11.1,359.64,,0.0,False,False,True,False
2023-12-10 00:00:00,10.6,359.64,,0.0,False,False,True,False
2023-12-10 01:00:00,11.1,359.64,,0.0,False,False,True,False
2023-12-10 02:00:00,11.1,359.64,,0.0,False,False,True,False
2023-12-10 03:00:00,10.6,18.0,,0.0,False,False,False,False
2023-12-10 04:00:00,10.0,183.42,,0.0,False,False,True,False
2023-12-10 05:00:00,10.0,359.64,,0.0,False,False,True,False
2023-12-10 06:00:00,11.1,359.64,,0.0,False,False,True,False
2023-12-10 07:00:00,11.1,359.64,,0.0,False,False,True,False
2023-12-10 08:00:00,11.1,359.64,,0.0,False,False,True,False
2023-12-10 09:00:00,11.7,359.64,,0.0,False,False,True,False
2023-12-10 10:00:00,11.7,359.64,,0.0,False,False,True,False
2023-12-10 11:00:00,12.2,359.64,,0.0,False,False,True,False
2023-12-10 12:00:00,12.2,359.64,,0.0,False,False,True,False
2023-12-10 13:00:00,13.9,359.64,,0.0,False,False,True,False
2023-12-10 14:00:00,13.9,54.0,,0.0,False,False,True,False
2023-12-10 15:00:00,15.0,57.6,,0.0,False,False,True,False
2023-12-10 16:00:00,15.0,359.64,,0.0,False,False,True,False
2023-12-10 17:00:00,15.6,282.33,4.16,2.2,True,True,True,False
2023-12-10 18:00:00,15.4,256.56,3.08,4.5,True,True,True,False
2023-12-10 19:00:00,15.45,359.64,3.72,19.4,True,True,True,False
2023-12-10 20:00:00,14.45,205.92,4.63,12.1,True,True,True,False
2023-12-10 21:00:00,14.4,54.0,6.44,0.0,False,False,True,False
2023-12-10 22:00:00,15.0,359.64,,0.5,True,False,True,False
2023-12-10 23:00:00,16.1,54.0,,9.7,True,False,True,False
2023-12-11 00:00:00,16.07,257.76,,0.3,True,False,True,False
2023-12-11 01:00:00,15.77,257.76,2.82,11.0,True,True,True,False
2023-12-11 02:00:00,15.9,359.64,6.97,14.6,True,False,True,False
2023-12-11 03:00:00,14.85,296.73,3.42,12.4,True,True,True,False
2023-12-11 04:00:00,10.82,169.06,4.93,38.7,True,True,True,False
2023-12-11 05:00:00,8.12,149.69,5.15,31.8,True,False,True,False
2023-12-11 06:00:00,7.48,301.23,4.43,18.5,True,True,True,False
2023-12-11 07:00:00,7.8,359.64,,1.3,True,False,True,False
2023-12-11 08:00:00,7.2,282.96,,8.8,True,False,True,False
2023-12-11 09:00:00,6.7,108.0,,0.8,True,False,True,False
2023-12-11 10:00:00,5.45,107.1,,2.0,True,False,True,False
2023-12-11 11:00:00,5.0,232.02,7.24,53.5,True,False,True,False
2023-12-11 12:00:00,3.9,106.8,,2.5,True,False,True,False
2023-12-11 13:00:00,3.93,100.8,,0.4,True,False,True,False
2023-12-11 14:00:00,5.0,97.2,,1.3,True,False,True,False
2023-12-11 15:00:00,6.1,104.4,,0.0,False,False,True,False
2023-12-11 16:00:00,6.1,359.64,,0.0,False,False,True,False
2023-12-11 17:00:00,6.1,104.4,,1.3,True,False,True,False
2023-12-11 18:00:00,6.1,359.64,,0.0,False,False,True,False
2023-12-11 19:00:00,5.6,359.64,,0.0,False,False,True,False
2023-12-11 20:00:00,5.6,108.0,,0.0,False,False,True,False
2023-12-11 21:00:00,5.6,111.6,,0.0,False,False,True,False
2023-12-11 22:00:00,5.0,100.8,,0.0,False,False,True,False
2023-12-11 23:00:00,4.4,108.0,,0.0,False,False,True,False
2023-12-12 00:00:00,4.4,100.8,,0.0,False,False,True,False
2023-12-12 01:00:00,3.9,100.8,,0.0,False,False,True,False
2023-12-12 02:00:00,3.9,359.64,,0.0,False,False,True,False
2023-12-12 03:00:00,3.3,93.6,,0.0,False,False,True,False
2023-12-12 04:00:00,3.3,228.42,,14.0,True,False,True,False
2023-12-12 05:00:00,3.9,104.4,,0.0,False,False,True,False
2023-12-12 06:00:00,3.9,359.64,,0.0,False,False,True,False
2023-12-12 07:00:00,3.3,97.2,,0.0,False,False,True,False
2023-12-12 08:00:00,3.3,359.64,,0.0,False,False,True,False
2023-12-12 09:00:00,2.8,104.4,,0.0,False,False,True,False
2023-12-12 10:00:00,2.2,359.64,,0.0,False,False,True,False
2023-12-12 11:00:00,2.2,90.0,,1.3,True,False,True,False
2023-12-12 12:00:00,2.2,359.64,,0.0,False,False,True,False
2023-12-12 13:00:00,2.8,359.64,,0.0,False,False,True,False
2023-12-12 14:00:00,3.9,90.0,,0.0,False,False,True,False
2023-12-12 15:00:00,4.4,359.64,,0.0,False,False,True,False
2023-12-12 16:00:00,5.0,359.64,,0.0,False,False,True,False
2023-12-12 17:00:00,6.1,359.64,,0.0,False,False,True,False
2023-12-12 18:00:00,6.7,359.64,,0.0,False,False,True,False
2023-12-12 19:00:00,6.1,82.8,,0.0,False,False,True,False
2023-12-12 20:00:00,6.1,359.64,,0.0,False,False,True,False
2023-12-12 21:00:00,6.1,359.64,,0.0,False,False,True,False
2023-12-12 22:00:00,6.1,359.64,,0.0,False,False,True,False
2023-12-12 23:00:00,5.6,82.8,,0.0,False,False,True,False
2023-12-13 00:00:00,5.0,359.64,,0.0,False,False,True,False
2023-12-13 01:00:00,5.0,359.64,,0.0,False,False,True,False
2023-12-13 02:00:00,5.6,86.4,,0.0,False,False,True,False
2023-12-13 03:00:00,5.0,359.64,,0.0,False,False,True,False
2023-12-13 04:00:00,5.0,359.64,,0.0,False,False,True,False
2023-12-13 05:00:00,4.4,359.64,,0.0,False,False,True,False
2023-12-13 06:00:00,4.4,359.64,,0.0,False,False,True,False
2023-12-13 07:00:00,3.9,359.64,,0.0,False,False,True,False
2023-12-13 08:00:00,3.9,359.64,,0.0,False,False,True,False
2023-12-13 09:00:00,3.9,359.64,,0.0,False,False,True,False
2023-12-13 10:00:00,3.9,93.6,,0.0,False,False,True,False
2023-12-13 11:00:00,3.9,359.64,,0.0,False,False,True,False
2023-12-13 12:00:00,3.9,93.6,,0.0,False,False,True,False
2023-12-13 13:00:00,5.0,359.64,,0.0,False,False,True,False
2023-12-13 14:00:00,6.1,359.64,,0.0,False,False,True,False
2023-12-13 15:00:00,6.7,97.2,,0.0,False,False,True,False
2023-12-13 16:00:00,6.7,100.8,,0.0,False,False,True,False
2023-12-13 17:00:00,7.2,104.4,,0.0,False,False,True,False
2023-12-13 18:00:00,7.8,359.64,,0.0,False,False,True,False
2023-12-13 19:00:00,8.3,359.64,,0.0,False,False,True,False
2023-12-13 20:00:00,7.8,111.6,,0.0,False,False,True,False
2023-12-13 21:00:00,6.7,111.6,,0.0,False,False,True,False
2023-12-13 22:00:00,5.6,111.6,,0.0,False,False,True,False
2023-12-13 23:00:00,5.0,359.64,,0.0,False,False,True,False
2023-12-14 00:00:00,4.4,108.0,,0.0,False,False,True,False
2023-12-14 01:00:00,3.9,104.4,,0.0,False,False,True,False
2023-12-14 02:00:00,3.3,108.0,,0.0,False,False,True,False
2023-12-14 03:00:00,2.8,108.0,,0.0,False,False,True,False
2023-12-14 04:00:00,2.2,233.82,,0.0,False,False,True,False
2023-12-14 05:00:00,1.7,359.64,,0.0,False,False,True,False
2023-12-14 06:00:00,1.7,359.64,,0.0,False,False,True,False
2023-12-14 07:00:00,1.1,108.0,,0.0,False,False,True,False
2023-12-14 08:00:00,0.6,104.4,,0.0,False,False,True,False
2023-12-14 09:00:00,0.6,108.0,,0.0,False,False,True,False
2023-12-14 10:00:00,0.6,108.0,,0.0,False,False,True,False
2023-12-14 11:00:00,0.6,108.0,,0.0,False,False,True,False
2023-12-14 12:00:00,0.6,108.0,,0.0,False,False,True,False
2023-12-14 13:00:00,1.1,359.64,,0.0,False,False,True,False
2023-12-14 14:00:00,2.2,111.6,,0.0,False,False,True,False
2023-12-14 15:00:00,3.3,359.64,,0.0,False,False,True,False
2023-12-14 16:00:00,3.3,111.6,,0.0,False,False,True,False
2023-12-14 17:00:00,3.9,104.4,,0.0,False,False,True,False
2023-12-14 18:00:00,4.4,359.64,,0.0,False,False,True,False
2023-12-14 19:00:00,4.4,359.64,,0.0,False,False,True,False
2023-12-14 20:00:00,4.4,359.64,,0.0,False,False,True,False
2023-12-14 21:00:00,4.4,359.64,,0.0,False,False,True,False
2023-12-14 22:00:00,4.4,79.2,,0.0,False,False,True,False
2023-12-14 23:00:00,4.4,359.64,,0.0,False,False,True,False
2023-12-15 00:00:00,4.4,86.4,,0.0,False,False,True,False
2023-12-15 01:00:00,4.4,86.4,,0.0,False,False,True,False
2023-12-15 02:00:00,3.9,79.2,,0.0,False,False,True,False
2023-12-15 03:00:00,3.9,79.2,,0.0,False,False,True,False
2023-12-15 04:00:00,3.3,221.22,,0.0,False,False,True,False
2023-12-15 05:00:00,3.3,86.4,,0.0,False,False,True,False
2023-12-15 06:00:00,3.3,359.64,,0.0,False,False,True,False
2023-12-15 07:00:00,3.3,359.64,,0.0,False,False,True,False
2023-12-15 08:00:00,3.3,359.64,,0.0,False,False,True,False
2023-12-15 09:00:00,3.3,359.64,,0.0,False,False,True,False
2023-12-15 10:00:00,3.9,90.0,,0.0,False,False,True,False
2023-12-15 11:00:00,3.3,359.64,,0.0,False,False,True,False
2023-12-15 12:00:00,3.9,359.64,,0.0,False,False,True,False
2023-12-15 13:00:00,5.0,82.8,,0.0,False,False,True,False
2023-12-15 14:00:00,6.1,359.64,,0.0,False,False,True,False
2023-12-15 15:00:00,7.8,86.4,,0.0,False,False,True,False
2023-12-15 16:00:00,10.6,359.64,,0.0,False,False,True,False
2023-12-15 17:00:00,12.2,359.64,,0.0,False,False,True,False
2023-12-15 18:00:00,13.3,100.8,,0.0,False,False,True,False
2023-12-15 19:00:00,13.9,100.8,,0.0,False,False,True,False
2023-12-15 20:00:00,14.4,359.64,,0.0,False,False,True,False
2023-12-15 21:00:00,13.9,359.64,,0.0,False,False,True,False
2023-12-15 22:00:00,13.3,97.2,,0.0,False,False,True,False
2023-12-15 23:00:00,12.2,100.8,,0.0,False,False,True,False
2023-12-16 00:00:00,12.2,359.64,,0.0,False,False,True,False
2023-12-16 01:00:00,10.6,90.0,,0.0,False,False,True,False
2023-12-16 02:00:00,10.6,359.64,,0.0,False,False,True,False
2023-12-16 03:00:00,10.0,359.64,,0.0,False,False,True,False
2023-12-16 04:00:00,10.0,359.64,,0.0,False,False,True,False
2023-12-16 05:00:00,9.4,100.8,,0.0,False,False,True,False
2023-12-16 06:00:00,9.4,104.4,,0.0,False,False,True,False
2023-12-16 07:00:00,10.0,100.8,,0.0,False,False,True,False
2023-12-16 08:00:00,9.4,100.8,,0.0,False,False,True,False
2023-12-16 09:00:00,9.4,104.4,,0.0,False,False,True,False
2023-12-16 10:00:00,8.9,104.4,,0.0,False,False,True,False
2023-12-16 11:00:00,8.3,359.64,,0.0,False,False,True,False
2023-12-16 12:00:00,8.3,359.64,,0.0,False,False,True,False
2023-12-16 13:00:00,10.0,10.8,,0.0,False,False,False,False
2023-12-16 14:00:00,10.6,18.0,,0.0,False,False,False,False
2023-12-16 15:00:00,10.6,3.6,,0.0,False,False,False,False
2023-12-16 16:00:00,11.7,359.64,,0.0,False,False,True,False
2023-12-16 17:00:00,12.2,28.8,,0.0,False,False,True,False
2023-12-16 18:00:00,12.2,359.64,,0.0,False,False,True,False
2023-12-16 19:00:00,11.7,18.0,,0.0,False,False,False,False
2023-12-16 20:00:00,11.1,28.8,,0.0,False,False,True,False
2023-12-16 21:00:00,10.6,359.64,,0.0,False,False,True,False
2023-12-16 22:00:00,10.0,359.64,,0.0,False,False,True,False
2023-12-16 23:00:00,9.4,36.0,,0.0,False,False,True,False
2023-12-17 00:00:00,8.9,43.2,,0.0,False,False,True,False
2023-12-17 01:00:00,8.9,196.02,,0.0,False,False,True,False
2023-12-17 02:00:00,8.9,199.62,,0.0,False,False,True,False
2023-12-17 03:00:00,8.9,32.4,,0.0,False,False,True,False
2023-12-17 04:00:00,8.9,197.82,,0.0,False,False,True,False
2023-12-17 05:00:00,8.9,21.6,,0.0,False,False,False,False
2023-12-17 06:00:00,8.3,25.2,,0.0,False,False,True,False
2023-12-17 07:00:00,8.3,192.42,,0.0,False,False,True,False
2023-12-17 08:00:00,8.3,25.2,,0.0,False,False,True,False
2023-12-17 09:00:00,8.7,249.36,,0.0,False,False,True,False
2023-12-17 10:00:00,8.3,25.2,,0.0,False,False,True,False
2023-12-17 11:00:00,8.3,21.6,,0.0,False,False,False,False
2023-12-17 12:00:00,8.9,359.64,,0.0,False,False,True,False
2023-12-17 13:00:00,9.4,28.8,,0.0,False,False,True,False
2023-12-17 14:00:00,9.4,28.8,,0.0,False,False,True,False
2023-12-17 15:00:00,10.0,21.6,,0.0,False,False,False,False
2023-12-17 16:00:00,10.0,25.2,,0.0,False,False,True,False
2023-12-17 17:00:00,10.6,18.0,,0.0,False,False,False,False
2023-12-17 18:00:00,10.6,18.0,6.44,0.3,True,False,False,False
2023-12-17 19:00:00,11.1,20.4,6.97,1.9,True,False,False,False
2023-12-17 20:00:00,11.7,194.22,,0.8,True,False,True,False
2023-12-17 21:00:00,12.2,28.8,,0.0,False,False,True,False
2023-12-17 22:00:00,12.2,21.6,,0.0,False,False,False,False
2023-12-17 23:00:00,12.8,32.4,8.05,1.3,True,False,True,False
2023-12-18 00:00:00,12.5,190.62,5.63,0.5,True,False,True,False
2023-12-18 01:00:00,12.5,359.64,4.43,1.2,True,True,True,False
2023-12-18 02:00:00,12.13,246.96,8.58,1.5,True,False,True,False
2023-12-18 03:00:00,14.4,359.64,,0.5,True,False,True,False
2023-12-18 04:00:00,14.64,149.28,4.75,12.6,True,True,True,False
2023-12-18 05:00:00,14.76,105.05,4.35,20.4,True,True,True,False
2023-12-18 06:00:00,14.2,34.2,2.21,11.4,True,True,True,False
2023-12-18 07:00:00,15.0,148.68,2.41,15.2,True,True,True,False
2023-12-18 08:00:00,15.0,201.42,3.82,33.7,True,True,True,False
2023-12-18 09:00:00,15.6,50.4,3.72,12.5,True,True,True,False
2023-12-18 10:00:00,16.1,177.7,4.67,8.0,True,True,True,False
2023-12-18 11:00:00,16.7,359.64,3.22,79.3,True,True,True,False
2023-12-18 12:00:00,16.1,206.82,3.22,49.7,True,True,True,False
2023-12-18 13:00:00,16.1,52.2,,1.0,True,False,True,False
2023-12-18 14:00:00,15.85,208.62,6.44,13.0,True,False,True,False
2023-12-18 15:00:00,15.0,209.52,3.72,2.2,True,True,True,False
2023-12-18 16:00:00,12.88,207.94,3.62,8.7,True,True,True,False
2023-12-18 17:00:00,10.57,190.68,4.43,19.7,True,True,True,False
2023-12-18 18:00:00,10.0,99.0,8.05,2.0,True,False,True,False
2023-12-18 19:00:00,10.0,100.8,,0.0,False,False,True,False
2023-12-18 20:00:00,10.0,99.0,,1.5,True,False,True,False
2023-12-18 21:00:00,10.0,93.6,,0.0,False,False,True,False
2023-12-18 22:00:00,10.0,359.64,,0.0,False,False,True,False
2023-12-18 23:00:00,9.4,90.0,,1.5,True,False,True,False
2023-12-19 00:00:00,8.3,93.6,,0.0,False,False,True,False
2023-12-19 01:00:00,7.2,90.0,,0.0,False,False,True,False
2023-12-19 02:00:00,6.7,359.64,,0.0,False,False,True,False
2023-12-19 03:00:00,6.1,90.0,,0.0,False,False,True,False
2023-12-19 04:00:00,5.6,359.64,,56.1,True,False,True,False
2023-12-19 05:00:00,5.6,359.64,,0.0,False,False,True,False
2023-12-19 06:00:00,5.0,86.4,,0.0,False,False,True,False
2023-12-19 07:00:00,4.4,93.6,,0.0,False,False,True,False
2023-12-19 08:00:00,3.9,359.64,,0.0,False,False,True,False
2023-12-19 09:00:00,3.9,359.64,,0.0,False,False,True,False
2023-12-19 10:00:00,3.9,359.64,,0.0,False,False,True,False
2023-12-19 11:00:00,3.9,359.64,,19.1,True,False,True,False
2023-12-19 12:00:00,3.3,86.4,,0.0,False,False,True,False
2023-12-19 13:00:00,4.4,359.64,,0.0,False,False,True,False
2023-12-19 14:00:00,5.0,100.8,,0.0,False,False,True,False
2023-12-19 15:00:00,6.1,97.2,,0.0,False,False,True,False
2023-12-19 16:00:00,6.1,359.64,,0.0,False,False,True,False
2023-12-19 17:00:00,5.0,104.4,,0.0,False,False,True,False
2023-12-19 18:00:00,4.4,111.6,,0.0,False,False,True,False
2023-12-19 19:00:00,3.9,108.0,,0.0,False,False,True,False
2023-12-19 20:00:00,3.9,108.0,,0.0,False,False,True,False
2023-12-19 21:00:00,2.8,111.6,,0.0,False,False,True,False
2023-12-19 22:00:00,2.2,108.0,,0.0,False,False,True,False
2023-12-19 23:00:00,1.7,108.0,,0.0,False,False,True,False
2023-12-20 00:00:00,1.1,359.64,,0.0,False,False,True,False
2023-12-20 01:00:00,1.1,359.64,,0.0,False,False,True,False
2023-12-20 02:00:00,0.6,111.6,,0.0,False,False,True,False
2023-12-20 03:00:00,0.6,111.6,,0.0,False,False,True,False
2023-12-20 04:00:00,0.0,233.82,,0.0,False,False,True,False
2023-12-20 05:00:00,-0.6,111.6,,0.0,False,False,True,True
2023-12-20 06:00:00,-0.6,108.0,,0.0,False,False,True,True
2023-12-20 07:00:00,-0.6,108.0,,0.0,False,False,True,True
2023-12-20 08:00:00,-0.6,104.4,,0.0,False,False,True,True
2023-12-20 09:00:00,-1.1,359.64,,0.0,False,False,True,True
2023-12-20 10:00:00,-0.6,359.64,,0.0,False,False,True,True
2023-12-20 11:00:00,-1.1,359.64,,0.0,False,False,True,True
2023-12-20 12:00:00,-0.6,359.64,,0.0,False,False,True,True
2023-12-20 13:00:00,0.0,359.64,,0.0,False,False,True,False
2023-12-20 14:00:00,1.1,359.64,,0.0,False,False,True,False
2023-12-20 15:00:00,2.2,359.64,,0.0,False,False,True,False
2023-12-20 16:00:00,3.9,359.64,,0.0,False,False,True,False
2023-12-20 17:00:00,5.0,108.0,,0.0,False,False,True,False
2023-12-20 18:00:00,6.1,359.64,,0.0,False,False,True,False
2023-12-20 19:00:00,7.2,359.64,,0.0,False,False,True,False
2023-12-20 20:00:00,7.2,359.64,,0.0,False,False,True,False
2023-12-20 21:00:00,6.7,108.0,,0.0,False,False,True,False
2023-12-20 22:00:00,6.1,108.0,,0.0,False,False,True,False
2023-12-20 23:00:00,5.0,108.0,,0.0,False,False,True,False
2023-12-21 00:00:00,4.4,108.0,,0.0,False,False,True,False
2023-12-21 01:00:00,3.9,359.64,,0.0,False,False,True,False
2023-12-21 02:00:00,3.3,359.64,,0.0,False,False,True,False
2023-12-21 03:00:00,2.8,359.64,,0.0,False,False,True,False
2023-12-21 04:00:00,2.8,359.64,,0.0,False,False,True,False
2023-12-21 05:00:00,2.8,359.64,,0.0,False,False,True,False
2023-12-21 06:00:00,2.2,359.64,,0.0,False,False,True,False
2023-12-21 07:00:00,2.2,111.6,,0.0,False,False,True,False
2023-12-21 08:00:00,2.2,359.64,,0.0,False,False,True,False
2023-12-21 09:00:00,2.2,129.6,,0.0,False,False,True,False
2023-12-21 10:00:00,2.2,359.64,,0.0,False,False,True,False
2023-12-21 11:00:00,2.2,359.64,,0.0,False,False,True,False
2023-12-21 12:00:00,2.2,3.6,,0.0,False,False,False,False
2023-12-21 13:00:00,2.8,7.2,,0.0,False,False,False,False
2023-12-21 14:00:00,3.3,10.8,,0.0,False,False,False,False
2023-12-21 15:00:00,4.4,10.8,,0.0,False,False,False,False
2023-12-21 16:00:00,5.0,7.2,,0.0,False,False,False,False
2023-12-21 17:00:00,5.6,359.64,,0.0,False,False,True,False
2023-12-21 18:00:00,5.6,359.64,,0.0,False,False,True,False
2023-12-21 19:00:00,5.0,359.64,,0.0,False,False,True,False
2023-12-21 20:00:00,4.4,10.8,,0.0,False,False,False,False
2023-12-21 21:00:00,3.9,129.6,,0.0,False,False,True,False
2023-12-21 22:00:00,2.8,359.64,,0.0,False,False,True,False
2023-12-21 23:00:00,1.7,3.6,,0.0,False,False,False,False
2023-12-22 00:00:00,1.1,129.6,,0.0,False,False,True,False
2023-12-22 01:00:00,0.0,3.6,,0.0,False,False,False,False
2023-12-22 02:00:00,0.0,359.64,,0.0,False,False,True,False
2023-12-22 03:00:00,-0.6,359.64,,0.0,False,False,True,True
2023-12-22 04:00:00,-1.1,187.02,,0.0,False,False,True,True
2023-12-22 05:00:00,-1.7,7.2,,0.0,False,False,False,True
2023-12-22 06:00:00,-1.7,7.2,,0.0,False,False,False,True
2023-12-22 07:00:00,-2.2,359.64,,0.0,False,False,True,True
2023-12-22 08:00:00,-2.2,14.4,,0.0,False,False,False,True
2023-12-22 09:00:00,-2.8,18.0,,0.0,False,False,False,True
2023-12-22 10:00:00,-3.3,14.4,,0.0,False,False,False,True
2023-12-22 11:00:00,-3.9,359.64,,0.0,False,False,True,True
2023-12-22 12:00:00,-3.3,3.6,,0.0,False,False,False,True
2023-12-22 13:00:00,-2.8,359.64,,0.0,False,False,True,True
2023-12-22 14:00:00,-2.2,129.6,,0.0,False,False,True,True
2023-12-22 15:00:00,-1.7,359.64,,0.0,False,False,True,True
2023-12-22 16:00:00,0.6,3.6,,0.0,False,False,False,False
2023-12-22 17:00:00,1.1,104.4,,0.0,False,False,True,False
2023-12-22 18:00:00,2.2,111.6,,0.0,False,False,True,False
2023-12-22 19:00:00,2.8,359.64,,0.0,False,False,True,False
2023-12-22 20:00:00,2.8,359.64,,0.0,False,False,True,False
2023-12-22 21:00:00,2.2,359.64,,0.0,False,False,True,False
2023-12-22 22:00:00,2.2,359.64,,0.0,False,False,True,False
2023-12-22 23:00:00,2.2,359.64,,0.0,False,False,True,False
2023-12-23 00:00:00,2.2,359.64,,0.0,False,False,True,False
2023-12-23 01:00:00,2.2,7.2,,0.0,False,False,False,False
2023-12-23 02:00:00,2.2,359.64,,0.0,False,False,True,False
2023-12-23 03:00:00,1.7,359.64,,0.0,False,False,True,False
2023-12-23 04:00:00,1.1,359.64,,0.0,False,False,True,False
2023-12-23 05:00:00,1.7,359.64,,0.0,False,False,True,False
2023-12-23 06:00:00,1.7,129.6,,0.0,False,False,True,False
2023-12-23 07:00:00,1.1,10.8,,0.0,False,False,False,False
2023-12-23 08:00:00,1.7,21.6,,0.0,False,False,False,False
2023-12-23 09:00:00,1.1,18.0,,0.0,False,False,False,False
2023-12-23 10:00:00,1.1,359.64,,0.0,False,False,True,False
2023-12-23 11:00:00,1.1,32.4,,0.0,False,False,True,False
2023-12-23 12:00:00,2.2,28.8,,0.0,False,False,True,False
2023-12-23 13:00:00,2.8,359.64,,0.0,False,False,True,False
2023-12-23 14:00:00,3.3,359.64,,0.0,False,False,True,False
2023-12-23 15:00:00,3.9,359.64,,0.0,False,False,True,False
2023-12-23 16:00:00,5.0,28.8,,0.0,False,False,True,False
2023-12-23 17:00:00,6.1,32.4,,0.0,False,False,True,False
2023-12-23 18:00:00,6.7,32.4,,0.0,False,False,True,False
2023-12-23 19:00:00,6.1,21.6,,0.0,False,False,False,False
2023-12-23 20:00:00,6.1,28.8,,0.0,False,False,True,False
2023-12-23 21:00:00,5.6,25.2,,0.0,False,False,True,False
2023-12-23 22:00:00,5.6,39.6,,0.0,False,False,True,False
2023-12-23 23:00:00,5.0,18.0,,0.0,False,False,False,False
2023-12-24 00:00:00,5.0,359.64,,0.0,False,False,True,False
2023-12-24 01:00:00,5.0,21.6,,0.0,False,False,False,False
2023-12-24 02:00:00,5.0,21.6,,0.0,False,False,False,False
2023-12-24 03:00:00,5.6,21.6,,0.0,False,False,False,False
2023-12-24 04:00:00,5.5,246.96,,0.0,False,False,True,False
2023-12-24 05:00:00,5.6,21.6,,0.0,False,False,False,False
2023-12-24 06:00:00,5.6,359.64,,0.3,True,False,True,False
2023-12-24 07:00:00,5.0,126.0,,0.0,False,False,True,False
2023-12-24 08:00:00,5.2,359.64,,0.3,True,False,True,False
2023-12-24 09:00:00,5.0,108.0,,0.0,False,False,True,False
2023-12-24 10:00:00,4.4,359.64,8.05,0.3,True,False,True,False
2023-12-24 11:00:00,5.0,129.6,,1.0,True,False,True,False
2023-12-24 12:00:00,5.0,359.64,,0.0,False,False,True,False
2023-12-24 13:00:00,6.1,108.0,,0.0,False,False,True,False
2023-12-24 14:00:00,5.98,359.64,,0.0,False,False,True,False
2023-12-24 15:00:00,7.2,359.64,,0.0,False,False,True,False
2023-12-24 16:00:00,8.9,359.64,,0.0,False,False,True,False
2023-12-24 17:00:00,8.9,359.64,,0.0,False,False,True,False
2023-12-24 18:00:00,8.9,104.4,,0.0,False,False,True,False
2023-12-24 19:00:00,8.9,359.64,,0.0,False,False,True,False
2023-12-24 20:00:00,8.9,100.8,,0.0,False,False,True,False
2023-12-24 21:00:00,8.9,359.64,,0.0,False,False,True,False
2023-12-24 22:00:00,8.9,359.64,,0.0,False,False,True,False
2023-12-24 23:00:00,8.9,18.0,,0.0,False,False,False,False
2023-12-25 00:00:00,8.3,10.8,,0.0,False,False,False,False
2023-12-25 01:00:00,8.3,359.64,,0.0,False,False,True,False
2023-12-25 02:00:00,7.8,131.88,,0.0,False,False,True,False
2023-12-25 03:00:00,7.8,359.64,,0.0,False,False,True,False
2023-12-25 04:00:00,7.8,359.64,,0.5,True,False,True,False
2023-12-25 05:00:00,7.8,359.64,,0.0,False,False,True,False
2023-12-25 06:00:00,7.2,10.8,,0.0,False,False,False,False
2023-12-25 07:00:00,7.2,18.0,,0.0,False,False,False,False
2023-12-25 08:00:00,7.2,10.8,,0.0,False,False,False,False
2023-12-25 09:00:00,6.7,359.64,9.66,0.0,False,False,True,False
2023-12-25 10:00:00,6.1,14.4,4.83,0.0,False,True,False,False
2023-12-25 11:00:00,6.3,133.08,5.1,0.0,False,False,True,False
2023-12-25 12:00:00,6.22,275.13,4.83,0.0,False,True,True,False
2023-12-25 13:00:00,6.7,18.0,4.83,0.0,False,True,False,False
2023-12-25 14:00:00,7.5,19.8,7.24,0.0,False,False,False,False
2023-12-25 15:00:00,8.3,188.82,8.85,0.0,False,False,True,False
2023-12-25 16:00:00,8.7,134.28,9.66,0.0,False,False,True,False
2023-12-25 17:00:00,9.4,359.64,,0.0,False,False,True,False
2023-12-25 18:00:00,9.4,25.2,2.82,0.0,False,True,True,False
2023-12-25 19:00:00,9.4,14.4,,0.0,False,False,False,False
2023-12-25 20:00:00,9.4,7.2,,0.0,False,False,False,False
2023-12-25 21:00:00,8.9,18.0,,0.0,False,False,False,False
2023-12-25 22:00:00,8.9,21.6,,0.0,False,False,False,False
2023-12-25 23:00:00,8.3,359.64,,0.0,False,False,True,False
2023-12-26 00:00:00,7.8,7.2,9.66,0.0,False,False,False,False
2023-12-26 01:00:00,7.8,21.6,8.05,0.0,False,False,False,False
2023-12-26 02:00:00,7.8,18.0,6.44,0.0,False,False,False,False
2023-12-26 03:00:00,7.27,246.36,4.56,0.0,False,True,True,False
2023-12-26 04:00:00,6.7,133.08,4.83,0.0,False,True,True,False
2023-12-26 05:00:00,6.7,14.4,4.83,0.0,False,True,False,False
2023-12-26 06:00:00,6.7,154.68,4.29,0.0,False,True,True,False
2023-12-26 07:00:00,7.2,188.28,4.83,0.0,False,True,True,False
2023-12-26 08:00:00,7.5,359.64,4.83,0.0,False,True,True,False
2023-12-26 09:00:00,7.8,7.2,4.83,0.0,False,True,False,False
2023-12-26 10:00:00,7.8,359.64,6.44,0.0,False,False,True,False
2023-12-26 11:00:00,7.8,359.64,6.44,0.0,False,False,True,False
2023-12-26 12:00:00,7.8,359.64,4.83,0.0,False,True,True,False
2023-12-26 13:00:00,8.3,3.6,6.44,0.0,False,False,False,False
2023-12-26 14:00:00,8.9,7.2,6.44,0.0,False,False,False,False
2023-12-26 15:00:00,8.9,359.64,6.44,0.0,False,False,True,False
2023-12-26 16:00:00,8.9,359.64,6.44,0.0,False,False,True,False
2023-12-26 17:00:00,9.4,359.64,8.85,0.0,False,False,True,False
2023-12-26 18:00:00,10.6,14.4,6.44,0.0,False,False,False,False
2023-12-26 19:00:00,10.0,359.64,6.44,0.0,False,False,True,False
2023-12-26 20:00:00,10.0,359.64,6.44,0.0,False,False,True,False
2023-12-26 21:00:00,8.3,129.6,9.66,0.0,False,False,True,False
2023-12-26 22:00:00,8.23,277.83,8.85,0.0,False,False,True,False
2023-12-26 23:00:00,7.87,255.36,6.97,0.0,False,False,True,False
2023-12-27 00:00:00,7.8,32.4,6.44,0.0,False,False,True,False
2023-12-27 01:00:00,7.8,359.64,6.44,0.0,False,False,True,False
2023-12-27 02:00:00,7.8,359.64,6.44,0.0,False,False,True,False
2023-12-27 03:00:00,7.8,50.4,6.44,0.0,False,False,True,False
2023-12-27 04:00:00,7.2,183.42,8.05,0.0,False,False,True,False
2023-12-27 05:00:00,7.8,7.2,9.66,0.0,False,False,False,False
2023-12-27 06:00:00,7.2,359.64,,0.0,False,False,True,False
2023-12-27 07:00:00,7.87,20.4,8.05,0.0,False,False,False,False
2023-12-27 08:00:00,7.2,359.64,8.05,0.0,False,False,True,False
2023-12-27 09:00:00,7.2,18.0,6.44,0.0,False,False,False,False
2023-12-27 10:00:00,7.8,359.64,4.83,0.0,False,True,True,False
2023-12-27 11:00:00,7.8,18.0,4.83,0.0,False,True,False,False
2023-12-27 12:00:00,7.4,20.4,4.02,0.0,False,True,False,False
2023-12-27 13:00:00,7.8,188.82,5.63,0.0,False,False,True,False
2023-12-27 14:00:00,7.8,18.0,4.83,0.0,False,True,False,False
2023-12-27 15:00:00,7.8,32.4,6.44,0.0,False,False,True,False
2023-12-27 16:00:00,8.3,133.08,6.44,0.3,True,False,True,False
2023-12-27 17:00:00,8.6,19.8,8.85,0.3,True,False,False,False
2023-12-27 18:00:00,8.6,190.62,,0.0,False,False,True,False
2023-12-27 19:00:00,8.3,18.0,,0.0,False,False,False,False
2023-12-27 20:00:00,8.3,18.0,,0.0,False,False,False,False
2023-12-27 21:00:00,8.3,28.8,,0.0,False,False,True,False
2023-12-27 22:00:00,8.3,28.8,,0.0,False,False,True,False
2023-12-27 23:00:00,8.3,18.0,,0.3,True,False,False,False
2023-12-28 00:00:00,8.9,21.6,,0.2,True,False,False,False
2023-12-28 01:00:00,8.9,18.0,9.66,0.3,True,False,False,False
2023-12-28 02:00:00,8.95,188.82,3.62,2.3,True,True,True,False
2023-12-28 03:00:00,9.28,18.9,4.63,3.8,True,True,False,False
2023-12-28 04:00:00,10.0,87.77,4.12,10.6,True,True,True,False
2023-12-28 05:00:00,10.0,21.6,4.29,12.0,True,True,False,False
2023-12-28 06:00:00,10.0,21.6,2.41,7.9,True,True,False,False
2023-12-28 07:00:00,10.0,18.0,2.82,10.4,True,True,False,False
2023-12-28 08:00:00,10.0,19.8,3.82,49.6,True,True,False,False
2023-12-28 09:00:00,10.0,28.08,4.12,9.4,True,True,True,False
2023-12-28 10:00:00,10.0,21.6,,0.0,False,False,False,False
2023-12-28 11:00:00,10.6,21.6,,64.7,True,False,False,False
2023-12-28 12:00:00,10.6,18.0,,0.0,False,False,False,False
2023-12-28 13:00:00,10.6,21.6,4.02,0.3,True,True,False,False
2023-12-28 14:00:00,10.6,23.4,4.83,1.0,True,True,False,False
2023-12-28 15:00:00,11.7,25.2,,0.0,False,False,True,False
2023-12-28 16:00:00,12.2,18.0,,0.0,False,False,False,False
2023-12-28 17:00:00,12.8,18.0,,0.5,True,False,False,False
2023-12-28 18:00:00,12.2,7.2,,0.0,False,False,False,False
2023-12-28 19:00:00,11.7,187.02,3.82,0.0,False,True,True,False
2023-12-28 20:00:00,11.1,359.64,2.55,0.0,False,True,True,False
2023-12-28 21:00:00,11.1,150.34,3.3,0.0,False,True,True,False
2023-12-28 22:00:00,10.6,359.64,3.22,0.0,False,True,True,False
2023-12-28 23:00:00,10.4,51.6,7.24,1.0,True,False,True,False
2023-12-29 00:00:00,10.0,18.0,4.83,0.3,True,True,False,False
2023-12-29 01:00:00,10.0,225.14,4.99,1.0,True,True,True,False
2023-12-29 02:00:00,9.45,16.2,4.63,1.1,True,True,False,False
2023-12-29 03:00:00,9.4,246.96,4.02,0.3,True,True,True,False
2023-12-29 04:00:00,9.4,273.33,5.63,31.0,True,False,True,False
2023-12-29 05:00:00,9.0,230.18,4.18,1.0,True,True,True,False
2023-12-29 06:00:00,8.9,359.64,3.08,0.5,True,True,True,False
2023-12-29 07:00:00,8.92,302.7,4.16,0.0,False,True,True,False
2023-12-29 08:00:00,8.93,271.53,3.92,2.5,True,True,True,False
2023-12-29 09:00:00,8.9,273.33,4.53,0.0,False,True,True,False
2023-12-29 10:00:00,8.9,359.64,6.44,0.0,False,False,True,False
2023-12-29 11:00:00,8.9,359.64,4.56,3.8,True,True,True,False
2023-12-29 12:00:00,9.23,263.76,6.04,0.0,False,False,True,False
2023-12-29 13:00:00,10.0,221.22,9.66,0.0,False,False,True,False
2023-12-29 14:00:00,10.8,359.64,,0.0,False,False,True,False
2023-12-29 15:00:00,11.4,224.82,,0.0,False,False,True,False
2023-12-29 16:00:00,11.7,359.64,,0.0,False,False,True,False
2023-12-29 17:00:00,12.2,86.4,,0.0,False,False,True,False
2023-12-29 18:00:00,12.8,359.64,,0.0,False,False,True,False
2023-12-29 19:00:00,12.2,359.64,,0.0,False,False,True,False
2023-12-29 20:00:00,11.1,359.64,,0.0,False,False,True,False
2023-12-29 21:00:00,10.6,104.4,,0.0,False,False,True,False
2023-12-29 22:00:00,10.0,359.64,,0.0,False,False,True,False
2023-12-29 23:00:00,9.4,100.8,,0.0,False,False,True,False
2023-12-30 00:00:00,9.4,359.64,,0.0,False,False,True,False
2023-12-30 01:00:00,8.15,359.64,,0.3,True,False,True,False
2023-12-30 02:00:00,8.3,359.64,,0.3,True,False,True,False
2023-12-30 03:00:00,8.3,108.0,,0.0,False,False,True,False
2023-12-30 04:00:00,8.3,359.64,,1.3,True,False,True,False
2023-12-30 05:00:00,7.8,359.64,,0.3,True,False,True,False
2023-12-30 06:00:00,7.2,359.64,,0.0,False,False,True,False
2023-12-30 07:00:00,6.7,97.2,,0.0,False,False,True,False
2023-12-30 08:00:00,5.6,359.64,,0.0,False,False,True,False
2023-12-30 09:00:00,5.0,100.8,,0.0,False,False,True,False
2023-12-30 10:00:00,4.4,97.2,,0.0,False,False,True,False
2023-12-30 11:00:00,3.9,97.2,,0.3,True,False,True,False
2023-12-30 12:00:00,4.4,97.2,,0.0,False,False,True,False
2023-12-30 13:00:00,4.4,359.64,,0.0,False,False,True,False
2023-12-30 14:00:00,5.0,90.0,,0.0,False,False,True,False
2023-12-30 15:00:00,6.1,97.2,,0.0,False,False,True,False
2023-12-30 16:00:00,6.7,93.6,,0.0,False,False,True,False
2023-12-30 17:00:00,6.7,93.6,,0.0,False,False,True,False
2023-12-30 18:00:00,6.97,187.08,,0.0,False,False,True,False
2023-12-30 19:00:00,7.2,359.64,,0.0,False,False,True,False
2023-12-30 20:00:00,7.8,97.2,,0.0,False,False,True,False
2023-12-30 21:00:00,7.2,359.64,,0.0,False,False,True,False
2023-12-30 22:00:00,7.2,359.64,,0.0,False,False,True,False
2023-12-30 23:00:00,6.7,104.4,,0.0,False,False,True,False
2023-12-31 00:00:00,6.1,111.6,,0.0,False,False,True,False
2023-12-31 01:00:00,5.6,359.64,,0.0,False,False,True,False
2023-12-31 02:00:00,5.0,359.64,,0.0,False,False,True,False
2023-12-31 03:00:00,4.4,359.64,,0.0,False,False,True,False
2023-12-31 04:00:00,4.4,359.64,,0.0,False,False,True,False
2023-12-31 05:00:00,4.4,108.0,,0.0,False,False,True,False
2023-12-31 06:00:00,5.0,359.64,,0.0,False,False,True,False
2023-12-31 07:00:00,5.0,359.64,,0.0,False,False,True,False
2023-12-31 08:00:00,4.4,359.64,,0.0,False,False,True,False
2023-12-31 09:00:00,4.4,359.64,,0.0,False,False,True,False
2023-12-31 10:00:00,4.4,359.64,,0.0,False,False,True,False
2023-12-31 11:00:00,3.9,111.6,,0.0,False,False,True,False
2023-12-31 12:00:00,4.4,100.8,,0.0,False,False,True,False
2023-12-31 13:00:00,5.0,359.64,,0.0,False,False,True,False
2023-12-31 14:00:00,5.6,359.64,,0.0,False,False,True,False
2023-12-31 15:00:00,5.6,359.64,,0.0,False,False,True,False
2023-12-31 16:00:00,6.1,359.64,,0.0,False,False,True,False
2023-12-31 17:00:00,6.1,108.0,,0.0,False,False,True,False
2023-12-31 18:00:00,6.1,359.64,,0.0,False,False,True,False
2023-12-31 19:00:00,6.1,97.2,,0.0,False,False,True,False
2023-12-31 20:00:00,6.0,93.6,,0.0,False,False,True,False
2023-12-31 21:00:00,6.1,100.8,,0.0,False,False,True,False
2023-12-31 22:00:00,6.1,111.6,,0.0,False,False,True,False
2023-12-31 23:00:00,6.1,359.64,,0.0,False,False,True,False
